,sha1,project
0,00092a4323f35b8e7489bc57d03cc2a798cdd057,vida-nyu_reprozip
1,001df9285761c6595f20aefb207446b96d48f80c,vida-nyu_reprozip
2,00289bae9797b3f95c0960d3307cda461ce7d6f6,vida-nyu_reprozip
3,004c75dc60b0355499ca9f691ae9ba1232bfe318,vida-nyu_reprozip
4,00617b8d1192fb951c6606bf2c6f51b59f150341,vida-nyu_reprozip
5,0061e8c5de80cb5467caf5ad6be119be6f8533e0,vida-nyu_reprozip
6,0072c7cfe4772a5b831cb9fd67d4e9413d29725a,vida-nyu_reprozip
7,0074136d6f789f4c4edb466e62b291209467e056,vida-nyu_reprozip
8,00775388d12e55f40a4a755f1c341c26b7e882a6,vida-nyu_reprozip
9,00784cdf3be0b964b1be7890a9ade0abd88d545d,vida-nyu_reprozip
10,007e74685a11adf0f3ed32a7dc419f7c5d5df69a,vida-nyu_reprozip
11,0084866e30dea79bae24350dbe078748e5d762a0,vida-nyu_reprozip
12,0091188c2dda264cfff4036070feb70da5913bcf,vida-nyu_reprozip
13,00acb9bec4671c0fc5cf40fee378a49ccdb6da23,vida-nyu_reprozip
14,00bf72711c78eab71d32e6891a9fd190a9b5e2c8,vida-nyu_reprozip
15,00d7aeabe20b56c9ab52af518d365d71cb9983b5,vida-nyu_reprozip
16,00e75f3c85a6222d90fb87251f0ec73b006d316f,vida-nyu_reprozip
17,00f1603a38c86dd3ac2e973acb163718d461d17a,vida-nyu_reprozip
18,00f294f68a2341b00c7018585ccd7e1901eba500,vida-nyu_reprozip
19,00f636c2f410a54a6e84ae674393690a2e85cecb,vida-nyu_reprozip
20,0116e1696ea99e404a101ac6610893c33db507f2,vida-nyu_reprozip
21,012193a2c4768ab01d6acb443d08a50c66b7f8c3,vida-nyu_reprozip
22,012e5653c51d88fbdc9fc6f22d9da99ea887dfb1,vida-nyu_reprozip
23,0157c905d8af0a6d460b183b56c1844486afbe51,vida-nyu_reprozip
24,01619a1e00046a8d43824b5ba96e56fa72f929f8,vida-nyu_reprozip
25,0172bdeb5f28e4ef7c17ebb9355020b0ac45fc6b,vida-nyu_reprozip
26,017be33180a8840bd76e08b6b6f33ae9e84115e9,vida-nyu_reprozip
27,01948c66650d54877378dce35462c47c0f549be8,vida-nyu_reprozip
28,0198a4ff1b0c81823071515412a67eef333bbec4,vida-nyu_reprozip
29,019f605d58cf8b21ab952a147e1452abdaca3a5a,vida-nyu_reprozip
30,01e5da154f902c2792177adf5748fa370ebeb8bd,vida-nyu_reprozip
31,020a9c657f86ab77d8c32576aa27f172ff3a4bae,vida-nyu_reprozip
32,0215b1d19cdcfb6f0fa369b2e05e0c7c546a4304,vida-nyu_reprozip
33,023122a72a3cacc21663e7bf313e48eca8d5b913,vida-nyu_reprozip
34,0243990897e3a904eacdf9df339c5600b91233fa,vida-nyu_reprozip
35,028145d095e99ea3bb2e03ede1a4092da826717d,vida-nyu_reprozip
36,02a3686f2f2cdd0c314e69941871e215789b4a0f,vida-nyu_reprozip
37,02afdd7a01ad8f48204f9cc53b6a195cf98711a6,vida-nyu_reprozip
38,02dd1d7b846c3dd4417676748cd65755a4a196ba,vida-nyu_reprozip
39,02e3820772f76debfa3b0621dccfa0b3d379c138,vida-nyu_reprozip
40,02f2c8dccf818d88330d35c9d23a62ae608854c2,vida-nyu_reprozip
41,02f5dfc0b11c56bd337472eab8a24983a2871d84,vida-nyu_reprozip
42,0302a38742d8597a1b56df192187f9c687246c7b,vida-nyu_reprozip
43,03227930be8b2b7a0d4134063fa1f2c4e1efe557,vida-nyu_reprozip
44,034625647aee2f6302e870e344b076bbf0c0f20d,vida-nyu_reprozip
45,034e1d06225fbc37c8608eb675e1c9d0b560d072,vida-nyu_reprozip
46,036cb654e1be6175b410e5c577fc0bbd47f8a4d2,vida-nyu_reprozip
47,03c3c84e74585ce51a788c088516dacb8b175b35,vida-nyu_reprozip
48,03e79badf76853303b92237fa5f8d7d902a80e47,vida-nyu_reprozip
49,040a50e044398c69125b97e8d9ac76f250d8c2ae,vida-nyu_reprozip
50,040c4a880fc06d216c2c1cf871f82e5e9992f57e,vida-nyu_reprozip
51,040dd676f40b0d9291a58da7be181a5c331fc2b5,vida-nyu_reprozip
52,0412ab547feef5153d960f3df396a2dec1cb1310,vida-nyu_reprozip
53,0418ea48154ef3effa4e7153095e3eb6f580dcea,vida-nyu_reprozip
54,041e80fa39ad5893d3df3e12807f3f120812e109,vida-nyu_reprozip
55,047729c483a1f1c266c4ac3b6af5c3c2ae44c135,vida-nyu_reprozip
56,047aa2750d630699755f5ecd2755ba03f3d87054,vida-nyu_reprozip
57,0490f3ff07dad00b99948b118fcafa6427e77bf6,vida-nyu_reprozip
58,04922a535e8120f2cda21fdc0fee95336bb422de,vida-nyu_reprozip
59,04a43b346a59a36b4e4e9605e25c79a410295fab,vida-nyu_reprozip
60,04b3f05e2a60c02d1d0fd93eba7d0b40cb4de17b,vida-nyu_reprozip
61,04c4a981974021d724ca2e64e30aa744e5f1709f,vida-nyu_reprozip
62,04c53152a70430bae6242403f8dc77559755c33a,vida-nyu_reprozip
63,04d175aaa64102d07348de9722993b30207584ef,vida-nyu_reprozip
64,04dc8e9af3d6cd75187a95e4c0bde43a226291e0,vida-nyu_reprozip
65,04e2691c62eb470ecafa7aa0631f84ac9b12b2ac,vida-nyu_reprozip
66,04f062d4dff8f2c23bb2783ee3875c6d239eb865,vida-nyu_reprozip
67,04fc122fa0d29a9f48c5b2a2729862d425ab60f6,vida-nyu_reprozip
68,050f9326b63ac2cd17cfba3a98d99641294b4c29,vida-nyu_reprozip
69,05163e886b96fe099467691726058d11d2edab6e,vida-nyu_reprozip
70,0518ab7166135cc12c03d33b972d02b0efddf79c,vida-nyu_reprozip
71,05285a6fa5b6a02443ace245ca865b40bf6e70e8,vida-nyu_reprozip
72,052bbeb2914b22a2200c7c28c8beeb9dbf924dec,vida-nyu_reprozip
73,05672716c4ec29a180865d73ee62e3927bd9b42a,vida-nyu_reprozip
74,057eb364dd7ac42b49f10cbb031b29817087ffd8,vida-nyu_reprozip
75,05a66a8eb75d4cea41c48c897b828d81656c1bf1,vida-nyu_reprozip
76,05a770eff94204041defef8cc8e9ce3321e9ed46,vida-nyu_reprozip
77,05a7f9c466040d149bfde7ed43a65eacc59287f8,vida-nyu_reprozip
78,05df913275a1f8e2f9d8775ad52697e5bb5a7aa7,vida-nyu_reprozip
79,061d19cd2a06e08dd4dfc6c91593d0a17d40a44c,vida-nyu_reprozip
80,0632beff246ba11eb9298ad2d08080dc91fda52c,vida-nyu_reprozip
81,063a7cb678248aa4592be26b19e2a45664829e48,vida-nyu_reprozip
82,063e079cd161f9d44977fd1d71da9d8bd8ce9cdf,vida-nyu_reprozip
83,0640eb797125c939bc5b4d85a7287c6a09819815,vida-nyu_reprozip
84,0643db9122295e1423360c3e945bc58c8dd7f48c,vida-nyu_reprozip
85,065d27e90022f67be98437cd2ce79896c750b996,vida-nyu_reprozip
86,0665301cb232d8912ab80e0b1e06eaada137f387,vida-nyu_reprozip
87,066a01b02ff84471b969be732871c296007c1bab,vida-nyu_reprozip
88,066adb3fcfa459bbe2ef073416dac112d1e61f35,vida-nyu_reprozip
89,06785678bf50e28c1ef774d1c13c0af6befdf07c,vida-nyu_reprozip
90,06897c309d55aa18ecb8116e6d3b3ee4697dd96e,vida-nyu_reprozip
91,068df76bf0e6449eeb109ec9d020ebeb5ed68963,vida-nyu_reprozip
92,06a46d4930fb2a000c7e9cb11d4c34c02f224872,vida-nyu_reprozip
93,06c15b1a9f8b6c0e65dd8b0cddc22420218e96de,vida-nyu_reprozip
94,06c7293f053b9b3cdab8518c71108fcccaaeb103,vida-nyu_reprozip
95,06cea27b1f79356b415299a046dde1af6ba28f94,vida-nyu_reprozip
96,06d89407fc42a35ac0e93947bce27d6a28d8a4e6,vida-nyu_reprozip
97,06dfc93bc76ef2d91a745c8aef11dd9720f9b7d9,vida-nyu_reprozip
98,06e59dec39563399979f5fdaa02cbd2e8570479d,vida-nyu_reprozip
99,070a66d2b9631db231dabfd08fef9831cf10081f,vida-nyu_reprozip
100,070d3f97e78d3ef9a7b05253f2da0f7172f30f52,vida-nyu_reprozip
101,07284d61f853d13dfea959c1b35daeafe25d6610,vida-nyu_reprozip
102,0747eb88e72cafe5dec84c6768cf0c67c5667730,vida-nyu_reprozip
103,074be726c658ecceb7fc24445d570bc2b19d9122,vida-nyu_reprozip
104,0752cca7abfd1d625db756d0fc7d4e9b881536e0,vida-nyu_reprozip
105,07687fb134774e5c58c2c60516ff64e77c358fc0,vida-nyu_reprozip
106,0768cf993ed07953ec7c0d72632d9b30aee0200a,vida-nyu_reprozip
107,076b21113cc94567cbd73daf734e47a52087d155,vida-nyu_reprozip
108,079e0cf58994c36df162150b63e6ca74f85ab9a5,vida-nyu_reprozip
109,07a9f77b44ec7ffd892d0be9da77f6fee10067d6,vida-nyu_reprozip
110,07ad3a314252e5f70a9da6f2af3b06f81287d3f2,vida-nyu_reprozip
111,07c8dd9f17a7576023801f2cf34c94656fa36404,vida-nyu_reprozip
112,07d848553af270a990735313363f933c8345a2ce,vida-nyu_reprozip
113,07f6eed86cc6f10e9f40afd88aa48a7616dd6832,vida-nyu_reprozip
114,07f91393944d10de2e2fd43ec659a4e639d93e80,vida-nyu_reprozip
115,08008f365e26982170774ad09478b0fc38851aab,vida-nyu_reprozip
116,080283376da90aad081f2f0b5c8ac314335b924c,vida-nyu_reprozip
117,082b0e108c6ab607a7629073dbbf3035a9c45cc2,vida-nyu_reprozip
118,082bb44f6ba5196241de24427b41d3cc99fbaadd,vida-nyu_reprozip
119,083254e572d640ac5feac24557f22a3df490590f,vida-nyu_reprozip
120,083c68747a9afba0e9c763a6ec24f927e1b5ea7a,vida-nyu_reprozip
121,0847c96f9faa2b0660d5760a60a854d93a6d0b7d,vida-nyu_reprozip
122,085d0c0a44081be2e2fcb29fd8c2d610740edf55,vida-nyu_reprozip
123,085d906ee3216a0bf06a783bfb0069873b0a3571,vida-nyu_reprozip
124,08d25878d83389e5231687394f22e245caade3e1,vida-nyu_reprozip
125,08ec6a77213eab290f2644dd74f07d6c5f90dd59,vida-nyu_reprozip
126,08ee919ef53e218a6099882c2133a4c315929e6b,vida-nyu_reprozip
127,094017b025c8cae480d2fa7f242da1b3393100f5,vida-nyu_reprozip
128,09442a12d33f0bf2344507c91af38d7a118435d9,vida-nyu_reprozip
129,09479a30000bb6588cb31e36da8c37c1cc6c1f50,vida-nyu_reprozip
130,094891770b86bf5e19ed9faf91f12ba63220aa3a,vida-nyu_reprozip
131,095d4c0b5a39676ca5abbdce09a37a5180069905,vida-nyu_reprozip
132,09612f379a25bf5e9572f97d1d4c5ab01e579659,vida-nyu_reprozip
133,099ea781217ff14ff4e8636860addb8235e16753,vida-nyu_reprozip
134,09bfd1aa12feec69b78d55bb0b2d5d1520a5d45e,vida-nyu_reprozip
135,09e416de14577e14b190ef8affd5319264cbb0c4,vida-nyu_reprozip
136,0a1c30265b5f2d56fc06d8a0c8292a39187e5c9f,vida-nyu_reprozip
137,0a2b17dc022909a334f82387c3a08723cb4964b2,vida-nyu_reprozip
138,0a3a390bb12db4080a6fdfadf2324f073ab0e710,vida-nyu_reprozip
139,0a50fe87215b9f2bce93d2ce94720551296c202d,vida-nyu_reprozip
140,0a767a3add72294bc6f1dd917fa952d3a745531f,vida-nyu_reprozip
141,0a777e149bf6e61d2df7c8c968aa38cb984aee0b,vida-nyu_reprozip
142,0a7f376b3af6f42702e303912492598aa6e55209,vida-nyu_reprozip
143,0a8227e58f96f2a7512a1175ea7936812fbdf1b1,vida-nyu_reprozip
144,0a9034f3590b7b2dfa33831e7c35bb5efeda502c,vida-nyu_reprozip
145,0a971ebbf192728ff3b44193d7e0547c809dd650,vida-nyu_reprozip
146,0aa56847d99e512f8918ea0fb2a2e2fd50165708,vida-nyu_reprozip
147,0abac009fb3abd8dac2e9a30895e844bb026fd57,vida-nyu_reprozip
148,0ad09cd41a61284f329a626f5b1aac562f4414d3,vida-nyu_reprozip
149,0ad7df53c2d548b50d17b8b56aa2cb9713ad6548,vida-nyu_reprozip
150,0af032adbb19519db6da5089271b66c731710860,vida-nyu_reprozip
151,0b126e001368cdb5026d550df1b7800fc867661f,vida-nyu_reprozip
152,0b237ea793e6472b7afae465c51c931c6e252b93,vida-nyu_reprozip
153,0b5a141e9c07be8982f33afefff978fff94d5549,vida-nyu_reprozip
154,0b7fc807348144216773eff90a21e9766df92494,vida-nyu_reprozip
155,0bb6296c87fc1325e2f8291c5f0d4a8cd2648873,vida-nyu_reprozip
156,0bc80b08232169f927ef24c374ef364584fe6f6d,vida-nyu_reprozip
157,0bc82a1e7c3bd0da0aa9597fec9f50784f490147,vida-nyu_reprozip
158,0bc8583712aa8fcb359627476506cdb34ec326ed,vida-nyu_reprozip
159,0bd8bb942f312d8616d30492514878436ae9b3b7,vida-nyu_reprozip
160,0bdbc6685ca1dd1844f442bf3caa02d65651ce06,vida-nyu_reprozip
161,0c078626fe50fcec6074aaec4ddf197e41e342f2,vida-nyu_reprozip
162,0c12b8e664467c70efb65dada47c0ee717091e83,vida-nyu_reprozip
163,0c23ebd49cec2829f7a9a5fc1dc7004062d97b9d,vida-nyu_reprozip
164,0c2e72285bf4ceab872292baea7d5fbe554d847e,vida-nyu_reprozip
165,0c332de5aa5ae2604bd279d4577b684e0716c57a,vida-nyu_reprozip
166,0c567da6b061e1134e7c2ce9e512d66f492318a4,vida-nyu_reprozip
167,0c5a2e035d13c1a2ec0ccbc0b8f105f34ecd7f85,vida-nyu_reprozip
168,0c5cac94ec89a2f4c4b3e6caca0527aa250fa586,vida-nyu_reprozip
169,0cca1f1c4e86f04ba376f5c22e373f16fabd0dd8,vida-nyu_reprozip
170,0cd36213824e27e66c537aae42d2c74d518a6f0c,vida-nyu_reprozip
171,0cd646499db8afa5e3106c1debd3db3a80976ff7,vida-nyu_reprozip
172,0ce063d9aa499fb8ebac21ee4dc5ba8b042db92f,vida-nyu_reprozip
173,0d014fb7cc049116af85d08fb98c0840bdb37da8,vida-nyu_reprozip
174,0d1782daf6a44ac1bfc344e6b672c877c47fdfc1,vida-nyu_reprozip
175,0d1f7aed5393d4ad41fca89ce2548c9e4034c730,vida-nyu_reprozip
176,0d41913a61ecc9208f81fc0429cec646978b20fb,vida-nyu_reprozip
177,0d4cab6f6021f6129b0259c312ec80a1cf59911b,vida-nyu_reprozip
178,0d4ccb94834637d8dbcc4b8ea1144c0b7735fd57,vida-nyu_reprozip
179,0d6601c375d539f9c55ce2d6bee1b93ab6fedbdf,vida-nyu_reprozip
180,0d8a408637c975a6131517ffaea36036fb7cb5dc,vida-nyu_reprozip
181,0dcd38cf0697306fae0a0ae6648f3f78fed34253,vida-nyu_reprozip
182,0dd490eb9c369bbd3f2dfdf5df63bf56ce450767,vida-nyu_reprozip
183,0dda358dd5bf6e16d106eaf263262f0523a4a8c4,vida-nyu_reprozip
184,0ddc884a32b6883d559241ddf6cb15fc924cfa83,vida-nyu_reprozip
185,0df60864ff06c16684faf43648b314a43131796c,vida-nyu_reprozip
186,0df679901b96156ed6905fa259ddd1679a966e44,vida-nyu_reprozip
187,0dfd82c9017136228c3b49c1c8abe5ef9c0f6fdb,vida-nyu_reprozip
188,0e0f4c5398c38114257823d1e6b3f37ffdb5edc5,vida-nyu_reprozip
189,0e1550db4412914c175d3bf711eb1da3ac01d9ff,vida-nyu_reprozip
190,0e15634981f3a6229d8bd3c97974eda555f550d3,vida-nyu_reprozip
191,0e19e4345e0a835ad90fdfd80387e0931cbedabe,vida-nyu_reprozip
192,0e390ad610627c16abb38ad3f25bcc49b32e7ee4,vida-nyu_reprozip
193,0e5f77250a64a8d0b283eeeb89b9c8b1554be213,vida-nyu_reprozip
194,0e68ae03b30b13880884a03e901af99587e58e96,vida-nyu_reprozip
195,0e714b356a7817485f559628a35b292123120552,vida-nyu_reprozip
196,0e9e7d82d1b99a129f1c757f792bbab533868bc1,vida-nyu_reprozip
197,0eb37f0c8c5ff1ce7cdd22ed0c1ba1e007a4de08,vida-nyu_reprozip
198,0eb3da3c277803c8c2134dcfa08a6b53f28be4cb,vida-nyu_reprozip
199,0eb6ac5c78903a33612ecdb07488a062ef635baf,vida-nyu_reprozip
200,0eb97e2ce49e6ad54423218984e32ba8416e69fb,vida-nyu_reprozip
201,0eca87bf91e8b35e013ea2bcb158f3b9e826295d,vida-nyu_reprozip
202,0ed987023d2f9715e8afbd9ffd6c6eaa009b603a,vida-nyu_reprozip
203,0edec88ab63cb1b724af291579a74a654d0bbe07,vida-nyu_reprozip
204,0f18019eccf699b8b91a51123487c9f1ba3a2650,vida-nyu_reprozip
205,0f4342dae19a5996518f6f005256920e75bd3fcc,vida-nyu_reprozip
206,0f6001dd08b786d651f03ffced5595d247f7c866,vida-nyu_reprozip
207,0f6c76aa2fe8fdb5a123ffa9bb81b562006b6620,vida-nyu_reprozip
208,0f776556e1a43977162e3f6ac5fea817727eeec3,vida-nyu_reprozip
209,0f867c5eee8acf865de448740e1587f6e5bc07f6,vida-nyu_reprozip
210,0f995cb6f01f3f9645d41ad4f4967959f2d7d4a4,vida-nyu_reprozip
211,0f9ef2a52586eb6fee2a71afd41f72d9aba0d292,vida-nyu_reprozip
212,0f9fd1d17485df20b3c24cbf842db5d48aa9224a,vida-nyu_reprozip
213,0fbb623eee46d1bae3938e0d597ccaf9f115a6d2,vida-nyu_reprozip
214,0fc8a55a82726f7972ce4c84d7eda1dbe267c53e,vida-nyu_reprozip
215,0fd78431443f19571d041ac977eab09168d88ab8,vida-nyu_reprozip
216,0feebbb480b239dd406ef87f8dc403d5d6fd6832,vida-nyu_reprozip
217,100bbcf6e10b6136e9b0f76112f2fa58cc7c2da7,vida-nyu_reprozip
218,10192972f130401f4c33f0dd130d3baf7a790fef,vida-nyu_reprozip
219,10929033542764452f6f3b74de2f6af1d025e668,vida-nyu_reprozip
220,10b4990cfc248a1e6c8f0e690c6701a48ddfffcd,vida-nyu_reprozip
221,10b6eeaac596955eada53a5dbffa626865791880,vida-nyu_reprozip
222,10c1551f1c6fdf5e4eee31c928342de862738907,vida-nyu_reprozip
223,10dc0dbadb1d8ea084f8ff250a0e6a5bd620f264,vida-nyu_reprozip
224,10e2de83cb5f210d8a570019c6165d2b6e305aa4,vida-nyu_reprozip
225,10e3c4270f32d1716478c61e66a119e882782963,vida-nyu_reprozip
226,10f552109ada57351b4e554962123144ae9717b9,vida-nyu_reprozip
227,1101c78f56a946c9b699f44428c3668f77c6db0a,vida-nyu_reprozip
228,1112fef578dc80cb7547ef30b85d2f641fa7cf8d,vida-nyu_reprozip
229,112d165fe263b192c207899293b1faf3e72df556,vida-nyu_reprozip
230,11382b408a3ae0277fed0ece800847ac2f37894e,vida-nyu_reprozip
231,113ecfc0b8c694721fe8f04d51751e8f10335759,vida-nyu_reprozip
232,11425d9af58ef694dad691037a8365fd0bb54295,vida-nyu_reprozip
233,1149989fbbc640ce97a8de65066752c103348be1,vida-nyu_reprozip
234,115673fc9544ea3538a1c4286162a8e68222dc43,vida-nyu_reprozip
235,1165dc0f84f92a6f44b2c967187d00c004cab10a,vida-nyu_reprozip
236,11929b3073ff9c4751747a4f8b79d802d821e78a,vida-nyu_reprozip
237,11a7666e66aa02591fe64d30defe2ec0ec5573ae,vida-nyu_reprozip
238,11af40d2beb883fb15c26527b2eeb79afab0eafb,vida-nyu_reprozip
239,11e9c8879a0c71d1e909e0db01e3a3b93d428689,vida-nyu_reprozip
240,11f79b50076f2f34809375b4ceafaa7f94820303,vida-nyu_reprozip
241,121d814d32e72d89760520a6b7300e887be6777e,vida-nyu_reprozip
242,122965ce0ffa56566732ace31188ea1d530f358c,vida-nyu_reprozip
243,1229d33ff3e47676d0e8eb2c705aa24a7e9fff48,vida-nyu_reprozip
244,1233db90187a3d63f937e3ad9301ada7eb313293,vida-nyu_reprozip
245,123e097a03cd7b44d6268b60973370fce18a451d,vida-nyu_reprozip
246,127028833c1020a6891d26703eaa4a7926f9c195,vida-nyu_reprozip
247,12816fe5f753567ce2e11f443cfb6e290c20a65a,vida-nyu_reprozip
248,129bcf7c3a3a65b4261bc449e6984b0a68f2e81f,vida-nyu_reprozip
249,12a88e0637d2262fec53ba70582298f0dfd903c5,vida-nyu_reprozip
250,12af68c69eda09d8e4bb459c04ef21d8b5a52222,vida-nyu_reprozip
251,12b02b6059420a70dce7832115636fd803b83426,vida-nyu_reprozip
252,12bb8f3a6a29c249cd76647175b47748a7fb130d,vida-nyu_reprozip
253,12d0aeff590172ef51ad560b4e3ccabce793eab8,vida-nyu_reprozip
254,12ff127207c3c61976bb476f853db1dad43295a9,vida-nyu_reprozip
255,1305600edcb1dfcd2f513d877f18646a8457b575,vida-nyu_reprozip
256,130702154d2d598418ff6699e122676aadaff34a,vida-nyu_reprozip
257,131daf2982c35f98f7ad6be7971045eda3896eea,vida-nyu_reprozip
258,1344e36cbef501e144c519a6b29d04827914dd90,vida-nyu_reprozip
259,13564f4ff92bc3e6437d75c3aaf6ba940ca31ceb,vida-nyu_reprozip
260,1359450d02eab8dd764af8554ac4559da696208a,vida-nyu_reprozip
261,136291ad82b4751b562a85a30f487e4d1037a7f4,vida-nyu_reprozip
262,13b97d861bc5a7387c5007411816284d240da852,vida-nyu_reprozip
263,13ca8fbcbe987ebb8ed4a8da588bf7ef2abbab5b,vida-nyu_reprozip
264,13e013d8f5b4253ded7ffff3e496beb76c94c928,vida-nyu_reprozip
265,13e3846a2147561019520452a38a3d1444d487e2,vida-nyu_reprozip
266,13ed18058fdf8c10e6de7e2f565fa3e597d72395,vida-nyu_reprozip
267,14031489d9f94eab5a4a8eab4ed30f47ecd7a9fe,vida-nyu_reprozip
268,1418554b9a20913ecfc555e096a84854fc707ef7,vida-nyu_reprozip
269,142fde0e659a5721cda7df2e027a7f5cca43f2a6,vida-nyu_reprozip
270,1437c0762d68fe06aab750418253ffed9c6b339e,vida-nyu_reprozip
271,1444a974e13508149320589257c8408933acc65a,vida-nyu_reprozip
272,144cf8d6433d47909918a559f1b2db133fa9a1e8,vida-nyu_reprozip
273,146fd22987bd797a7105a21bb65d5b5eb9eb374b,vida-nyu_reprozip
274,14739354014d33c0234f4c18948e668dbd690820,vida-nyu_reprozip
275,14864c5a8fe6c1f823083fe975c7ab8bcf2e4d41,vida-nyu_reprozip
276,1491f6d06e64aebe79a992c352800547d2eb76c3,vida-nyu_reprozip
277,149e2f52d60317d4caab3b5e53e35d5c42545624,vida-nyu_reprozip
278,14a9527286de74b02e305ac6d821dcabdacc566d,vida-nyu_reprozip
279,14b0438eefccbc9daf3cd83999b69553a79312a8,vida-nyu_reprozip
280,14b3515c3eedf9163cf5328b988af62f4c89d5e5,vida-nyu_reprozip
281,14cae656e63781504566eb5eec13ba1a2bc05d90,vida-nyu_reprozip
282,14da88488fb3602df0b1207ff61b5d0c5b182fe2,vida-nyu_reprozip
283,14db3955efa41dd2ca99f047912bc51f7758dce7,vida-nyu_reprozip
284,1503c4925542e11fcf9dada486309ae9534b2630,vida-nyu_reprozip
285,150e85a96be4eed58565dc6d1c2a54b2909b585a,vida-nyu_reprozip
286,151ad789ec2d8f60b597c8a04f1d12adb0ead84d,vida-nyu_reprozip
287,151b3e4c7a27ec8b921450e09c761a76f274290c,vida-nyu_reprozip
288,153edb0619797941f2e7e86064cd523e35deb5db,vida-nyu_reprozip
289,153fcf3316707fa2be1f50862fa2dac7620cf2ac,vida-nyu_reprozip
290,155608ca07e74a956fa2f82025d4500c81838281,vida-nyu_reprozip
291,1583fe7ff47dd3605a14c8f458ea7641ce92ce0c,vida-nyu_reprozip
292,15ae286cdfc3fb5a3a850ab1bc2d8148e2a2301d,vida-nyu_reprozip
293,15c396b473aaf9331d17a46d38271587a6b6f32d,vida-nyu_reprozip
294,15cbaba7a3e6e4a874409902a8e936e7c4580de7,vida-nyu_reprozip
295,15e8f5c2ec1345c00502b21babb65d3549880ad3,vida-nyu_reprozip
296,15ea5e4eb1edf867c53e1cc3f2c3be600aaab7f7,vida-nyu_reprozip
297,15eb51b5e828511e85cd24652a7a79ae8a6915f5,vida-nyu_reprozip
298,15f7b4717a5b773365c3277743694a5b3c3d9137,vida-nyu_reprozip
299,15fb0a1b2438f977fa86943f00d53ff75216dbbf,vida-nyu_reprozip
300,162babffadc98558334a5ccce3df6a8b9c0a3ccb,vida-nyu_reprozip
301,1672954d4875d361a3eb35a94c9d6309046af706,vida-nyu_reprozip
302,16b8792b7bb009acb4e0842a3d45c01f4eafc69b,vida-nyu_reprozip
303,16bcbef23958650fb51132a4d014f08216473461,vida-nyu_reprozip
304,16d68590e7d68da770059871a3a15f4a5d43728b,vida-nyu_reprozip
305,16f6141d56205bef6487f1b79c1f83c12494a6ce,vida-nyu_reprozip
306,170b5113d66083abc4556c6aa4884e43b8a1cb62,vida-nyu_reprozip
307,1710a7003d6fa09821c903721a9b822fb279a0cc,vida-nyu_reprozip
308,171980fb03021ae66c1b9571f4ee26723d863642,vida-nyu_reprozip
309,1759beee825b8812f3022d52490ecb3f6b80270a,vida-nyu_reprozip
310,1770495ee9cee9a6a0f0e9186d4583b4fbbba9c7,vida-nyu_reprozip
311,1780c14f063541167de7d0bc7dfe892208e3b1ba,vida-nyu_reprozip
312,17ad58512c284e48744c61587273a0893d02173a,vida-nyu_reprozip
313,17d27a2fe307f8bd950e0a3cb7c0c7170cf340c8,vida-nyu_reprozip
314,17e652f43ecad210b5f333957047a31f8f89c64c,vida-nyu_reprozip
315,17e76a790d7eb5c8b889843ea6c53b3bb043c6a3,vida-nyu_reprozip
316,17e9018a27fcbdb2a25f0d61dd3f02e8b76de48a,vida-nyu_reprozip
317,17ee7c3dd3aab8b87d00f76c166e4fd51621ef5e,vida-nyu_reprozip
318,17fbbff1e2f5ab902e52324cf2d9033588794ff2,vida-nyu_reprozip
319,17ffa505be3a4c92675216bf68a16010a023808c,vida-nyu_reprozip
320,1826ed922385d131c288eef18dc8e151fffba11d,vida-nyu_reprozip
321,183513272c072bb0468974b7cbc60a3d58e24a9a,vida-nyu_reprozip
322,183d2bf4035e5439de5a771c477ea6d5e6eae086,vida-nyu_reprozip
323,185164dcb67b380ea62513428525b1cad49aec01,vida-nyu_reprozip
324,187098a573ada3576e8f98bf8014baf6e485a421,vida-nyu_reprozip
325,18bf697e25cedc86e1c640f322da6d69bef6df9b,vida-nyu_reprozip
326,18cf1272d745595e393307c9930ad6d89080efb0,vida-nyu_reprozip
327,191890fbde3d30c625eede7c29c94c6176dcc900,vida-nyu_reprozip
328,1918c56c428ce0c07187c4cfd15e649ad5f96930,vida-nyu_reprozip
329,192b56b853b02298c6766ab52250cbe1cbf99ab7,vida-nyu_reprozip
330,192eeb55e401425abe6f297f6156135217f9160c,vida-nyu_reprozip
331,193cf57b80a6c2344bf7e114218f225cb3cd49ff,vida-nyu_reprozip
332,1941d2b7605d04f548af1469969732f0aa57fa07,vida-nyu_reprozip
333,1950e6ea23cea408771467e6970b3e5a6c411175,vida-nyu_reprozip
334,19adf656d32c7fba73e657013f3e4c4f28856735,vida-nyu_reprozip
335,19b9657514e018f1e295b249e56c31a6b988133d,vida-nyu_reprozip
336,19e0fffe1a8856ef4e8f5ca27ae48e7c57c5f348,vida-nyu_reprozip
337,1a056469cc8e2acea38e4793493d7e953da32019,vida-nyu_reprozip
338,1a2762712f1910459abb0006332b82c71114a442,vida-nyu_reprozip
339,1a58b75ac8b6944cbafdbfcab19062452e919ddc,vida-nyu_reprozip
340,1a6b473beddbcc0b83dc8c8c577a1827596397bc,vida-nyu_reprozip
341,1a6f76b571af12b993c97179dc1871749a072a7b,vida-nyu_reprozip
342,1a7309b24ba070d2ec916155964ea5a8cd1aee3a,vida-nyu_reprozip
343,1a9f8b7d49b09aa9c8f9ab7cc6f43b20c5a09f62,vida-nyu_reprozip
344,1ac5f5643e94b3fead22900418355430438ffc2f,vida-nyu_reprozip
345,1ad5ecfb794d5a5599cdac3e5ea4d689ba04aef8,vida-nyu_reprozip
346,1aedeb7625551969b4ce13cccdb166681332d952,vida-nyu_reprozip
347,1b0c31bb11d1dd14a9b17becbfef485b9949586e,vida-nyu_reprozip
348,1b116bbaa5673f0629f45f5edb8b01fed654649e,vida-nyu_reprozip
349,1b14d7976b36d2e46a6ddeaf595c1c0453ab176a,vida-nyu_reprozip
350,1b16d41e2361087f403ac6e3b9ccdafac0f9c9a5,vida-nyu_reprozip
351,1b198671a32fe6735d425432b935b32b58faa4bd,vida-nyu_reprozip
352,1b51fdaed90661674e7d9bee1e5815f2efb8a8c1,vida-nyu_reprozip
353,1b87420c0446f3636e3d06c3bce165064eaa8195,vida-nyu_reprozip
354,1b8a308cec25e4f852b0178242899e882406206c,vida-nyu_reprozip
355,1b96a1533c530e4088807ad160dc8605eb48bf2b,vida-nyu_reprozip
356,1b98b17044509b4b577ec06c77b3c9965e2c6b41,vida-nyu_reprozip
357,1ba56d75a60f2bf8a4d5b7851606d2ed27a82068,vida-nyu_reprozip
358,1bba0d69b07512169a3f199b39aad25e100a994e,vida-nyu_reprozip
359,1bc452365e90878792119ba1109b7633b73bb87b,vida-nyu_reprozip
360,1bd36bab43215fb85460b7973050f95a02816b5b,vida-nyu_reprozip
361,1bebeb768fa5fab4915cf9b9fd80bbd1bc42b789,vida-nyu_reprozip
362,1bfa80ae36d4ed8295670d0e9a9dd19cec1dcb9b,vida-nyu_reprozip
363,1c0efda5a16cc82cf63e9d31ed78164ffdad4562,vida-nyu_reprozip
364,1c157787e36db7b25976e7f1290288389e88e6c4,vida-nyu_reprozip
365,1c3ef0b7a33033c707181c5456ed0aa36a482209,vida-nyu_reprozip
366,1c46c9d43e18b8964633d32265819b54156d7840,vida-nyu_reprozip
367,1c4adb392c28601de0b633c4763ad19c7743f97c,vida-nyu_reprozip
368,1c4f32909f49ae7259d4b983493456c3806bd222,vida-nyu_reprozip
369,1c7764ec1db61a51835fdea1187b1f7e2898bcfa,vida-nyu_reprozip
370,1c776a58fdc0485650a169b1fd1b2a437bc955c1,vida-nyu_reprozip
371,1c8c6faf016947cc5b288cc391cda46b8f69ef76,vida-nyu_reprozip
372,1ca4efe9729ad80e4af28d85f413cd25119e33c7,vida-nyu_reprozip
373,1ca8e649a7f120758a59ecaf7b00a8c29eb384fa,vida-nyu_reprozip
374,1cae9e017d8e2c4d35baf8547464274c33436f47,vida-nyu_reprozip
375,1cc14302cd2c3b4ae40d066cd3e4dc78b1ec75fa,vida-nyu_reprozip
376,1ccc92b1512445d29d4cd4f9c6eba6c1ad7af570,vida-nyu_reprozip
377,1ce9b61a814af21516e1263c9a4e91ccf22b3d5e,vida-nyu_reprozip
378,1d0842136fdd7c3f25e466bf7fa71a014bdcd694,vida-nyu_reprozip
379,1d098e444194d6b6d41e58abc28775677f38c988,vida-nyu_reprozip
380,1d270e9456e220dc55145f649c64ad1059fb89d2,vida-nyu_reprozip
381,1d28be065b35bfc923554a76f11ebbcb71847006,vida-nyu_reprozip
382,1d398731277522f96916907a3c9493bbc94e5286,vida-nyu_reprozip
383,1d3b5ea7e3b7b3fdb4d40489cfd2a33098485426,vida-nyu_reprozip
384,1d4d9efb18b18a0f787bf7f280e23cc1aae265aa,vida-nyu_reprozip
385,1d52602c7bb1221f12009136945011005852bda2,vida-nyu_reprozip
386,1d7014697e25c42669de09395a9dffed20c699a5,vida-nyu_reprozip
387,1d78a430172318c61d56f40ecbac9126a07ff759,vida-nyu_reprozip
388,1d8ea0c4d87c1bea4057e68db533334803c0c710,vida-nyu_reprozip
389,1dab6785667c4ce7d226511b9d5f55aca6ecbec1,vida-nyu_reprozip
390,1db015d9a62bac15c736c5025fc64fd7b27954bd,vida-nyu_reprozip
391,1dc27ebb9e4033ea9fa72f1e6bc6386fc9e91bdc,vida-nyu_reprozip
392,1dc6e1b8ddc7431c0fe0eaa5185bb0c6d602e643,vida-nyu_reprozip
393,1dd28edf8afc2ffc342f66b457076eadd801407f,vida-nyu_reprozip
394,1dda28f1daa891dde1a13295f859f9f47c618881,vida-nyu_reprozip
395,1ddd357206e8f908a7cf08857e4a8b096c5b9951,vida-nyu_reprozip
396,1e217ff86cff3a67b71549cac3857d762563f8da,vida-nyu_reprozip
397,1e3dc74cc6495994e74c7d55f11301b6702048aa,vida-nyu_reprozip
398,1e46c360c098326ce38097405b68e48a00cadb08,vida-nyu_reprozip
399,1e508e952683cd7fb676700ed2ddc72687b9cdcf,vida-nyu_reprozip
400,1e54b6e801994afccfdf2a8c13512dce601fc106,vida-nyu_reprozip
401,1e5f3ab36c85a73f6d42389c04406878486e2058,vida-nyu_reprozip
402,1e6070444d9eb3b15f71ce82e242c79d0aaa38d8,vida-nyu_reprozip
403,1ea337025fed1c8816b17d02725dc93cfb0a02f4,vida-nyu_reprozip
404,1ea63aed5354f32510e003b556cda2eeb29de58c,vida-nyu_reprozip
405,1eaa62751c33b2b837f3dc636e74a727d7d8a9dc,vida-nyu_reprozip
406,1ebf14ee24c368ac2d184865487bda1056f76f0e,vida-nyu_reprozip
407,1ecca0bc954fb73bb408dd81c308eb66f33c9d50,vida-nyu_reprozip
408,1ee16abe4186ab376f66c5ecafd409d418a98b19,vida-nyu_reprozip
409,1f01aab1c2a39b6c00ebf96022215e26e902e240,vida-nyu_reprozip
410,1f02705df24af7ee476387fd646b46915eb27948,vida-nyu_reprozip
411,1f07fd5bd09c2ff2fbb831bf299a0e4f42fceb47,vida-nyu_reprozip
412,1f14ad0d646b4ab5a4a9bf296ae483d390dda758,vida-nyu_reprozip
413,1f1b6b9e1b4985b36299f89373124c52a1071a9e,vida-nyu_reprozip
414,1f24d150c8f7eef4965ff2a9f5e433eecad74cfb,vida-nyu_reprozip
415,1f2661a49b1fc70ee8abc0de1ba1b3c91e5abf0a,vida-nyu_reprozip
416,1f2b64d4cf97ba809ceb6859157da30d89b0121c,vida-nyu_reprozip
417,1f3762c3e38db47a052cc3c90116a3aba3e0eb02,vida-nyu_reprozip
418,1f3dd89c2ac34088b4519c7aab877318e5ca7a3b,vida-nyu_reprozip
419,1f68027e713a77768f224d0a1898aafbc4c93e7f,vida-nyu_reprozip
420,1f69036753d280f0948ea718829eb3ecb722d454,vida-nyu_reprozip
421,1f7019df1b3a448278c48d68dd846166ae8b859c,vida-nyu_reprozip
422,1f7c8063763d8416b9715d7c93c4080a839e2927,vida-nyu_reprozip
423,1f8b33b5a9acb686b22cf3c9311a22b3d7e0b49a,vida-nyu_reprozip
424,1fadd268d40fec71aebc1dddf670caedfa411361,vida-nyu_reprozip
425,1fb4df561f48028a17218038efe351d978a52953,vida-nyu_reprozip
426,2022b60add264468f2a9dce7e661d846002c0d4a,vida-nyu_reprozip
427,20492a4b716b5547a6ebdf342de29e62b29726d4,vida-nyu_reprozip
428,20582148a31911c95062f7bc69ce248295ceebfd,vida-nyu_reprozip
429,20600ebd9459f615584beed4d82bd4c8f57b405c,vida-nyu_reprozip
430,2066d5724ef67418d2eb091b511cc93c2539b834,vida-nyu_reprozip
431,207c353cf45b99f1f78690689681c7bb4eecd0e1,vida-nyu_reprozip
432,208a25d95db5eec1b4b97c65349f1f14fb25a241,vida-nyu_reprozip
433,208d41c58c79b3628ede5733499a4be725320ac4,vida-nyu_reprozip
434,2096218d89ad3863e65aa51f984275b4dbed16f6,vida-nyu_reprozip
435,20b3b6f77e42248f6c2576b16aaf6246971ee889,vida-nyu_reprozip
436,20b8f8a2a61cd71f6eaf32d25b6050e58107d2a2,vida-nyu_reprozip
437,20c8782f3b71fbfc91adeec266b7d715d5962edb,vida-nyu_reprozip
438,20cb63920725521aa3a2615971549a423b7dd2c6,vida-nyu_reprozip
439,20f4a8800919a4ac1c5affdaa7f72ca2e55909f0,vida-nyu_reprozip
440,20f4d0d2750a28ab1829d4c782c2e6f7eeb18e7d,vida-nyu_reprozip
441,20fbd29febd7f97c53e0754045b05ce83d00a58b,vida-nyu_reprozip
442,212eef0042b900194da464ab2b90f100f7c7745c,vida-nyu_reprozip
443,216340604d52a9ea3d974f34d64ee775a867adf3,vida-nyu_reprozip
444,217f03605a9a795320c16ff62b8c8b5e23041ff0,vida-nyu_reprozip
445,2189b089a282514661dde15f31efea6415dd42f9,vida-nyu_reprozip
446,21c7873d0b37935bd9915216930ccc8abbe18ec7,vida-nyu_reprozip
447,21ced648db7176dfa2bc0cca5f4e705207864fe6,vida-nyu_reprozip
448,21eed95da772bf527d36044a181fb9fa154c5a17,vida-nyu_reprozip
449,2207987da6ae6fb7e256fc4a197366a881680e5c,vida-nyu_reprozip
450,221379e62389b0a4d1a2b6ae9b5a730d242fcd2f,vida-nyu_reprozip
451,2234d1df661766a712188b342a1b7a2e75a16f6a,vida-nyu_reprozip
452,224b94649a02ee884cf291d8ee0b47295a3fcd56,vida-nyu_reprozip
453,224bf9a196ad6782a65fb820cd4e724a59e97b29,vida-nyu_reprozip
454,2252fcfa77e80e99af052f6c8a86f33c50391fd3,vida-nyu_reprozip
455,22680b0e48bd77ab1345e65e285d395577885206,vida-nyu_reprozip
456,22782a09141450fe2c52e3a0c5342bcfd1f12b80,vida-nyu_reprozip
457,227cdccaec1fc2db565385fadc1e3c8e6ec2aec0,vida-nyu_reprozip
458,229426fd067225e7a6d5fd8b757edae05e7568a3,vida-nyu_reprozip
459,2299051bac6427d75deac5b7a45d293e5f18e4d1,vida-nyu_reprozip
460,22a29c16791765692daca5bd0a63b5d9821cb750,vida-nyu_reprozip
461,22bdb99719f16f9d191062a4cf258741bb96beec,vida-nyu_reprozip
462,22e8ff582d22fcb00c6ff6098ae0fffccd10dc4a,vida-nyu_reprozip
463,22fce45be400b3a5b9fe6cd68c745b901e671baa,vida-nyu_reprozip
464,22fd88769ba3c1ca181caec91710d3b3369d3f94,vida-nyu_reprozip
465,23070ddb24bc85fccc4b5f227808484b4602f7e5,vida-nyu_reprozip
466,2313bdee1034f3a78d943f5ad42df6e8a9cfba76,vida-nyu_reprozip
467,234ac694decba66c5ae90be73b06097b10a6eb4f,vida-nyu_reprozip
468,2389c780c68da1abdaccdd2f6a6918798557b038,vida-nyu_reprozip
469,23a82abc5b20beee928d34234af582f04232b699,vida-nyu_reprozip
470,23c939fcaef4641027d829323cede25b19b0e447,vida-nyu_reprozip
471,23cc1846269da3f258c98465d9f107dc6be92be1,vida-nyu_reprozip
472,23ce3fecac3504eef71921463e3521c8f030926f,vida-nyu_reprozip
473,23dff6cd62efce77d6b53ff07e9e80c606d18b17,vida-nyu_reprozip
474,23e272f6891aea3313a27ae995a44bee5ef45cf1,vida-nyu_reprozip
475,23e731794333d53ab9c9b273c15a715d1915f576,vida-nyu_reprozip
476,241168f73a301fe7b2635e88ce98ed2be95ce9a8,vida-nyu_reprozip
477,24207a5b3ebbe102c73c136aa359fdf835b917a6,vida-nyu_reprozip
478,24359b791d7bf57c208c0267f865839f5c703cfe,vida-nyu_reprozip
479,244115ddc28403f6f0a5400ecda9a1f3327e68b7,vida-nyu_reprozip
480,245df7eb08b814bbd958ade15b3d42bd413582f9,vida-nyu_reprozip
481,245ebc7740aeabe39a6329398edf4e3c2918fe69,vida-nyu_reprozip
482,246fc5ad036314f0b667002accaa5e112d8d120f,vida-nyu_reprozip
483,2494221bf525c44c0b0786d1157bfd794d832f65,vida-nyu_reprozip
484,249b3e5ccf04e400d69ce815ccbcfd68b396f81b,vida-nyu_reprozip
485,249d7d9a5ac22a5e9db993e43c22546527a99fc2,vida-nyu_reprozip
486,24a087e21321026a7bdf97697029f6790ac6ead8,vida-nyu_reprozip
487,24b6f5112bb3429d104ec0dd3e179af289120822,vida-nyu_reprozip
488,24bf641d1b39deec83f87d6e2e148ec6fc97ad62,vida-nyu_reprozip
489,24d523638ae719c0ec53833f32080ae4b0fab6e6,vida-nyu_reprozip
490,24e82e6944667284640667d6fb2edc0235c0699d,vida-nyu_reprozip
491,24ea48b1f899c36c0702654f2e807338a7380304,vida-nyu_reprozip
492,24f516d6539c6938c7033fbf21f462d152a5fd2b,vida-nyu_reprozip
493,2501b127e1aa5d5066be9fde03a8925710a85203,vida-nyu_reprozip
494,2522eb242e80c8cad009baa5a516e8bd0015a0a2,vida-nyu_reprozip
495,25272521841f02faa2e0b72a2bc3c50d51ff97dc,vida-nyu_reprozip
496,2528ece544549c3775c1ab3e6dfce606772c4e1b,vida-nyu_reprozip
497,256456dea80868cfb1b3ed11e185b00f023a06b9,vida-nyu_reprozip
498,25add3366cc624720e497a3da518442bc01b6942,vida-nyu_reprozip
499,25dafdf7eeb8f491e212018c0d77c9622a1237eb,vida-nyu_reprozip
500,25f5c263657d1fa51938202ad65007785ec33d6b,vida-nyu_reprozip
501,260bfbb022dc30c0db489dfa26c8454dadb702a6,vida-nyu_reprozip
502,260f6335970c98d44eae2bb8628b2415ac0e7ec5,vida-nyu_reprozip
503,263aa25ab99daa2f7d3f817eb0fe8579353b96e9,vida-nyu_reprozip
504,2643eed5a78f5180b79d6bf7b2d0d309ec7abb44,vida-nyu_reprozip
505,2648986bf96c5dc7a3bf55bb11ec54f5d183d05d,vida-nyu_reprozip
506,264b991343a8915f774b047d26ca51f3702178a0,vida-nyu_reprozip
507,266511473ea6882f9456cbe1346a835e97f1c4a1,vida-nyu_reprozip
508,267cba8c4a55460b4b65ec7dae2370b571a229e2,vida-nyu_reprozip
509,267eb2643247a597b5d4b48c30ba62248fba0ed7,vida-nyu_reprozip
510,2687e011405494137b404f18d700b1fe40187109,vida-nyu_reprozip
511,268ab094820f4a446c5d9a56af74e4f136aa260d,vida-nyu_reprozip
512,269f58273d27732b4756b89aeb8e9129ba0b7821,vida-nyu_reprozip
513,26c145f7cfd0f7e009c38779b752d5964eba3375,vida-nyu_reprozip
514,26cec7e3bb1a91e65fd1ac47d4b7ece42305fc65,vida-nyu_reprozip
515,26cf9f1b16c859623ef86434389af5ee5e99c1d4,vida-nyu_reprozip
516,26f0ea811062ca43b987531f0d5fe0c2b67c84d3,vida-nyu_reprozip
517,271ba42a23b6b263798d67e15509c1052c950c29,vida-nyu_reprozip
518,2736b2a400a421cc207fad5515c1f3f45f06816d,vida-nyu_reprozip
519,273ec622117b4395d9553adfc2c6c3d973ffb149,vida-nyu_reprozip
520,27500cdfd6b36eb25589cafa2f836a355ff69372,vida-nyu_reprozip
521,275d9189e5059de276832c5fb5df1e4e999f3fd5,vida-nyu_reprozip
522,275dfa3784869f3234dfa215ffa89c96977923f4,vida-nyu_reprozip
523,2771fc39cd9622a622efa4a85e1cfa05894b0e4b,vida-nyu_reprozip
524,2779b1c651396dd6a42b12e9b7531fb40496ce9b,vida-nyu_reprozip
525,277d1f64bc86bfa4e2cd3d8bc2cfc92139ce104b,vida-nyu_reprozip
526,279f09862468c969d0fb31a736db93a2b1228fc5,vida-nyu_reprozip
527,27a535a13a94c19a9d68d2d46c0914721efbef6c,vida-nyu_reprozip
528,27aa27fe60f92bc125779b7a4a6d3f1d7cbb57af,vida-nyu_reprozip
529,27bf83db148de3e8caf5d1ce7895b031db2e5a18,vida-nyu_reprozip
530,27f601a4b39b3676df628153a9a301d3aa173715,vida-nyu_reprozip
531,282d8908ffb903926e3f5d8561895dc699fe086a,vida-nyu_reprozip
532,283e4b882457e352b10d6d1cdf4337f9ebec59b2,vida-nyu_reprozip
533,286a403704a51e5fb5e4166d2013b2060e0f559f,vida-nyu_reprozip
534,288651325d393305357d3b50627b149fcd2af5f5,vida-nyu_reprozip
535,288cd2637ce706d1de808b60cfa6a73bdbd4ffaa,vida-nyu_reprozip
536,28b5a298e0a3f8034855efe208d9d7caa5ccb485,vida-nyu_reprozip
537,28d43713865d96a3e6058e67b166926f14d55e16,vida-nyu_reprozip
538,28e190ddc9210f3e1558bc3574d592c60de2d89b,vida-nyu_reprozip
539,28e250f8251214716b2039ade6634971f3848fc3,vida-nyu_reprozip
540,28efd61708b5274285b605b76bb59bf3a2fde222,vida-nyu_reprozip
541,29031ff836fa70849d79979bae7160fb0a02e8a8,vida-nyu_reprozip
542,2913221035225e3ba047c75fa5ca92ea0b3d2255,vida-nyu_reprozip
543,2921e0b762ef3c04f9d2be7ee9ce617acf36014b,vida-nyu_reprozip
544,292cbb2a9a654eb2aef22d915d3418804bcbd043,vida-nyu_reprozip
545,294d60fef8af4516df9cca62164b73e5ad1e6d9a,vida-nyu_reprozip
546,2959acb4a68af5072903c5ad9ab0b7c23274306a,vida-nyu_reprozip
547,295dfb91491696cadb6d4443af00edc9a809590c,vida-nyu_reprozip
548,2963ec1a27202ce7d53edfd9b4750fd66faf0b37,vida-nyu_reprozip
549,2965b25d0db3c7253d4f1fa102e97f8881ab2e74,vida-nyu_reprozip
550,297d35b415769c372848d0989c6bb0bda002c269,vida-nyu_reprozip
551,29843eb1d5f529704a695169efc433d4978e989f,vida-nyu_reprozip
552,29873645ecece171673ad55d40ee422edd05e32c,vida-nyu_reprozip
553,299f4f296451e361ee3d372ba5b62d07a8829289,vida-nyu_reprozip
554,29a783ad3390bb649c1577cebb30312a660ac050,vida-nyu_reprozip
555,29b38e2c206c70d7057e02fa619a45211036da80,vida-nyu_reprozip
556,29bdb061b5620361ad28018589ef713731e1db25,vida-nyu_reprozip
557,29dd666c025cff1ee5c7ce035efe55572e4f5e24,vida-nyu_reprozip
558,2a015f2e640dd5a54f77ca86aba45b81a947c327,vida-nyu_reprozip
559,2a199d7dcb57e0a1913392d01141d76cd48e4d84,vida-nyu_reprozip
560,2a324f79464686c1896bd5dee26c78e0bc59ac76,vida-nyu_reprozip
561,2a380fec459d35d8d3dce7de94f3a6891faa9219,vida-nyu_reprozip
562,2a4d0bcd523a8a7846106cbe4360f40543f0e4ac,vida-nyu_reprozip
563,2a4e67103440c9fef0470d201beb07c5695ea1a3,vida-nyu_reprozip
564,2a58a39c4ad513864bd626ce7f5b68b85170adca,vida-nyu_reprozip
565,2a6ebd865fbf65a79e1054ed02fcf4cfe71aa194,vida-nyu_reprozip
566,2a7625be094d2eb0799a8a3d984f27ce35c10d7d,vida-nyu_reprozip
567,2a79f5d02b485a17bad91eadb4bb8ff53c1a99a7,vida-nyu_reprozip
568,2a8a3ba899c40b1699a0ac44da6672c6aaf2ebd8,vida-nyu_reprozip
569,2a8bc87af2ec2f4a04364a7fb0cdef5d2b75295f,vida-nyu_reprozip
570,2a8c3d5c989e0a1c0ca359f37bd0667cc1f9eac5,vida-nyu_reprozip
571,2ab13d94776833ed1d880902310c430f0a710d6f,vida-nyu_reprozip
572,2ac254985ef47defe0168934fbfc6a3987b10d93,vida-nyu_reprozip
573,2ad224c6bcbb7acd800dd8bd0d2e9ed633b1191b,vida-nyu_reprozip
574,2ae8fd928242e890554e1a44c0e1de49caedeb1a,vida-nyu_reprozip
575,2af93fba5a2b88ac1c7c3dfaf51926eb5c4561ca,vida-nyu_reprozip
576,2b0220c14282ac6f58221b4af3245618301dfd5f,vida-nyu_reprozip
577,2b126cc3898769877275a50666f0ae857df5b9fa,vida-nyu_reprozip
578,2b1d685339dfcf8be45a3ecc28748987b756d421,vida-nyu_reprozip
579,2b1ed5dbefe97d19224003e3985fbfc9c6859f78,vida-nyu_reprozip
580,2b3f4cae96737cccd2d4619d5d6f51dfbff3e0a6,vida-nyu_reprozip
581,2b4934030d1d781e540f00d1f4d3dd7439953e29,vida-nyu_reprozip
582,2b4d859ba7926567382feb15b01b559439e7c39b,vida-nyu_reprozip
583,2b5c327a69f90530247d69d9c34238759445f892,vida-nyu_reprozip
584,2b5c7572b62bd8deae6f414529aad569ab0e4b6c,vida-nyu_reprozip
585,2b82352c5352e30fae95a6177186aa9747ff4ceb,vida-nyu_reprozip
586,2b86a157aaa0d79b9e521b715ce02bb650d2c9fe,vida-nyu_reprozip
587,2ba47a469aefbe0437bb1a6e508f64d800e12b90,vida-nyu_reprozip
588,2badccf0ebcc137d477213007292bb3b5290677b,vida-nyu_reprozip
589,2bcda9a2e80386cbd0f269b422ad9fa693a5b4de,vida-nyu_reprozip
590,2bea4d3b62e49d6a1741c33790d85b4f2f14b109,vida-nyu_reprozip
591,2bebcc511e81e30bfcc9f562d6b8496f785dcf0a,vida-nyu_reprozip
592,2c323cc6fe3303ff890665c0d7c436505d92ba83,vida-nyu_reprozip
593,2c32b92cbf30ad84a4cd44deaaaf95552a0b0b23,vida-nyu_reprozip
594,2c35b84eb32bc0bd6e193009e4091c0579579e59,vida-nyu_reprozip
595,2c48f37d7b92b42e2b033e717810045a02568534,vida-nyu_reprozip
596,2c4d88cd5b891a519723eae02974008c01cb3300,vida-nyu_reprozip
597,2c68950ff5e8b34e5204000b45c6171f3077e17f,vida-nyu_reprozip
598,2c9730d72b6ec0f6ab12be7782292a79a27d6541,vida-nyu_reprozip
599,2cb5772e09d7cc5650bee652df87b6e56fa377c5,vida-nyu_reprozip
600,2cb7a78471773ae51bb7cdbf60df8d66bdc8088a,vida-nyu_reprozip
601,2cc64e89285b646440627e4722e91177c8a07bf2,vida-nyu_reprozip
602,2cd68aeb2ceba3e508b653ecc3bd7e19b60d66db,vida-nyu_reprozip
603,2cd7919707e2547a4c8943e037fc98f2faecad07,vida-nyu_reprozip
604,2cdf1704b56c539d210492aaa6cbc72b58362da1,vida-nyu_reprozip
605,2d2df551f55e596eaa7e7be3977d888298049e07,vida-nyu_reprozip
606,2d432e5286b715acb4063eac6bfa2a4450fac413,vida-nyu_reprozip
607,2d445ada0b486762a7fa6a3a9f4ba4d0ec1521d4,vida-nyu_reprozip
608,2d6a0e8ac2847311e3dc838d316ddbef23edee10,vida-nyu_reprozip
609,2d6bae7cc3750ffe297782369cc16ea4f6adb98c,vida-nyu_reprozip
610,2d6c708dc17c2509b9e14141200de6426ed61ead,vida-nyu_reprozip
611,2d70760a253dca85f2cbd540540b4d2899bf2a46,vida-nyu_reprozip
612,2d9c87d555e8ddc7af7b36b8f6b8bb1b7d5f903d,vida-nyu_reprozip
613,2da4417f3c889decfab31a465cee34706976701e,vida-nyu_reprozip
614,2db931aa9d33cfb26b7e90df029ee0dceefa287f,vida-nyu_reprozip
615,2dc05ed7ccde959abd41b2c2ccc61c0c50d44ac2,vida-nyu_reprozip
616,2e0cfb84cc70b4053ac02f2dac93b9fe00168040,vida-nyu_reprozip
617,2e1f76473e0076d689ea7fbe8586a6304391e2b8,vida-nyu_reprozip
618,2e5bf613f1d6f4870cd6f487786550816d840606,vida-nyu_reprozip
619,2e67c28d44b9b648994f554fcfb856ad684c62fa,vida-nyu_reprozip
620,2e78a5f4c3f926e0f24cffc453a4a506dc86b4d6,vida-nyu_reprozip
621,2e7c37b89ad04defd6b3b88f1c653f2651398f2e,vida-nyu_reprozip
622,2ea4573748a0f3eddff574b528da42c6fc617543,vida-nyu_reprozip
623,2ea5151f8a5023d728d3b0009fee199c97bf7c72,vida-nyu_reprozip
624,2ec289d92ce223a0202f9f9a39ecc549e61e46cd,vida-nyu_reprozip
625,2eee437b38d474752e88787c27f48bb295920592,vida-nyu_reprozip
626,2f0ed48640dac4de2501edf5d707a890a0492042,vida-nyu_reprozip
627,2f46579ad9d72a96cf96b6aa7f5e6a478b22bc14,vida-nyu_reprozip
628,2f47cd723bbbf85b97399b878e51b3920299f401,vida-nyu_reprozip
629,2f69481ffd7ccaad718cf79e98a535a9fcfe2615,vida-nyu_reprozip
630,2f922ca8ff34dad9d2f29190a831ca638aa1a847,vida-nyu_reprozip
631,2fb3eb2040bd70b156bffc844efd9b7208494426,vida-nyu_reprozip
632,2fba60a8e2e03d0ae372c9aa53ddd7f9cb676009,vida-nyu_reprozip
633,2fc213d1b91816b7181eb3420054b5cdf4048e32,vida-nyu_reprozip
634,2fc334db77e53fa757afccd20b97005a6e00ee58,vida-nyu_reprozip
635,2fd6a7063b09827abab8dd2caed412b879b88655,vida-nyu_reprozip
636,2fd6ef75c2c81a0a257c3ce9bd4cde8a970c4e05,vida-nyu_reprozip
637,2fe1b8757ceddceab5a82fcbc92ca07ab8581f2b,vida-nyu_reprozip
638,3007efd5e39b51de688b21ee1c85e08d2cd65f33,vida-nyu_reprozip
639,3015ced421378a9b03ab87a749136bde867196a4,vida-nyu_reprozip
640,304b0edb1dedf292604b9e5517475fe1a5cb74c9,vida-nyu_reprozip
641,3051cc9056b3117ea4543567a53d8fe2939d693a,vida-nyu_reprozip
642,3058c93ec4cf8742f043cf24ccdf1692d58cd1b9,vida-nyu_reprozip
643,308d7b0d703d98644ea80e12fbab06dc6ea9f115,vida-nyu_reprozip
644,30ad874f72d40396bb0bb98be4199f523072458b,vida-nyu_reprozip
645,30cc73cff1fe4401580020929572f5a45082247b,vida-nyu_reprozip
646,30df5c2d5d27764927a77b65eb8047f86b4fed13,vida-nyu_reprozip
647,31087152ce305114a8bfca57de0c42c36e842d79,vida-nyu_reprozip
648,3122ad16c927f050e8592c7af1ded77df2b52565,vida-nyu_reprozip
649,313b321db01c59bd847b545b0e0b8677bd5d053d,vida-nyu_reprozip
650,31470064a3f151b511009d945bb19732783b12b8,vida-nyu_reprozip
651,316a088aaa24711f71338cb237df1a18e8e92ded,vida-nyu_reprozip
652,316ed2b06ef62cfd9d2916148d691760c9c9f4cd,vida-nyu_reprozip
653,317a8f5e42e36bd9fd7a180b8705146082bb3190,vida-nyu_reprozip
654,31930fd24d91896410a08aa9ccb5166d436140e5,vida-nyu_reprozip
655,319b55e1cacccbb87d3bd6e3aa1a0835da20a92c,vida-nyu_reprozip
656,31ec3efd7b67d7929f66f8536f6a44ae28c223f3,vida-nyu_reprozip
657,31f18e14565e8b992c1b64c120534087310a9f4a,vida-nyu_reprozip
658,31f8c5a68935c9864b4674fb8b3c00211961b5e5,vida-nyu_reprozip
659,31fb22ed4d8b06fd6265c52830452f78a5829c05,vida-nyu_reprozip
660,320baa490e566ccdc08d8de81739a07badd0c791,vida-nyu_reprozip
661,3214525d7196dda4b4ee57bf1e41ee383159e7c9,vida-nyu_reprozip
662,325012ca0ae6f99364d4b7dde7934543674f2a58,vida-nyu_reprozip
663,3267ea62d82539307d3562ae899281eacc04fbde,vida-nyu_reprozip
664,32777175a7eb7e59568d84537944d2388dec3643,vida-nyu_reprozip
665,3277c622263e3e0eb26f6b4907b1637f5205e80d,vida-nyu_reprozip
666,32794009aace43c46ccc7389ab560a26c27da285,vida-nyu_reprozip
667,329f3eab23fadc1391029ca8e93f711a20c49300,vida-nyu_reprozip
668,32b326dc20534ff364306376bb10bd7dc3d7b416,vida-nyu_reprozip
669,32d637325c868497c30de36987d33665278b06dd,vida-nyu_reprozip
670,32e451ca9f6e6af55926982c4b010e3ddc01c088,vida-nyu_reprozip
671,32e4f822e9bbea33c1cb34797a9408e35ec80457,vida-nyu_reprozip
672,32f407caf6b01d326a089e6c750e8deb8e84d6e5,vida-nyu_reprozip
673,32f9993d2777d0dba7cebf1f9a3c1ee92030a73e,vida-nyu_reprozip
674,3301deea1addf3601bfe903c4b64d8633ca298e8,vida-nyu_reprozip
675,330a42ca192b46d88e4270139d941b34f44681b3,vida-nyu_reprozip
676,33326e604776cbde0612366770564d919cedd5f7,vida-nyu_reprozip
677,3332c7ce18368705db39e040d5e63caaec044c8f,vida-nyu_reprozip
678,3347b5517afd07459471708e1861978a57191971,vida-nyu_reprozip
679,335246b058e756bab925b10ba224ce7a88d2fbc2,vida-nyu_reprozip
680,335b3d8717ae5c2592a15e5b27eda924f4f771f5,vida-nyu_reprozip
681,335de55f96163229913d24d10ba84e18b516f44e,vida-nyu_reprozip
682,33647ad572faa049782eddde6a26d731d8bc37e2,vida-nyu_reprozip
683,3375c77bf7aae15c95d0cc21d7877ab4a0f5326c,vida-nyu_reprozip
684,337b118d6a28f193efbeab736963cb8bec41d7f9,vida-nyu_reprozip
685,33800f61b9d91352d43fd2a727059c7e5df25758,vida-nyu_reprozip
686,33baaaff29524c637ba1c7dd110eb3be9adfeed5,vida-nyu_reprozip
687,33c11966c6263ce3a00136077e3b8788f5cde929,vida-nyu_reprozip
688,33c8500debffc7eb01da0d546c6309824a31ac1a,vida-nyu_reprozip
689,33e2b2ed22d418bdfa8e80696dd772a30da4630d,vida-nyu_reprozip
690,33f9a8de383fe37d976cc89afaa4e067546f2ff4,vida-nyu_reprozip
691,3419aa4c2319dd52f21a98d4da97210a6d1e1d63,vida-nyu_reprozip
692,341a7082cf773a0bce391109fb7635ee4e213d98,vida-nyu_reprozip
693,341b2f82d17520c4a92466793df6dce862016f7d,vida-nyu_reprozip
694,341b8cfaf342f11c91863aeab8bd5a01e0ac2581,vida-nyu_reprozip
695,3442eac1a0b8362a5cb235ff2ca6d0e8c444f83d,vida-nyu_reprozip
696,34465a625c3a01aca28e05a2e1370657403f723a,vida-nyu_reprozip
697,347dad2b390db37673603c2afb039331206ffad4,vida-nyu_reprozip
698,3481706c319f429f3e38af59853af0ec9b22ea34,vida-nyu_reprozip
699,349d5c786ac9b00a8c9dc6faec97b6f533b6a47c,vida-nyu_reprozip
700,34be6fb7144f01c9e4d879a64d58ff0cc986dbd3,vida-nyu_reprozip
701,34d9231ed46924fbf4d50f14ecfa4d053b92d6fc,vida-nyu_reprozip
702,34f7cbe67542dc402794d95534596b298d58ccc3,vida-nyu_reprozip
703,35083f4628555d1ce6fcde04fe4d1c3803fecbc1,vida-nyu_reprozip
704,350958513c525a328d24733fa768d534e6f766d0,vida-nyu_reprozip
705,350f810ebde3290f660aef2b8905d881ec155e82,vida-nyu_reprozip
706,351cbf82c8547ded72f5356f6a6efc563f1bc1ce,vida-nyu_reprozip
707,354ff3881f679cb280c9ba2bee512fa794d41832,vida-nyu_reprozip
708,35712555093816c64e5cddf667d3056402334798,vida-nyu_reprozip
709,3583ea2262348b8d45249ca2172ed7abc11da6ba,vida-nyu_reprozip
710,35ca70e3eb7591be25765b18868c542f1fe16e32,vida-nyu_reprozip
711,35d489e1bb8f9608bdd1a6795a600eefcf1e5d26,vida-nyu_reprozip
712,35ede1616cbeb499364aa8611ea3ee2e485e43d8,vida-nyu_reprozip
713,35eee775f4c705ddec222a2381d32bb9662d50b5,vida-nyu_reprozip
714,35f6fccb8c8483cf97d4668bf05b935035a99a04,vida-nyu_reprozip
715,35fd2462434384e75747c159c14d3ca755eb8d47,vida-nyu_reprozip
716,360bbcd3849f28662649d3e44dbff2fa4151f810,vida-nyu_reprozip
717,3647467d6a847fb4ac60d4af8072672afc3f2087,vida-nyu_reprozip
718,36498d8ea95f9976b77ce0b5f62455b1a3cb23bf,vida-nyu_reprozip
719,3657303c30f512e6d4ab02617fa0104a660fb3d7,vida-nyu_reprozip
720,365cbe42071839db93a315fe06b8f92ddb988fda,vida-nyu_reprozip
721,366fe3a96ecb5a87e9705d2999d636ce626f5a2d,vida-nyu_reprozip
722,368ec83b1e7ed066035b6797817163281e95b29f,vida-nyu_reprozip
723,36d77cc5fea8e08a9b8ed8a4e1debacc1fae0d81,vida-nyu_reprozip
724,36d9a6f55d64682e4b5aba8a3a975bdb298d36bb,vida-nyu_reprozip
725,36db6060148d020da191e01929fd4753fd46cc3f,vida-nyu_reprozip
726,36e9aafdee512d32d65b64d8c5a133f53a4419f0,vida-nyu_reprozip
727,36f5bfd4358db81d79a7fa2510488b2795b224b7,vida-nyu_reprozip
728,36fb299d65ed092f6741db9e0921b47692eb527d,vida-nyu_reprozip
729,370ca8a5f9593ecd733137256c81d2a99144a289,vida-nyu_reprozip
730,371032a48cc11fe211d35d2e1bf56d8dcff0a59a,vida-nyu_reprozip
731,3718d69a83aa688e8acef6ea94a1aa7b6d2d921b,vida-nyu_reprozip
732,371bf1c607c3d7974c63bf1ab234619b4fda3125,vida-nyu_reprozip
733,37305d7af4d5ea3cba1bbe318c4925a28ae0526e,vida-nyu_reprozip
734,373708bd6550572607188d6c46fe9218b8a70ac6,vida-nyu_reprozip
735,374173df0ec9e1eb1efba5eb4cd16fa030a70d65,vida-nyu_reprozip
736,37685e4a6b665d82d757444c15dfedfaa41e5570,vida-nyu_reprozip
737,376cbbfe69ebd465d093272d0a4e58ca943ee66e,vida-nyu_reprozip
738,3779d3f3db7ff8a957a72d8b431f2e33a023f5ed,vida-nyu_reprozip
739,377d79e1d07d2abaee9043cf67da09c2a2741803,vida-nyu_reprozip
740,37a3115571615e98a781d5b3c1c3739b5689c272,vida-nyu_reprozip
741,37c045b4af3e9ddabac287263a7c7ae3568569ef,vida-nyu_reprozip
742,37dfe78470d78abe8e85796b24478751d1f793f4,vida-nyu_reprozip
743,37e9106cef42865babaa3371ea2c68b1a1d4d54f,vida-nyu_reprozip
744,37f0e4b8ef552d39087d8066f517250275ea9a10,vida-nyu_reprozip
745,384046bf754d933f2332b02fc885ebab2efb631a,vida-nyu_reprozip
746,3862b9ebc098dbbe8a1a0fa225b259818f77e947,vida-nyu_reprozip
747,3862c8783dcfbc6f7c14c87d782d686cd712927a,vida-nyu_reprozip
748,387f643221bfe10444f62a275cf67a1b73045456,vida-nyu_reprozip
749,388a23218070f81f596aadbcd848a2756248b657,vida-nyu_reprozip
750,389c2a0cce7fce6e84ac956fb2a9581c9db4880e,vida-nyu_reprozip
751,38c646963ae220fbbec76373f93f374db1e8da75,vida-nyu_reprozip
752,38df824de1b98eb78c62dc9700ecd7491494c75e,vida-nyu_reprozip
753,390ebfc80b560f5693ddd8b95332366e9f1342ee,vida-nyu_reprozip
754,391809b173d7496ed0fa02e194b88481fe6b701a,vida-nyu_reprozip
755,391d93ae80cb50dc8aa039b2f95708b3ba3d00a1,vida-nyu_reprozip
756,3934f1648ebcce4913af938eae0db47de9aeab61,vida-nyu_reprozip
757,3937552a59d50ccc46de13555dd771b7dfd1b53b,vida-nyu_reprozip
758,394248026f8af229fc1114646adedae775cdcd47,vida-nyu_reprozip
759,394924cb23b6586a6466df7500023158889fd23d,vida-nyu_reprozip
760,396fcc41e4b692b3b53437a635a77d4781e34d14,vida-nyu_reprozip
761,398953e09e39540d7ca06012d7c7630486ba93a4,vida-nyu_reprozip
762,39b93aa8cf020c7f1e12ff2fecb9cf51662a92ea,vida-nyu_reprozip
763,39c64681938e9d5bef3e4f96943631bbdc077029,vida-nyu_reprozip
764,39cd8d3cc9153f5e85c4a89d83401db4e3dc930b,vida-nyu_reprozip
765,39d093db632222cede66a9191ab7fee8c656d4c8,vida-nyu_reprozip
766,39daea01f8399c945eb45237beeee05249dfbb18,vida-nyu_reprozip
767,39edcbb0781a6f3cc5a56a36fff398f4dcfe61c4,vida-nyu_reprozip
768,39fb8a0919d368d002e1c20b3fd8e4063f36aaab,vida-nyu_reprozip
769,3a07882133515045ca8373975c9166af14e98eb9,vida-nyu_reprozip
770,3a131c98244638aa7b0ae95d5ea123a9b3d1fbf2,vida-nyu_reprozip
771,3a257539c552603e78c5f6b99a96ca2056890476,vida-nyu_reprozip
772,3a319c81b47359c136e43fb5f5119a115ff053e1,vida-nyu_reprozip
773,3a44e028d08d1462342e014ecdce7c8f8f275158,vida-nyu_reprozip
774,3a4e5f73703022fd6c49979e811d639bb00dec06,vida-nyu_reprozip
775,3a604f361d164f0ad8f48f362fb7c78eb5108512,vida-nyu_reprozip
776,3a6b1c10443a1becdab28b0cc8d5bac7f1c93414,vida-nyu_reprozip
777,3a702da4e723cf139e75c494f784f28a1e9b5968,vida-nyu_reprozip
778,3a7cee0a54dd72e9bcc80c712394ddc7241ac7c3,vida-nyu_reprozip
779,3a80ca49a0e2dccebd061bf112719dcbd9865c40,vida-nyu_reprozip
780,3a90caad084665b575d0f4a9e0935a1f9bc15989,vida-nyu_reprozip
781,3a9eeeb552946f61563418b695942f5c4b31469c,vida-nyu_reprozip
782,3ab65b4f707a9f714042b2afa542567c6efccd2d,vida-nyu_reprozip
783,3ab6eb49449ff1384ae3aaf41750fbd10edaab29,vida-nyu_reprozip
784,3acde84f97b9ea1c45c696dc95d2786e92b57650,vida-nyu_reprozip
785,3acf36b2528a2e09efa1d6f27018671baf906909,vida-nyu_reprozip
786,3ae82f615c469578f4bd010c7e22547de06d62b9,vida-nyu_reprozip
787,3b06169af1ff347e507e212549cd7ddf558cdd6a,vida-nyu_reprozip
788,3b34f7339de011d9afcc5499142693a4c3de2e04,vida-nyu_reprozip
789,3b60402c9e9ba86424ed00175d34b484d47be79b,vida-nyu_reprozip
790,3b6d3f009ab8c4131c647c5fa0de5ea96301150d,vida-nyu_reprozip
791,3baed1d8d7ddd25e941d6b7c9e46c2542948194e,vida-nyu_reprozip
792,3bc3d28627d7c244bdf1600afa81e464ce3e60d8,vida-nyu_reprozip
793,3bc5655d89066bcc3f8647be245989b923cf8ed1,vida-nyu_reprozip
794,3bc6d7b73df6df39d9375c24b6bcd7dbd9394478,vida-nyu_reprozip
795,3be981ceb4958dce1e9a130de5defdefe09e1e6b,vida-nyu_reprozip
796,3bea20cbd2ae669a08017609262c0ec876c31901,vida-nyu_reprozip
797,3c063648a8a0d6cf0f991f29eed76b5bc20bb05f,vida-nyu_reprozip
798,3c0b60014fb309c390bb304230b41f7ef66f8c78,vida-nyu_reprozip
799,3c45401368682ab65bca2a2f92dc7e27d6016683,vida-nyu_reprozip
800,3c4568bdbfcc8fe65096e067eeaa4443393ec362,vida-nyu_reprozip
801,3c550ba639f96a0ccb9ae06cae80563cb6ba5ba5,vida-nyu_reprozip
802,3c56c199cddd340c4de860bd3f92f78574da4ba0,vida-nyu_reprozip
803,3c5dacab922000193d59e27f7fe700a8fdf46c5c,vida-nyu_reprozip
804,3c60fd335b17ff9d1466ecd248c4909e0175a1a5,vida-nyu_reprozip
805,3c74ebd829a4e8845e03f680167697da93b4df92,vida-nyu_reprozip
806,3c7612316ad72dc439628bc921e2fffcaf21059c,vida-nyu_reprozip
807,3ca312ef1f1ec1275f6e93e0bd9d637fd2959c0e,vida-nyu_reprozip
808,3ca36638f279783dc149d9d14485e9af7e7e9f27,vida-nyu_reprozip
809,3cc33d66b0b3b89ea000f16cc201c1bc82aff741,vida-nyu_reprozip
810,3cce36c59045127471665ec3178971b17b997be2,vida-nyu_reprozip
811,3d03fb6a4e8ba9a989c52c42484e448557ee9225,vida-nyu_reprozip
812,3d323b70782c3588ec79dbe15a6ea5b04a88d624,vida-nyu_reprozip
813,3d3755dbf575f3c922c8a41ae7f3e098e20171db,vida-nyu_reprozip
814,3d67bf8732608ee7f27983008f39df1c2d7e2e40,vida-nyu_reprozip
815,3d9f9129950f80cb6a57a86996cc838ee11f28f1,vida-nyu_reprozip
816,3dae0d296aa52c5dd91947f613d7b3888d006f0f,vida-nyu_reprozip
817,3db11cf61238a78488cdd9327ec0b1badc46063c,vida-nyu_reprozip
818,3df2dea2bdda959abba429d5396eb047cdf6975b,vida-nyu_reprozip
819,3df30e6cdb9e1532ae320b9d973c4e3a75675036,vida-nyu_reprozip
820,3e1ba67dcc7057b6478e0c8b946e4f38699e914c,vida-nyu_reprozip
821,3e257ad7a1731fc869a2b52a385e5b92861c6bb0,vida-nyu_reprozip
822,3e2da1e5a39c2660b6722acbc7560ffcc5898771,vida-nyu_reprozip
823,3e309d01b3aef8d92534e59ca86cf877a754a574,vida-nyu_reprozip
824,3e312512347529fb7a45a98a9078b598d32e4c60,vida-nyu_reprozip
825,3e32e4c71726486db1e27fb7d47e740cde6fff53,vida-nyu_reprozip
826,3e413e438cb5aadc7364f033ed28aa9b29d67f6c,vida-nyu_reprozip
827,3e4d7b7be0d1e1ccfb6ca17147a7c25c7a964da0,vida-nyu_reprozip
828,3e73c6009824e2ef76b6f50e9a7df3cc1005c8f1,vida-nyu_reprozip
829,3e7b48c229776ef4bab359a60404b06af50e879c,vida-nyu_reprozip
830,3e7d32c5065ed8f2a7d640b70108a75f54045e10,vida-nyu_reprozip
831,3e972355449eb6b9fb6384c4083706ee5cac1939,vida-nyu_reprozip
832,3ed68c1132b3b047f2a8669801413627a1c808a1,vida-nyu_reprozip
833,3eda2a6e055e9ed65977de9751438a50340116a2,vida-nyu_reprozip
834,3ee090dff04623db2ee93a4446bfbcd64d1c56b3,vida-nyu_reprozip
835,3ef8d58a55853648d0e5d8826f797224f1f92760,vida-nyu_reprozip
836,3f001e93b8e39db4193e98518148151db35c5de5,vida-nyu_reprozip
837,3f05aaf9cfbaf1f146a1bc4e43bd82de0c7aef80,vida-nyu_reprozip
838,3f41664b523e1916f55b406b5e0d58db96ca2d5a,vida-nyu_reprozip
839,3f49bd30cbb34789bfa33052556afdae71875cbb,vida-nyu_reprozip
840,3f4e26d2e119cd5125ecca57e8a72e41ebf275bc,vida-nyu_reprozip
841,3f5f4c643580d19669ff345ffefe935d9b3fe5a9,vida-nyu_reprozip
842,3f63a21e39a9518872c7e67190e2c1d01a5f8861,vida-nyu_reprozip
843,3f80b5398b2ced6c2914e018891627a72a184661,vida-nyu_reprozip
844,3f8543feec1a0f916a54db90d6e6221a61aa4671,vida-nyu_reprozip
845,3f8b0b9e0b62e060156857bd0d239707ea5a482b,vida-nyu_reprozip
846,3f94c5e26cdc10d8dffe9764174a5d969b5d9c9c,vida-nyu_reprozip
847,3f9a0483f56fd8b7f194f53c16d5ac3b71d1e7b2,vida-nyu_reprozip
848,3ff41ab4e89be957af60d35ca2b71928dfd151c5,vida-nyu_reprozip
849,3ffce492f90bb9b5d29c1b41a9f52e389c647a73,vida-nyu_reprozip
850,400dae62ccb40e75081a880953ce20b402ffafa5,vida-nyu_reprozip
851,401b85affe48cb23c96fbbb6839ebd754127c093,vida-nyu_reprozip
852,402c09c507c7c5bb846c51b4ddb962989c5dff63,vida-nyu_reprozip
853,403356abb8f2e1bbc582e621bdd8e79991f28ddb,vida-nyu_reprozip
854,403905683d0de7026f18b2d8253246c29c016108,vida-nyu_reprozip
855,404a6d20022b1279f08d04cdfe928c4d52867bad,vida-nyu_reprozip
856,4062d73be11e08c1f16eb7c412ee8cd33827ee47,vida-nyu_reprozip
857,40779be3affa205526f856cfa43a4403b124fdf7,vida-nyu_reprozip
858,40fe70e3ab9b576923eaedb07f017ecd97d5627b,vida-nyu_reprozip
859,410269f4d79879659630160e40d7e7b4dbd943fb,vida-nyu_reprozip
860,411a1a898680801fc3b723fe25154beeed054f74,vida-nyu_reprozip
861,415049005d6ac75eaa51ec163e91f19a23f2bca9,vida-nyu_reprozip
862,418945debafb52973547ce0a291baedfff9abf75,vida-nyu_reprozip
863,418e9e1f22c3e4ec3e90163fb67684968a2d38a3,vida-nyu_reprozip
864,419f09afe0dfaf20ccae198eab14a5c94c9f08de,vida-nyu_reprozip
865,41aa2ea48b76adb4ed7d7bf7611a48f9de97f84d,vida-nyu_reprozip
866,41ab619a9600335877f05534955f03910aec3632,vida-nyu_reprozip
867,41c3021d85edd4d5d6be20238d68b1a4b5756e62,vida-nyu_reprozip
868,41ce933036b0adb4d8e9e4fc99a665fb7f3c21b5,vida-nyu_reprozip
869,41d925f56606e47a930873031d49bedf601373fc,vida-nyu_reprozip
870,41e027ee961b3e3c014723a5c91f4756e9e70482,vida-nyu_reprozip
871,41f3f478e645089ec3eb0635c8abd1681a40852e,vida-nyu_reprozip
872,422016bd5fa39cddf2638f4a087b157bd09b1206,vida-nyu_reprozip
873,423bb2388a690b5428daa83542f569eb777f4087,vida-nyu_reprozip
874,4248ffce5bb444c44dbd17ddc47ff36e25d02506,vida-nyu_reprozip
875,424e0b2e561e2271ae4149c3f745c88cd13e7d40,vida-nyu_reprozip
876,4269f880546f95da246a6069672c47f4e30e3dee,vida-nyu_reprozip
877,4272d3f4f6cb45d1a56377a8b72a47160ba18db8,vida-nyu_reprozip
878,4296193407ef536775a44d9d02bdfc72306f6726,vida-nyu_reprozip
879,42a9ce6cbab1714507aaa711189e507c8c77cfd9,vida-nyu_reprozip
880,42b6181e8df86514d0b4e050d598686c4583d712,vida-nyu_reprozip
881,42be61658d34820e4d552a61b7b0f57c9a514bec,vida-nyu_reprozip
882,42c02333d3ad6efbe7f5891cfcd9ebe30ba1bb96,vida-nyu_reprozip
883,42cb36f1e8564b1ffa5ee9d93133941fb491b841,vida-nyu_reprozip
884,42d608ba5e1808eebac1698d8b5f4d7c6dd02929,vida-nyu_reprozip
885,42db673975bf568c1f401afaea3c2645ab11f06e,vida-nyu_reprozip
886,42f40f63cbe0f1a0f4020fe16bd20515b5085ef4,vida-nyu_reprozip
887,432584bbf4aa5ccc4840a258b793bd5618789a8b,vida-nyu_reprozip
888,432bdf19f2187f1e4f7b40a48580ef68fcabef37,vida-nyu_reprozip
889,433a52df3a901da26d89736f13e967680ce05e37,vida-nyu_reprozip
890,433ec78e1675a7c8cf543afa5e9df6377946113e,vida-nyu_reprozip
891,434f2da53dff3ed143b6dbb6d8a881633042af2e,vida-nyu_reprozip
892,43528d0a44abed8b7307b7cb5ec8249650524186,vida-nyu_reprozip
893,4358999ed1c0e713a350b6c5e2c3066add70805d,vida-nyu_reprozip
894,4362a1a5242353ae2819db4479b877a815e8ad8e,vida-nyu_reprozip
895,436768b4876ccd7dcea8fbb8d32bac59f386cc9a,vida-nyu_reprozip
896,43749ec0f699710366a710c98ab802d130c36387,vida-nyu_reprozip
897,437a5f80cff45a88c3c7f93907d44b9854304b9e,vida-nyu_reprozip
898,4396efc01c011c1bff20121066ea80e30cbbea65,vida-nyu_reprozip
899,4398886c32db0d87cdbaa52799b1ac11a45a67a6,vida-nyu_reprozip
900,43e4124e3ca3f898df344b6bd39d04d1f261a063,vida-nyu_reprozip
901,43f0defbe991139761040b67c094b9459c63f7a6,vida-nyu_reprozip
902,44072ee3a475bc3b1f7420f32163e2b60384271c,vida-nyu_reprozip
903,4429e22176384f3aa32fbc8250e61215c514d5a6,vida-nyu_reprozip
904,443804f07dc7cb8f9b25061b5783286f420aa883,vida-nyu_reprozip
905,4461c2aabe3dd75a1b1c9d926845aa2c6765a685,vida-nyu_reprozip
906,44687ce73efe7a889bf7a1ea982258e2d965c766,vida-nyu_reprozip
907,446ae5167e78d464e6903a7b5cf501f6bf92eab9,vida-nyu_reprozip
908,447202d2756e81ebcb1f29ae0e4fbf0d2c6d8c69,vida-nyu_reprozip
909,44820cc7eabcbf9e83de942a2f3bd2fa35c40c7b,vida-nyu_reprozip
910,448c90f5c812121cf01026db163046a008280ec2,vida-nyu_reprozip
911,449bebbcba0674467515383ecfbd6e9cee1f5dc1,vida-nyu_reprozip
912,44a26b78ef087f2fdca0f40ce7cddf99b2595992,vida-nyu_reprozip
913,44a271dda1431a6157024681743c1af4a7395a94,vida-nyu_reprozip
914,44d5938278af79170e9976599caf8c85334688a8,vida-nyu_reprozip
915,44d80b4d1d6968a3936bc86f7c368a3fdc305258,vida-nyu_reprozip
916,44d928615487021b342971e13aa3e818211ed2df,vida-nyu_reprozip
917,44e9f68696decd55b42f898d015cc6af0d6c9f9e,vida-nyu_reprozip
918,44ee210b932e2f844cd340d7d7591b4fc4be3a2b,vida-nyu_reprozip
919,44ef769dde17f6e17ec279262f4155194091c92e,vida-nyu_reprozip
920,45086a645705d9987e39f7e846e2c2965291fb96,vida-nyu_reprozip
921,45182f662a1b58ee503d1051bcd2dffabd5c594b,vida-nyu_reprozip
922,451b0b5eb3eb960644e18069e61b58b19d4ba27c,vida-nyu_reprozip
923,4520c65aa44e86d575ee61a845b34db00604ef38,vida-nyu_reprozip
924,4532f4b36f8cdc4351f60389a880fced0164dc94,vida-nyu_reprozip
925,4543964af9f8d404bccd90f38c945a4537959e92,vida-nyu_reprozip
926,4554fb091807473bf4c9d58a64506350059602a2,vida-nyu_reprozip
927,4555647dedc0b250c44bf6f1f9c2500c98ccfb45,vida-nyu_reprozip
928,4572004a2bbdfc76a6f632c00ad49f98e299b901,vida-nyu_reprozip
929,45aba022971635c5a1119be90809fff53211fab6,vida-nyu_reprozip
930,45ba5c4bef4b2ea5511673702d57fa329d91f345,vida-nyu_reprozip
931,45bc4c049d1a1b2e90551b457ddec4a560dd117d,vida-nyu_reprozip
932,45c3da7ebdefb96d5319391913912b3999b86b93,vida-nyu_reprozip
933,45dfe01132e10373f037e498c9276319cd5d5322,vida-nyu_reprozip
934,45e6d22518a46b014fb51e4cd90f2c4032630e29,vida-nyu_reprozip
935,45ea656a2125b1b6cb3dc797b8490e3dcbfe7bf2,vida-nyu_reprozip
936,45ed165e1a553f1efe908676e0e937b4127b98b8,vida-nyu_reprozip
937,45ef558d9211032156fe63f63839f9c9b36c368e,vida-nyu_reprozip
938,4603f56411403d051160685020c8c023ad6bda41,vida-nyu_reprozip
939,4622b8fe4810ebb53638fa7b15721349cdb09b93,vida-nyu_reprozip
940,46284697a7d4ff233eface08a2580806736ef2cd,vida-nyu_reprozip
941,46499ab274dde69572daffad95763c86e1108da9,vida-nyu_reprozip
942,464f97755a52a01c3c35e433eb0bedaa1dd7ffd9,vida-nyu_reprozip
943,46593eeea50e37f5a2327cd44585bb4620f759b8,vida-nyu_reprozip
944,465bc5c51c9208d35fd7d88ab84d2ab1902001f5,vida-nyu_reprozip
945,469bd48e6b138071c9218ac14c9bd7ae81bdcb2a,vida-nyu_reprozip
946,469d6d40d86e7a3bfd69ec901c28319b953c1b26,vida-nyu_reprozip
947,46b085669037b9755056c9209cc8fcfb26f292e9,vida-nyu_reprozip
948,46f00708db26c3e85a3e57090ed5e0615b65f805,vida-nyu_reprozip
949,4719a0d0687a7f3753bb972533ca1e81134ae224,vida-nyu_reprozip
950,4732f6a82af1a8f0fe50fe3064ba01eeca9f4390,vida-nyu_reprozip
951,474b473c5556c73a060d264dfc0ced15b66475d6,vida-nyu_reprozip
952,474ba3c357ff3aa215c4b4ecdf7eec7d08549498,vida-nyu_reprozip
953,474d80fd093f93f8da16fed12b1e93ea491066b4,vida-nyu_reprozip
954,476108c11f42885a837c98f6de3273153dad4d95,vida-nyu_reprozip
955,4762f37d4aca8985dd2980e93e68b450452a0198,vida-nyu_reprozip
956,4772323eeba809ddda8f89e048bda9725f16a0b0,vida-nyu_reprozip
957,47c6dccb252dd8b4d1040cbbcbdb276574966049,vida-nyu_reprozip
958,47cea8f5c153acfaf86995f10b94b4a552826eb0,vida-nyu_reprozip
959,47e3c9808734f7560b78b579f77bd0d7c28de78a,vida-nyu_reprozip
960,47f79dbfaada528c440eb0be634d922c03009c45,vida-nyu_reprozip
961,483b682a7b4f9259819f0d0fd606e36983acb748,vida-nyu_reprozip
962,48713caa2c62d6e986f7e2db25578229131670b1,vida-nyu_reprozip
963,4888d4963c198a804448af302d46aa040f5441c9,vida-nyu_reprozip
964,488da260938909a2e182de96ae5673c1dec7d13a,vida-nyu_reprozip
965,48ba4f62193d9d0fbd25bb96eb228d22420254d0,vida-nyu_reprozip
966,48c67cb43efd3dee20cc3619dd3ae2253bf7de44,vida-nyu_reprozip
967,48d255638e0db35f50e642e3610c0bf528d4b8c9,vida-nyu_reprozip
968,4906d55afa8e0353ab8d7918d61486f9fdffac87,vida-nyu_reprozip
969,49154228e5bde319837ecd33f455d7478f02ed48,vida-nyu_reprozip
970,491c6ff45f5d9aa0251bc9e4005cf9636292dd1c,vida-nyu_reprozip
971,4936bbeeea23fe7d9ad4c9b1fba1f50bb78338d0,vida-nyu_reprozip
972,4938a562f59676ad53ba5a4ba79ba44f56f2634c,vida-nyu_reprozip
973,495fcc3b034e2249e3324c3064f098358eeb60bb,vida-nyu_reprozip
974,49711a8393b06ad4351e809de7f690dd34a7488c,vida-nyu_reprozip
975,49919a618075fd62496db5303a9e5a3ee2f72b30,vida-nyu_reprozip
976,49b1bb04463e952883ff3e57910847dc3ceed3c4,vida-nyu_reprozip
977,49c42c3b019fc0d81cf1043f761896af347b1a2d,vida-nyu_reprozip
978,49d7c9aa2e07158f336a2582bd98cc2a98d9f4ea,vida-nyu_reprozip
979,49e887e932d1379a8d44046af6359cd8b7959c54,vida-nyu_reprozip
980,49fab818e1ba16c2465c3b609e7af27afeb80950,vida-nyu_reprozip
981,4a016fc97faee0bfe37d8b6b6927e60c070ce344,vida-nyu_reprozip
982,4a0f2cd01390b8e31b20dcf29287ba52880590dc,vida-nyu_reprozip
983,4a14c8b8a2e1d5ce90bf025d15a1a4919785eda7,vida-nyu_reprozip
984,4a189c3e3121815c1347f4dfd3bbaa8b4fa7a62e,vida-nyu_reprozip
985,4a2063b654c8855e6ae02b0d8dc9fc06a0affaba,vida-nyu_reprozip
986,4a2529a320c8bad492d5ebbca34b4497a4dbd580,vida-nyu_reprozip
987,4a27bbc56618286362d735591bcbe0f7fbedf2e2,vida-nyu_reprozip
988,4a6201553928158e07c106cf2bba16929dcf83ec,vida-nyu_reprozip
989,4ac8bb5484707db7adbec8c3e8237bdeba954407,vida-nyu_reprozip
990,4ad2da42f43188848be860eb5de3a8ecfbc38101,vida-nyu_reprozip
991,4af163fbe7535c40669171cd659c8781b90ca272,vida-nyu_reprozip
992,4b1dbd73d56d254b5a9e2847cb8e1b03dfdff550,vida-nyu_reprozip
993,4b5e18344e6a1156db5ed178ed199782ca9a74b3,vida-nyu_reprozip
994,4b684bb84cab9e0ff8276101552a2ebe96cd623a,vida-nyu_reprozip
995,4b791b1ba1aca784f299affabc046d64e2cc25c4,vida-nyu_reprozip
996,4b81b7165d2b9804328bec9b64d532c38b3bd5a7,vida-nyu_reprozip
997,4b9748f3479b9079f316d4fdc8e27e03a3eee5c4,vida-nyu_reprozip
998,4bc260ee5e281e12f9976559ef0bf72a59bd9e2b,vida-nyu_reprozip
999,4bcbf6f342efe92cd171471b2dd44c9c460c9ef6,vida-nyu_reprozip
1000,4be0841a732d541d25ef2fa12ea197b3c821cfd8,vida-nyu_reprozip
1001,4c20017f922f1b8e42d810d08c611652853eee0c,vida-nyu_reprozip
1002,4c2d959308982a4233342b6a5fd6f84f8b6af57d,vida-nyu_reprozip
1003,4c448a901225eadb8a67ea23d1cea7609cc01715,vida-nyu_reprozip
1004,4c59de8c117861e4cc9b3584c2d586188d715f1b,vida-nyu_reprozip
1005,4c60930ddbeedda5be0c8a2ca7d7f8d33d0ba801,vida-nyu_reprozip
1006,4c6dd2569d5274404bc5bbffc5ff8cff75913332,vida-nyu_reprozip
1007,4c970eb30fff67743252bc9392f3f5bf290cdcb8,vida-nyu_reprozip
1008,4ca9b5a1777bff7c0d41bd2ef90e3bad41491005,vida-nyu_reprozip
1009,4ccc0b62150bc21ad199ca234e16e00c95778748,vida-nyu_reprozip
1010,4cd00fe7e4ed6c8e7c89f228a7b11f4256155b7e,vida-nyu_reprozip
1011,4cf3fb5b13ce0bb20bfdfc63f76b4dd7edf2c111,vida-nyu_reprozip
1012,4d003eab9efbc75ab125443cc361a5ce68e4c5a4,vida-nyu_reprozip
1013,4d487179bc8b2420affb31a56a8383eba0451255,vida-nyu_reprozip
1014,4d841bd8232c72a8881ea763e12faeed9e97e422,vida-nyu_reprozip
1015,4d912593b0b70cec3980454fdeed4923d657e646,vida-nyu_reprozip
1016,4d9dd3065bf14984ccf65119e87c730bc8c19675,vida-nyu_reprozip
1017,4dde60ef20b6bf782440ab70fc77a019c87beae1,vida-nyu_reprozip
1018,4df744cb45593eb9b16b4d9dfc738376732efa0e,vida-nyu_reprozip
1019,4e0a1c039afe58c822cf08b11b5be2ed8ca6e8cf,vida-nyu_reprozip
1020,4e0eb7cdc65a03d87c0d4ac0f5e6a50537ec5dd9,vida-nyu_reprozip
1021,4e1284b8e06f8895b66a380badf01a12663cee48,vida-nyu_reprozip
1022,4e50a607ebf953daf8bd40016e93852fbb0777fe,vida-nyu_reprozip
1023,4e601f9195dff2915ce18582ad5e2cedb82ada43,vida-nyu_reprozip
1024,4e88be7c0db2499c9b9da1fbee79ec4c5cbeca37,vida-nyu_reprozip
1025,4eacff9e32dfa633adfaba53e844de13129b01dd,vida-nyu_reprozip
1026,4eb3c5d9e7c4340594aae4d7a6ac085f52c89060,vida-nyu_reprozip
1027,4ed551ebccc4ecf845b2fb840570421d6a396d29,vida-nyu_reprozip
1028,4eef9fb032b6eb631982445cf724e456131804c1,vida-nyu_reprozip
1029,4efb101ddd0883b905462d2b5b70eb0fc46bf79b,vida-nyu_reprozip
1030,4f117d967194f8fed86b03545d41a24d85f03634,vida-nyu_reprozip
1031,4f4290c1c3d7ffdd1e476ebffa58de7c879708cc,vida-nyu_reprozip
1032,4f5a95cb66ec00be8dd217ca6377be206de0e8b5,vida-nyu_reprozip
1033,4f60a31eaf16507ae2c2257d7d39769ada6ebfc9,vida-nyu_reprozip
1034,4f771f62f71496e11e7a4364aa92245fb3027353,vida-nyu_reprozip
1035,4f79b45c6e230c443eb4ef23e6017a6348a17346,vida-nyu_reprozip
1036,4f8cecfcd47caee8b17815574d464a5964fab2ed,vida-nyu_reprozip
1037,4f9853092f6196268c64ba9e64b056aeef2839bd,vida-nyu_reprozip
1038,4fa2646ce2c7279f6f174c5d20e543cccb71b0f3,vida-nyu_reprozip
1039,4fa633b8a3e1f1038b5318f73ca30c5a753ea66a,vida-nyu_reprozip
1040,4fbf9bff8e18b155170e170cb4cc85fef32f6c11,vida-nyu_reprozip
1041,4fe0aa5a63e5965720e5d828caad22a56224bb6a,vida-nyu_reprozip
1042,4ff6d58b1399649c3bc01fece203fec247e43826,vida-nyu_reprozip
1043,4ff7b81ad04413c70a5735ce744798548a046215,vida-nyu_reprozip
1044,500747f5711c8632aa27d0094ac3b9642b9affbe,vida-nyu_reprozip
1045,500f57f0a8842ca899209c002c7376a3eb19886d,vida-nyu_reprozip
1046,504081552c38fc2d0188bce98c9e84af1a7e4b0d,vida-nyu_reprozip
1047,5052a31b51ff893348a6084943a11eb873695c02,vida-nyu_reprozip
1048,506bf0ed2d41f1bc1dd9a77bde17745bb6b1fd3f,vida-nyu_reprozip
1049,50ac718c299fd58f568ee3a0ccc8d4ef9d85e18c,vida-nyu_reprozip
1050,50b1313f665b0ef0e4a325604ea997d32d9601e9,vida-nyu_reprozip
1051,50bc3fe6323e48650460b2e7f2d1b09b26b738d2,vida-nyu_reprozip
1052,50d1024ee2d5b7476080530546817c1fd17f7bec,vida-nyu_reprozip
1053,50d67918784d2ff0a9a3dcdab3c9598ed4dc7fe5,vida-nyu_reprozip
1054,50e7ebfa185ec9f79563935e7b8d6fed49b87afa,vida-nyu_reprozip
1055,50ea67508e69d76c28e83ddb1b0de37c7ba06a8c,vida-nyu_reprozip
1056,50ed65aec5a59ea3f5f49b9e1fc73f636f1c38d1,vida-nyu_reprozip
1057,50f695553d91d02cc39e985e36e85956685326ee,vida-nyu_reprozip
1058,5104de984d27215d67430cf4f298e641180359ea,vida-nyu_reprozip
1059,510a0154e3920e09d32671aa0ea1e4dfe27aa256,vida-nyu_reprozip
1060,5145b858d12a889c0c0f0e84ac7d3d5e42fcaf93,vida-nyu_reprozip
1061,514a2be6180b5c3ca92ab20a37559a9d10f5f522,vida-nyu_reprozip
1062,5153c505aa1ecbcba3c053b486f2b765bb2806a9,vida-nyu_reprozip
1063,51607a58084d35d834c2fd3b2c50b05096f66954,vida-nyu_reprozip
1064,516706e9b37c9037ef902b4079b9c351aa117a36,vida-nyu_reprozip
1065,5176220d677c4102de726c63a6a798730525e080,vida-nyu_reprozip
1066,51807db7850b0f8ff5286595840c4aa22dbcd13a,vida-nyu_reprozip
1067,51934a4f5657a25a03389a7599a5517b39e36d3a,vida-nyu_reprozip
1068,51dc0a1724cdc3d0eeb3ee641657421f3466e630,vida-nyu_reprozip
1069,51e455a161625748ab4217250a98317ddfed0da7,vida-nyu_reprozip
1070,52164300a0ed214b243d9c54b5dc6cd20e012812,vida-nyu_reprozip
1071,522993beae338ca8a9b266a37c3e543dbe6f2122,vida-nyu_reprozip
1072,522b09efb9764e0a07380eb242b6d1cdef4407c9,vida-nyu_reprozip
1073,524a016148a536780135f80dd37d1af0899fce72,vida-nyu_reprozip
1074,526b595c7fcb29a89a04380535446ad411501c46,vida-nyu_reprozip
1075,5280e7c7f5bb83e86675381ede413099d309ed22,vida-nyu_reprozip
1076,5280fde5ed86b1b964b0a96a0492292d7eceddd2,vida-nyu_reprozip
1077,52833cec018b5e857ade7ee8b0eb3488ed3a4dc5,vida-nyu_reprozip
1078,5296509384c211274fa4f168fde57d47a5232764,vida-nyu_reprozip
1079,52a98fd7c20f7482db2e7666b953a871a0361544,vida-nyu_reprozip
1080,52bb3b2253e04cceb6d4a558d990fb0ebb7cf23f,vida-nyu_reprozip
1081,52ee0fe50bb48d56fd0a95f9f15d145988d84c7d,vida-nyu_reprozip
1082,52fdd6038b18963b32e45cd94369acf86e8e49e5,vida-nyu_reprozip
1083,530799b1f028f8c9fa0fb3a49873c3ea7733379e,vida-nyu_reprozip
1084,531981b5cc22b9904dc1af726458fdaa19f79e6c,vida-nyu_reprozip
1085,532f6f7c321a196b52f4bf42e08b39d0a0f60dec,vida-nyu_reprozip
1086,5343603b50d1a23730a71b2b70a000bb717deaca,vida-nyu_reprozip
1087,53744dc7152e317146ad704c5c7b573299ccc2b0,vida-nyu_reprozip
1088,5399f991511e0d3c8d1b3c243e35464b7ebf0b8c,vida-nyu_reprozip
1089,53bf44d6f5fb1762873c5452fcf8319179661d39,vida-nyu_reprozip
1090,53c8ad71eda158d29bd8c44f0d510d1bb8a4d901,vida-nyu_reprozip
1091,53e3016c112fdd913936e0eaca68e70357bd3007,vida-nyu_reprozip
1092,53edb8717d5da4f096435887c0ae1b0b713282e4,vida-nyu_reprozip
1093,541185af99568d64f706e988766dc3691f667724,vida-nyu_reprozip
1094,5419ce34def1d20b765b624c056e62a9ce244943,vida-nyu_reprozip
1095,5426ff788d0b4eef9a66a688ed6f10eb9ed8cf33,vida-nyu_reprozip
1096,547cc50effc214c12d436ccacfe934de938bbba7,vida-nyu_reprozip
1097,54af36bb9c157b21aced0e9751428f3a1bdfe6d2,vida-nyu_reprozip
1098,54b103d67f162673e6904034221fdb1d556222a0,vida-nyu_reprozip
1099,54b829d5f58f0d59784a1a59ebe931941d30515c,vida-nyu_reprozip
1100,54bf45f03b8a63346940bad3c2d39aa5482294ca,vida-nyu_reprozip
1101,54c343e16e0458170ce35f153fa7584c0601a0ae,vida-nyu_reprozip
1102,552cbb3cb4912045bfedd15dc5d3d3c9da3a5605,vida-nyu_reprozip
1103,5535dabd39bc42f3154d54081a5dc050989b5400,vida-nyu_reprozip
1104,5556aec31da303688239dee60378d2e421c4a9e3,vida-nyu_reprozip
1105,555f25cd227b99de2e0abd9ff7b2d0cb20c6ef7e,vida-nyu_reprozip
1106,556072f3c2117380a20ab9892ed16d95fd68b279,vida-nyu_reprozip
1107,55b3814055bf7838f69a3f3d3eb9e071fd928803,vida-nyu_reprozip
1108,55c043952ab1752447a82db81431ba4f808304cd,vida-nyu_reprozip
1109,55ce8bec2bba461696ee7080e0901d726db8f021,vida-nyu_reprozip
1110,55dcafa7f143c625a5b6b82d120621d2e22667ec,vida-nyu_reprozip
1111,55e87a055156157864a20e05b6228baabdfaa0ca,vida-nyu_reprozip
1112,55f85068a18cde6fb76fbe0c461ac0434abcfce9,vida-nyu_reprozip
1113,5632ed61327bde4e15e95d7759ecc0ceb5c35fe2,vida-nyu_reprozip
1114,5679f157d319d458afc3e9a4b9d05c98eb6f898a,vida-nyu_reprozip
1115,56850621e7d1a40e847958b60f50ee7c94119588,vida-nyu_reprozip
1116,569c11dc7ebef30b5504b1141440b7799a9c9b9d,vida-nyu_reprozip
1117,56b9a9c884846b5fbc332f53fa40d742f7524af7,vida-nyu_reprozip
1118,56e92c06f176bd76ae2debecfd089094e1b9fadd,vida-nyu_reprozip
1119,56ef3bdc15bcb7e41e07e6de4cd3644e6a46c41a,vida-nyu_reprozip
1120,56f26fcd8232bd70d67034b539b8930197648efe,vida-nyu_reprozip
1121,56fccf7363e8a68d6aa2288eafe1474332a78b47,vida-nyu_reprozip
1122,57111ec648e6d85709ee829083128408dcfdb31f,vida-nyu_reprozip
1123,571582e6afe83b7a5e836b7004b415fa004930a9,vida-nyu_reprozip
1124,572d50617b629a167f5f0e1149ff4c60e770c7f0,vida-nyu_reprozip
1125,5747fdabdd1f7c7e4abee2a8e54770129a96fa63,vida-nyu_reprozip
1126,576fee9b5968679ed35ea7f5e74ad1fe9ac5e5a2,vida-nyu_reprozip
1127,578a14796c13bd1e8243b938b2794ea110f6ffe4,vida-nyu_reprozip
1128,57b64d1c5336496bdb35616c6638e910d3e8fde0,vida-nyu_reprozip
1129,57d362eb5b708fdcb816a121fb672ef42204adf0,vida-nyu_reprozip
1130,57e6968cd33670e8826109b84b935e8025e03d3c,vida-nyu_reprozip
1131,580b4e599e0a4ddfa526edc8f54afacbc6edc8de,vida-nyu_reprozip
1132,580d918e5f5afb3c2e1b35186ed1071545506a37,vida-nyu_reprozip
1133,580fbecf665789af9fce504d30a2508a193f20b7,vida-nyu_reprozip
1134,581450959566a9ddeee454a6b1ae243cb41e665f,vida-nyu_reprozip
1135,582179644ee0efe9d3fc35001bd7ba5394ace767,vida-nyu_reprozip
1136,582be5089060abed71f7843bd5d2121db838f887,vida-nyu_reprozip
1137,586d910f0482c783519e067e293f4c1d9cfa72a5,vida-nyu_reprozip
1138,587f6ecdf01563068fbc9fc3954fe400c9dac662,vida-nyu_reprozip
1139,58b257bdca2da8cc65fb05f655d1fd771c7941b5,vida-nyu_reprozip
1140,58c6876cd343910e29447c23e3f653ce05788eb1,vida-nyu_reprozip
1141,58d320d45f9912c9684e0a2068a252cf01f5ae2d,vida-nyu_reprozip
1142,58e192744056674192e63f92eff327090d62eeaf,vida-nyu_reprozip
1143,5907755be6c98fb33e92412a3500db83e40d5ce5,vida-nyu_reprozip
1144,5908ab718bdf51c32bea3e23930d0cbb3f2c6906,vida-nyu_reprozip
1145,5941b0210beb3a807e812b1ac9514f415d043967,vida-nyu_reprozip
1146,595f49e0213696d46d6cea3fdb239d8dda441481,vida-nyu_reprozip
1147,59676031f13a457525a2194353fc527a76c947ff,vida-nyu_reprozip
1148,5992d801e87d65a8c4f8a6a58c9247a4d776181f,vida-nyu_reprozip
1149,59a4f743503e67fcd93ce3176683cac985c34b63,vida-nyu_reprozip
1150,59ae1b5d95cd4280c3b1ba3b53ec1ac0abd8ecab,vida-nyu_reprozip
1151,59b3af6f9ae35852e0ad1252d7d00b314d40ca02,vida-nyu_reprozip
1152,59d271760493884d1d649375fe91027df798bd5f,vida-nyu_reprozip
1153,59e9403008ed95cdb3444f37cc95c1b6848043b1,vida-nyu_reprozip
1154,59ee70e05f9f448bec97d9df03991b1cfbaa70cc,vida-nyu_reprozip
1155,5a13736800d59ed1ab105dd3422f96385d571f98,vida-nyu_reprozip
1156,5a2d655af775e31f0c89775ef861521428dc1bc8,vida-nyu_reprozip
1157,5a3821c0c25cb3522ec4cb16ade5080c1c906e10,vida-nyu_reprozip
1158,5a4167db03fa48310d5bbea08018d1ee4fd09a90,vida-nyu_reprozip
1159,5a85fb4d8e0f72469f0dd65f4f067fabeb24cef4,vida-nyu_reprozip
1160,5a934c5ff55f1c8a5e72afa46915580aba0180b0,vida-nyu_reprozip
1161,5a94f09021a97a5e5a948deed17a318577ba35b7,vida-nyu_reprozip
1162,5aa26951422723d7ca2b5ab8eca5ae548f1006b1,vida-nyu_reprozip
1163,5ac2b00f9a247dbac40a1366a2b6c4429ab9f326,vida-nyu_reprozip
1164,5b06224636718709d6fff12dd1faf04197699645,vida-nyu_reprozip
1165,5b082ac2a2e0cf9a37442ee550410f3f22c1a13c,vida-nyu_reprozip
1166,5b10ed77ccb4b2b3a04fa246f293d8886c9cf36a,vida-nyu_reprozip
1167,5b29693119829257dc7e15a0727057cdcbee7808,vida-nyu_reprozip
1168,5b35db07fecc8e8409fbd4b51222707f3214b860,vida-nyu_reprozip
1169,5b53fbc62c66d77f57102b3927ab09f8904abe7f,vida-nyu_reprozip
1170,5b80dd3f0c446e3ccb86f672e76c8926db7ba641,vida-nyu_reprozip
1171,5b8a38de5c51c0aed1bc56de908ee575b735949a,vida-nyu_reprozip
1172,5b8d748f4d6bdced14454d92216aa5de2ba50d5a,vida-nyu_reprozip
1173,5b9ba8886bbc855a8ee8b05f306788004d3a3da9,vida-nyu_reprozip
1174,5ba5b3bd54c8b3d76e9dc36c82c011daeae39b57,vida-nyu_reprozip
1175,5bae4d79eca7b32c94586375a113cb15f79a39c7,vida-nyu_reprozip
1176,5bb4907fe54dddd87d5369aeaa4865b6c46cbcf1,vida-nyu_reprozip
1177,5bc7169800e15435718da662ec3ba61af91c9a2a,vida-nyu_reprozip
1178,5bfa5832401e05177b29541a3f60d2acfb1eb7ad,vida-nyu_reprozip
1179,5c200ba790b6a19ccf5723e3544ae260983a6138,vida-nyu_reprozip
1180,5c20269b791d7d78939b326fc9ba0f65a931e72f,vida-nyu_reprozip
1181,5c28a5be29b312bbb521d5a2bb04e14d125cfdc5,vida-nyu_reprozip
1182,5c2bf70c69228f821178500e7aa4978d7d3d1fce,vida-nyu_reprozip
1183,5c374879af20be6dec07ef17609e02daa7ce62b5,vida-nyu_reprozip
1184,5c4e98fa3b4f934d1953bcc77f13582818414977,vida-nyu_reprozip
1185,5c5b691b42a515cfa9be4e5c5082ce63870e35eb,vida-nyu_reprozip
1186,5c611d8a39c7218a99d6ea50a1c1328db3b8be4a,vida-nyu_reprozip
1187,5c68e47c592a1bdc7a8424eae7d10339610c285e,vida-nyu_reprozip
1188,5c6984b534d053de79de2ff55dda9406b202f3f0,vida-nyu_reprozip
1189,5c7f8e15da2eacdd81909f2ed3655b78b2f00cf3,vida-nyu_reprozip
1190,5ca0216cd7217cbb0de3d52c4085d3030b717561,vida-nyu_reprozip
1191,5ca53b9f2f7bf756a7544074f0d223e1f5f68e7c,vida-nyu_reprozip
1192,5caa6959511280836390e9f8d09998b1ceb5bda8,vida-nyu_reprozip
1193,5cad94956262a6d7eea46e0c854472a5ea9ed05d,vida-nyu_reprozip
1194,5cba6fe3493b3938712ccef968cb0c1f6fdbc75a,vida-nyu_reprozip
1195,5cbbb1f5806a1bc7fc556a553a800e9496307598,vida-nyu_reprozip
1196,5ce14670894055b0d07fcff8f288f2973cd5945c,vida-nyu_reprozip
1197,5cf3d2a874501f581872e56922665a1ef6f2608e,vida-nyu_reprozip
1198,5d07ed18d21c26141c010301e346274052dee8e0,vida-nyu_reprozip
1199,5d28b7e46b1eee3a8a18051f388444d728a3ce68,vida-nyu_reprozip
1200,5d4725d73376045a1654de9a59e1f37b52ed3d87,vida-nyu_reprozip
1201,5d4c6eeddbaa968e97d02cb774e7c4efe814a0dc,vida-nyu_reprozip
1202,5d5e48f56ba3647fc8c3ab816f49ff3f684fdfd3,vida-nyu_reprozip
1203,5d611de909493b5db47b43abd580e9ec138da569,vida-nyu_reprozip
1204,5d8608eabcee576b3cd5fb3a6f4fb2e459465896,vida-nyu_reprozip
1205,5da843c2b0f916c696ecd4c0a3543e9d056cb378,vida-nyu_reprozip
1206,5da973251d3402230a429d09aa827e51072aeba1,vida-nyu_reprozip
1207,5dd35239481b13a4447fc3bf89bafeab7f8cc636,vida-nyu_reprozip
1208,5dd587c50b5511d572f4d34e5f1d7e7a32302f21,vida-nyu_reprozip
1209,5df46488f051e4c083cb8c51ca7999c685d46c9e,vida-nyu_reprozip
1210,5e14f9cdffffee8d5aae7f4a4065131cba8d9163,vida-nyu_reprozip
1211,5e16e10b3b013dceccef4617c0d0871c94699d45,vida-nyu_reprozip
1212,5e261694914a0d2b97a8d22fd24a2a802a334bba,vida-nyu_reprozip
1213,5e366de846e18efa635d302a04d63ceb423e8f7d,vida-nyu_reprozip
1214,5e3e11ce53a33f5e9675cbe3e55a9b430684849e,vida-nyu_reprozip
1215,5e46f8ada8e9108b586a797d3a515462da16afcd,vida-nyu_reprozip
1216,5e5419b00446d83532cbb07623b0eee32f7ac0fd,vida-nyu_reprozip
1217,5e568830f59bf937171f921baf4588e1f8b935e1,vida-nyu_reprozip
1218,5e69e9fcbc46d4686fda905bc0adefe3569b0d6f,vida-nyu_reprozip
1219,5e70c6e03be8680848cbbad2f7f1c846147386d5,vida-nyu_reprozip
1220,5e772816213f296f5c8ca87841cd73cbd9dada85,vida-nyu_reprozip
1221,5e8cd2b61039f21aa46c9c4cda230bb6d0d2ffd6,vida-nyu_reprozip
1222,5eb4de8c0f55ff89032524f1f7d9d416fe601cb8,vida-nyu_reprozip
1223,5ee851567ecaf23af856b96c164aba781371642a,vida-nyu_reprozip
1224,5efc1683a900ca9175c405e7fa67da66ad249d43,vida-nyu_reprozip
1225,5f16c6eccb454711de5090808db2763d7f294758,vida-nyu_reprozip
1226,5f2c34bf19a75945b1d9a522f2e5faf96c341f5d,vida-nyu_reprozip
1227,5f35df66d2f3b72d431d3084e4b88e57fb77438d,vida-nyu_reprozip
1228,5f4ac4609bd794cc4c76dca308b67fd3c87ce32e,vida-nyu_reprozip
1229,5f4dcecea0ac73d37b39e6cb92d7c19f8e5474a2,vida-nyu_reprozip
1230,5f6ba7df86e391fe92a188a8d1b10cc2a4286c49,vida-nyu_reprozip
1231,5f718a77741a1fb86e9092a15d59ff924af9ee06,vida-nyu_reprozip
1232,5f90dcb24283537d1a9b052b3459333c5b169101,vida-nyu_reprozip
1233,5f98225b6debe3563e4f3494b93c12623a35dcb5,vida-nyu_reprozip
1234,5f9a5a15504498721b9467aa07c3355a00f21ec2,vida-nyu_reprozip
1235,5fa389f17aad06d549efb3bfe1d5ae7e5b896aba,vida-nyu_reprozip
1236,5fba0042345479e8d1c7ca33abe81dbe7d1e64ee,vida-nyu_reprozip
1237,5fc9d1f5b5c38f03713149a0751ba51cf0e4e399,vida-nyu_reprozip
1238,5fd79cd8c192c1bd616e9e854019d82d0c2f26ae,vida-nyu_reprozip
1239,5ff5637322820334e6de5d2d6b2f5158b08b2ff7,vida-nyu_reprozip
1240,5ffe9734b5f8e4f09b38bb8a77e4f1543f2764f2,vida-nyu_reprozip
1241,6005bd5ed0eb12b4b0456172e9f7f4e8a395c249,vida-nyu_reprozip
1242,604ab52416b2f6cf177fd33faaa3b92d06463c79,vida-nyu_reprozip
1243,606b3794616ee2b69cf1063a843f5c5301375f5c,vida-nyu_reprozip
1244,60840d34915d203835b1b8ee12b036f973c3bf0a,vida-nyu_reprozip
1245,6085b26e4ca2ec0b7ca2e66026869e553864d7ff,vida-nyu_reprozip
1246,608bd8d1e642b40296ad925d8769776c20209d13,vida-nyu_reprozip
1247,6098fc1b7b314b5c4ab159aec18c0badad32dbf5,vida-nyu_reprozip
1248,609b4fd9c8ed963e800ceb30bb0c14ba88601101,vida-nyu_reprozip
1249,60afc1b699d9f383f431ff2f27bfc6847a09439c,vida-nyu_reprozip
1250,60c3a08e927c4cb1952e51272c48cd1f9bf77082,vida-nyu_reprozip
1251,60c3f8daa1a7775c73af8d230a01a706d606d876,vida-nyu_reprozip
1252,60cbffb938e325bc61afd09d50f61f93732cf948,vida-nyu_reprozip
1253,60cdf0c0f2a16e858e657c381091e0123eed6fd2,vida-nyu_reprozip
1254,60e1c05367bd707611153307d25d2fe309fbc28c,vida-nyu_reprozip
1255,60f4c2672a0944fe1301ecf7613ab4330adc75a1,vida-nyu_reprozip
1256,61231b89dbf7585e0a099b46cbc59a3e61f2979b,vida-nyu_reprozip
1257,6129670b67ff5d1920d8768968747a45235693d8,vida-nyu_reprozip
1258,614750d866e6a77a0c0f766c70d3a3e0896afa68,vida-nyu_reprozip
1259,6149219c76793658d002b81c11f57e9ca57bee50,vida-nyu_reprozip
1260,6152ad6dbd964d0691cdeffd5f5a0d6d6ef04e91,vida-nyu_reprozip
1261,6154f0ad90f7a48faf9b1b39eb0ffbdf10f68251,vida-nyu_reprozip
1262,61638b96eab9658ceeec3a62bfae24755de473ad,vida-nyu_reprozip
1263,617f1e81df2e50660444ff59072793bb9122f55a,vida-nyu_reprozip
1264,6194f5a77ca8f534b3410ad47413d6e67146076d,vida-nyu_reprozip
1265,61964da92ae44cea39a14cdd6b932c86e738944e,vida-nyu_reprozip
1266,61aad9bdbd9865671646c9b07c10de664419a8d7,vida-nyu_reprozip
1267,61ab2eda29b9c02383593f4b5a6f6d956b067ea9,vida-nyu_reprozip
1268,61ab326287732623cc8eb8c235aec13463b5e019,vida-nyu_reprozip
1269,61db1ecf7ea77fddee08490e4a9bcec0d946f480,vida-nyu_reprozip
1270,61f0ba36fe3cf52a24c61761c655c4c2fdcbfeee,vida-nyu_reprozip
1271,6205292f587bd9c55779bac3f8a2c9dad0ffe159,vida-nyu_reprozip
1272,62117178f54d8cdcfe9c09308544cb57851f0379,vida-nyu_reprozip
1273,623b4b132ceaafe5db6afb4e2aff2d13b32398eb,vida-nyu_reprozip
1274,623ba6cb2687649415358667661266aefef7593c,vida-nyu_reprozip
1275,6254290f614387c18fe763ee649b8cad45f4f4f9,vida-nyu_reprozip
1276,62547e50d48e75b5fb2374bc9133c2169eac532a,vida-nyu_reprozip
1277,626cfc2233fb19cef4590e5f56a20576b950bf60,vida-nyu_reprozip
1278,62aaf931f376998bc79d8465a2c351b83f763047,vida-nyu_reprozip
1279,62ba2d56b1841aa0d52a895ea52f90105ae9215f,vida-nyu_reprozip
1280,62bfa4509cb13f4d9cd29f53253bd4f987c93319,vida-nyu_reprozip
1281,62c372b03427a18c73c763e2edd29f243b1798e1,vida-nyu_reprozip
1282,62e2f400da406157a08f72f31529d0ef90084423,vida-nyu_reprozip
1283,63239b9cf908d3f294ac7ad797077ccd00cb9911,vida-nyu_reprozip
1284,634ca22c2d23b5eeca58ae8e5499802ae77b7383,vida-nyu_reprozip
1285,6354427ac4e6e29b9b767f3a68d6e04bf544e56b,vida-nyu_reprozip
1286,635a06b3ad8ef82d4f4209e0f50e243a8e3dbc01,vida-nyu_reprozip
1287,638676e3a3b09f917b5b37793c64868cc82db650,vida-nyu_reprozip
1288,63a2ef07beddc0a599fbc3055d8beeeb0f1d2192,vida-nyu_reprozip
1289,63b695cdec0151f1ffedda5993be6c6c084ccd68,vida-nyu_reprozip
1290,63d3a2c80eeb6819bb59cfe589e4b637874caf90,vida-nyu_reprozip
1291,63e2552bd74aea21ac11d166cf26c3ca9b79ed96,vida-nyu_reprozip
1292,63f041e10c3e01f2a3af80c14163655e0b637064,vida-nyu_reprozip
1293,640b92518de4b81b0030bdf4b85e47fa405a17df,vida-nyu_reprozip
1294,640cf4c2b0f00395f346833b2a6d230abc933722,vida-nyu_reprozip
1295,641304f6f61dbffe896333bf92d1d124f4260ef4,vida-nyu_reprozip
1296,643bb3a845e3ed52327e7a81c507ee00d52db29b,vida-nyu_reprozip
1297,644a7145b2ebb60df40893163ac4b0811c643dda,vida-nyu_reprozip
1298,644fb46b26ca47c3846e8d218b1cebfef63fd917,vida-nyu_reprozip
1299,649b6f818ac4a89e0cfdac2e26f91a43946945c1,vida-nyu_reprozip
1300,64a6c38a5033db87eb0bab3ed39b78d6fa4ead00,vida-nyu_reprozip
1301,64a75d5edd27bd23aff3688327b2f6da0f6aa2e2,vida-nyu_reprozip
1302,64c743651d13e28006c3598e661adf7207eaa5d3,vida-nyu_reprozip
1303,64ced2c01da55ecf9a0cea6ae0b1dcb82a773f2d,vida-nyu_reprozip
1304,64ff0366f90ba59bf6beb3b5981032e1aa5b13a1,vida-nyu_reprozip
1305,650add256a15aef48cc7db22f033464b85459ccc,vida-nyu_reprozip
1306,654fe3e23605d6a16c4377d60950f65681ca73d6,vida-nyu_reprozip
1307,657d3a922e7feae6ceb67a7ca1f99f27b203380b,vida-nyu_reprozip
1308,65847a33fbf010ab6aae37e483bfe9edea55e227,vida-nyu_reprozip
1309,6593250dbb6f7841fc67185f51c044b877413a01,vida-nyu_reprozip
1310,65993a1ab68a0a257504a1e10c9ed7c0bf0a8e92,vida-nyu_reprozip
1311,659b365ac48b5e5a8046754e7ffdb7466df18eae,vida-nyu_reprozip
1312,65f4985aaef9d6789169274c2326ba2d731bc83c,vida-nyu_reprozip
1313,660387d413ca9025526453f5e119da08e13c7568,vida-nyu_reprozip
1314,661222bb29abdeb23dcca3bdc1e6bb8d50f51354,vida-nyu_reprozip
1315,6615097d8ff1694f3116cdd936d16a9af561f0b3,vida-nyu_reprozip
1316,66403dd0dae4af2bb6263c1d62d5dcb9e1ac04e6,vida-nyu_reprozip
1317,66409ea61582e3de61f2e27d5d81f68b71a864ab,vida-nyu_reprozip
1318,66459a10e5fbd83064000c3fd1f9903d85485007,vida-nyu_reprozip
1319,664baa3eabd185242f1db034f68e7f160800a5fe,vida-nyu_reprozip
1320,6660522db413ec98b784809e8026d655ed3992ae,vida-nyu_reprozip
1321,668031ba196d0a90d560722f9e4460231dc61760,vida-nyu_reprozip
1322,668c93c5365b33d8916de0ee89363393a66445f3,vida-nyu_reprozip
1323,6695fd91615d29a6725005fbfbad530728493b18,vida-nyu_reprozip
1324,66bdd5e5786f0ac1c016fb35f78c7df8485b8f34,vida-nyu_reprozip
1325,66e00cf43b130bfe3e77b19e88d5391118f33d5d,vida-nyu_reprozip
1326,66ef964abc273815ff1a666d426ef4dc740bb896,vida-nyu_reprozip
1327,670330a16ebcd4a556c908f54178c3c77d4657e0,vida-nyu_reprozip
1328,671153949a642ecb89dbc6debfa8b83acab277ba,vida-nyu_reprozip
1329,674cde851046de88f51b2a12da9efdd7a769c693,vida-nyu_reprozip
1330,6782d57bbaf9b64187fe6c1c60e5014d3ee04d24,vida-nyu_reprozip
1331,678d98ad7c957de3c031bb6b59be29d879c030d0,vida-nyu_reprozip
1332,6790ca032d72c60ab6112327d8baf1582f9689f3,vida-nyu_reprozip
1333,67bbe8d2e22e0493ba0ccc78521729b49dd70a1d,vida-nyu_reprozip
1334,67c3e03ef0b508fa315447bd958aa710c36b2696,vida-nyu_reprozip
1335,67f14b14e8b4692e49bd32b7bc159ca2ab5c4575,vida-nyu_reprozip
1336,67f97cca4476b1bcac42f914d7ec1253a2baad4d,vida-nyu_reprozip
1337,68066508efcd6936fdc476f9eda255bf2d3e99b1,vida-nyu_reprozip
1338,680fffd13af4465adb84c3c426200985131f59dd,vida-nyu_reprozip
1339,6820bce091979f9dabbf271e66fc4fbb2e48e6bc,vida-nyu_reprozip
1340,6824419f9ceafe79ede509b1d49fd06aad4564c3,vida-nyu_reprozip
1341,682575fd6d2b6d076d9185244c15fcb8adbf4a5b,vida-nyu_reprozip
1342,68302680eb96708049409f179525d72459d9bcda,vida-nyu_reprozip
1343,68330747b8a41f82b43ae1697e32b0880ccd118f,vida-nyu_reprozip
1344,68474557adc31cc20b1bc5dd88c2b40e23c8c12b,vida-nyu_reprozip
1345,6852a8f01a6e487b299eac7a03fcbcfde4fbab21,vida-nyu_reprozip
1346,685cc701ed28af1a351d134164c7e7d2dc065856,vida-nyu_reprozip
1347,685ee11bf3143f2d98e1f097c325e20bb82ff602,vida-nyu_reprozip
1348,686c235c303bbb0f47a59887790e68b82aaebe00,vida-nyu_reprozip
1349,68a61d32b9332cf74aca4fdbf50039666b2a14b7,vida-nyu_reprozip
1350,68b99d37d7a938d2a22a61ec9f7917af12332644,vida-nyu_reprozip
1351,68c470827985586ca9e75d3b4c46910d8f6f3749,vida-nyu_reprozip
1352,68c8b05cbc1b04b220f81e4f4dcf3945f86efe88,vida-nyu_reprozip
1353,68cda790e3f91057b3293df6524ca3533dd4548e,vida-nyu_reprozip
1354,68edcdc7fb106782c5d247130b38305b3cde8bfa,vida-nyu_reprozip
1355,690dbc814859a9bd541a0f0f29508acf1948825b,vida-nyu_reprozip
1356,690fb0d7c3af94c53e91be598237b8b54d4eb99f,vida-nyu_reprozip
1357,69297f6c89bb27d719b5f6e1105b591cc83805b5,vida-nyu_reprozip
1358,692bfa5c0c0784d01be7defbced59edf574190c4,vida-nyu_reprozip
1359,692efa1ae306c6b45e0f2b0cbe886f3436ade368,vida-nyu_reprozip
1360,69335cd338523b5162da81d2fd514b71459beaa3,vida-nyu_reprozip
1361,6993d78f75ea7b60bfa06a2f0a18ee945ef70f72,vida-nyu_reprozip
1362,69b06e0712544aa4be41947a59ca87f786b7a013,vida-nyu_reprozip
1363,69caede8b2982cb982702e0f58083d11195e33d9,vida-nyu_reprozip
1364,69d8e7b5f11fc901f858e4d8829a01801f89389e,vida-nyu_reprozip
1365,69e08f7254284b308e749e2bc6f020e6108a51c9,vida-nyu_reprozip
1366,69eaeebe71ef722c8edd5c4ad5a0a66d80919c20,vida-nyu_reprozip
1367,69ee903d361561b23df528b28e28790f20e14416,vida-nyu_reprozip
1368,69f50abae8953d306cf5aafe817f50d13b69a3aa,vida-nyu_reprozip
1369,6a04627617dedaf528953e475c3c9a555859fa6e,vida-nyu_reprozip
1370,6a0ad96777a9e611d36402d8449b40f5ce123dff,vida-nyu_reprozip
1371,6a25eba5e18d52f7d81be0c96c4e3da85c33f174,vida-nyu_reprozip
1372,6a2abe069323c5caaf524a7522253eb3a6eb7c47,vida-nyu_reprozip
1373,6a3885896e349b39ab97d5c9944673ef71937ed7,vida-nyu_reprozip
1374,6a4077e34714cc87b1ffcd95e6dd2736588753c6,vida-nyu_reprozip
1375,6a55fb791601dd46f92b1f0102b4a0b297cde1ce,vida-nyu_reprozip
1376,6a6e4afb462ea8322a29db643d0fa833f378f470,vida-nyu_reprozip
1377,6a786ee1d13f75260e7e7264f13acdfa443941f9,vida-nyu_reprozip
1378,6ab2225776ed1f3b532647a856cc24243fceedbc,vida-nyu_reprozip
1379,6abc6d13d680992c63dcac03adfc4d7c985bcb13,vida-nyu_reprozip
1380,6ae24f8d6b3565c3dc8d2db0b7b71e964271a796,vida-nyu_reprozip
1381,6afd0bf1d65a2a441246674e9ed7af780a52ef91,vida-nyu_reprozip
1382,6b01be64a4beb6105931ba9c2384dabcf10cd39b,vida-nyu_reprozip
1383,6b0226a409d06edd92856bab41cf072d77953e48,vida-nyu_reprozip
1384,6b1130eed4c01f3ad7d640821e75c7550bfbb602,vida-nyu_reprozip
1385,6b1b73ec52d3e35bfb5fca980d0c283a509b38b6,vida-nyu_reprozip
1386,6b268f0084d3bac761a4b6122d8cdb8bf0df6570,vida-nyu_reprozip
1387,6b2f47a3e4904d8d4d910e90769f0e48cb0c9666,vida-nyu_reprozip
1388,6b66787844d00666f04b4c731cd31a86b86ad1c7,vida-nyu_reprozip
1389,6b6ddef6410bf6cf3700f54ada99fba25a513367,vida-nyu_reprozip
1390,6b8e6b5f797f1808736551dea8860a0c9c87857b,vida-nyu_reprozip
1391,6b8ff6f399026fe21cdce8bb103ca4df76e3bbcc,vida-nyu_reprozip
1392,6bb1e5fef6a7401a8e0a519e38c0a2764ed9038c,vida-nyu_reprozip
1393,6bb8bd959681649b2fa601a7507e871cafaf43c2,vida-nyu_reprozip
1394,6bc445000c3d54875a2d96ac6ac89b47f7887bd0,vida-nyu_reprozip
1395,6bcd283f180fd0da2af27661afdbef3eb661a929,vida-nyu_reprozip
1396,6bd426269b3c8dc1f86e58917abb5b33e7a4778f,vida-nyu_reprozip
1397,6bd4759b3573647b04010d0978f30f212e2e76ff,vida-nyu_reprozip
1398,6bda4f6e94b62cea6d939ac39667c9d50e19bd8d,vida-nyu_reprozip
1399,6beccf271e7382d9cfc96c4aa8c0ca5d9fe8b641,vida-nyu_reprozip
1400,6c5403427d03544f565a2087533a764adce5309a,vida-nyu_reprozip
1401,6c72db02380e000cfae0f66fcab14effccb163d0,vida-nyu_reprozip
1402,6c795c677e56569d3729b43c83199113b93cf495,vida-nyu_reprozip
1403,6c7eaafc67c4c6eb12915e239c2f38940c4b8059,vida-nyu_reprozip
1404,6c8d3fce589eaf105e24212f0ce5b5d221eadda0,vida-nyu_reprozip
1405,6c9304ab8c86343778844e968fc4cb540d854381,vida-nyu_reprozip
1406,6cbf4b896f864362f1367639d2a0dfe8e7694850,vida-nyu_reprozip
1407,6cc506518ab9a6e1209b1f6152bf48903437bd90,vida-nyu_reprozip
1408,6cd5717b7ae7d89065f05e03632f67083a1624c4,vida-nyu_reprozip
1409,6cdbb1e9345549e61a775b2071ed29b796b4886d,vida-nyu_reprozip
1410,6cdf2fdfd752cde3094d8671c3bb01b50d7ad323,vida-nyu_reprozip
1411,6cef0cb641d80f35f4de68137a896049d111eaa7,vida-nyu_reprozip
1412,6cf148b9ff6f5cc2cfbcd1858f69a50e92d287c8,vida-nyu_reprozip
1413,6cf9aaf51af0b621668f987b0bfd286f8ac1380c,vida-nyu_reprozip
1414,6d029d1c8655b85b6f2b8197827b5610314e5f30,vida-nyu_reprozip
1415,6d1bb63a7387e1e15fe19112351432219671f3b9,vida-nyu_reprozip
1416,6d1d97cf5b99f3cca70728873d7c52ab4d86d694,vida-nyu_reprozip
1417,6d1f0e95ff5806bc45fa710fd37c15ab349d4ad7,vida-nyu_reprozip
1418,6d26f164a12fef6e83f6198c38a8a43ed8ef6786,vida-nyu_reprozip
1419,6d40e757a34da921cb2de75c73a89787b3730565,vida-nyu_reprozip
1420,6d5b96e5b2928c2e3eedf7167172834060c5d6f5,vida-nyu_reprozip
1421,6d6bbda8fe29c8f90fa0cfaa781533db2fbe09b2,vida-nyu_reprozip
1422,6d718d22c3dcef3d3d21b247032342ceceeab539,vida-nyu_reprozip
1423,6d983325fb0a9e7dbc686cb9d427938db1cb29cc,vida-nyu_reprozip
1424,6da75b15a594428cc39d9e73de7ae8457a855e95,vida-nyu_reprozip
1425,6dae9bfbaed9e52c71d9cfb19834ce60a7cee67a,vida-nyu_reprozip
1426,6dbcb0fb1cb45d82ecfe7ce8ff11228be079e09a,vida-nyu_reprozip
1427,6ddbe28548cf8cf7fc7c270b89a5e389254c60aa,vida-nyu_reprozip
1428,6dfd89d654314223fd8e23cef6afb2b414ccc46f,vida-nyu_reprozip
1429,6e03888dad8b1f0ecdb00eb4260fdde5fab177ed,vida-nyu_reprozip
1430,6e1222174e06a53b4746b77a336ae15f73266293,vida-nyu_reprozip
1431,6e3799078cf0bc21d6d1b7023f0171852bcb638f,vida-nyu_reprozip
1432,6e573058d9a61a162da077d1a7b2e8d25a8bef21,vida-nyu_reprozip
1433,6e7bcb540d6f7f2d513dc629ddc0a685354aa7e2,vida-nyu_reprozip
1434,6e933ca12640ee3ff1505cbf59134ac5ea160688,vida-nyu_reprozip
1435,6ec8684c14cd1621733ae5c8ad9474da4f2e2e4e,vida-nyu_reprozip
1436,6ecd3b8e952fbf3a84cf2bfb644d80e18fb2d122,vida-nyu_reprozip
1437,6ee8cd924774e211edab4817764838416d727ba5,vida-nyu_reprozip
1438,6f19005c31d5f148ac8fb93b7527dd649ebe60f6,vida-nyu_reprozip
1439,6f27e50ded57d72df8b226e854c5650764c98a5a,vida-nyu_reprozip
1440,6f2b3ce59db53188fc86f85cf3442399de568a05,vida-nyu_reprozip
1441,6f39eb0ea1b62bf87924b93e49708e7966c9b17b,vida-nyu_reprozip
1442,6f4ca2f845f93fa6003a7018bfb7f173b6855e7f,vida-nyu_reprozip
1443,6f6ae0570ebbd7460feae267239f37a1d9c18697,vida-nyu_reprozip
1444,6f799b40d5580739e858bd5742a2cc59d4e99494,vida-nyu_reprozip
1445,6f8159ffca28db72bb4fe6e82ab9838194d82837,vida-nyu_reprozip
1446,6f8d7b69733aae3ade80e946fbc3d97fd7a9fc12,vida-nyu_reprozip
1447,6f99868d7ce90bc5bcf50f591910652805465111,vida-nyu_reprozip
1448,6f9cf3f328533376463372f4376dba067429fc39,vida-nyu_reprozip
1449,6f9fefbaa6d53b942d77183d71b93769cf98781d,vida-nyu_reprozip
1450,6fa082776b9b5c053a5597370fd77d17cbdc2024,vida-nyu_reprozip
1451,6fbfe2ad23c4addc0893ce8baee182f866a3c124,vida-nyu_reprozip
1452,6fce99d9c69ba54f2694eedc57d6a3403c7fa5b4,vida-nyu_reprozip
1453,6fd832e70b8a5c1c6db82230ae0782021deca633,vida-nyu_reprozip
1454,6fe7fb6e53e73d65ed5121e760bb70b80953f001,vida-nyu_reprozip
1455,6ffa0ef43b9b22be078d78fc2c41ba5beb4a3455,vida-nyu_reprozip
1456,6ffc277f06e39dc589bee2329c69dd826ba2efbc,vida-nyu_reprozip
1457,6ffc85e78b4be1025d589fec4e6b86e638349223,vida-nyu_reprozip
1458,6ffee88e499c6d71104e46cdd7cbd225b281a1b9,vida-nyu_reprozip
1459,700a7631943d9b589f9134c78adf97dcdf0f7526,vida-nyu_reprozip
1460,700b50c5475eea27b50c89f10460a14ca5844485,vida-nyu_reprozip
1461,7016b7ac42ca17004be47b701ee03a11fa959fd6,vida-nyu_reprozip
1462,701e50df267807cb3eb22737dea2290a92e2e6f0,vida-nyu_reprozip
1463,70235ed0a419e8ace14f4a085290ed9aa4eada5f,vida-nyu_reprozip
1464,702a3217f6605b6c84271738c9b85cef735f06fc,vida-nyu_reprozip
1465,7085402aa7d4a3d33b77b79edcb21737fef24556,vida-nyu_reprozip
1466,7085d7b71dea1822acbc5ecd6cf0a8734c0e252e,vida-nyu_reprozip
1467,708748538180809c976994865e3fc8eb7379bd20,vida-nyu_reprozip
1468,70a5ff9915003a4ae9644b8802fda5959f6d607a,vida-nyu_reprozip
1469,70aa614dd3b6ae05a3a0b40641d6513414bc33d9,vida-nyu_reprozip
1470,70bdff408e3d6850782c82e1d09190a4419f253f,vida-nyu_reprozip
1471,70c05b0567023565c4ff6bc67417390195f2c8a3,vida-nyu_reprozip
1472,70c11b28785aee76e109fb796876955f43c9ce28,vida-nyu_reprozip
1473,70ecbedf0028c17bdeb7f9d6aab3aa629157f13f,vida-nyu_reprozip
1474,70fd5b89e1abeda93511578bd8703d6b3bc0c202,vida-nyu_reprozip
1475,715103a9fd275a0f3f61cc7a1ee1aa8a0cec72a7,vida-nyu_reprozip
1476,715b649cdb5acf8d877e00bd0be7e2d0cfd6a10f,vida-nyu_reprozip
1477,715ff56f2641ae517821c9cefca11b664dbc08aa,vida-nyu_reprozip
1478,7186fbe1aa693cca6746c7290f21847671880ccc,vida-nyu_reprozip
1479,71cc428e510361661ca858c562f637b3c4f017cd,vida-nyu_reprozip
1480,71d712fc1274da8812739b0e9b1adab2cb05f7eb,vida-nyu_reprozip
1481,71df889322045bb41619eeb81c57d440ed44286c,vida-nyu_reprozip
1482,71f3d4642671e970258f78a6de0d7afdf3e8de18,vida-nyu_reprozip
1483,720a59299fe3147c495703140f8fe813869965d7,vida-nyu_reprozip
1484,72131ce0f6f215f7656e926965295603bb274523,vida-nyu_reprozip
1485,7218501bc499a24f49b62ea7885fca30d4f4668a,vida-nyu_reprozip
1486,7230afbeb5d4fa8d2cbce291bd2ecb056155f0d2,vida-nyu_reprozip
1487,72674acfcb5fbf02d0f289d321dcf482c626d5d9,vida-nyu_reprozip
1488,728a7a8480a862a12775e5f34ddfd5ae6c298da9,vida-nyu_reprozip
1489,728d5bd98999a4b84e6b6189161f19359682e47e,vida-nyu_reprozip
1490,729a7251422f7f642a5b7443bd84e14ce0961bb2,vida-nyu_reprozip
1491,72b44dd75a8c6decf4b6233ea9308491dc108e7d,vida-nyu_reprozip
1492,72d2a64436357798622712c0ff3ad886e15b71a8,vida-nyu_reprozip
1493,72ef1fd886b698087f9cdf6746ca0c159083546c,vida-nyu_reprozip
1494,72f29a697d0dd3d8c1314722854aa541b5e8aa61,vida-nyu_reprozip
1495,72fb581624fc90e550c7f6d8d1fc1f30a716b816,vida-nyu_reprozip
1496,731adbf3e1dc078608b41b75eb5cb20c4fb69ba8,vida-nyu_reprozip
1497,739424818846c7b82b81c2fa4efc57d925faad4a,vida-nyu_reprozip
1498,73ad87b9e1e305af7222f4251ae4674e8613b8e7,vida-nyu_reprozip
1499,73c34a43998a2f9cc169210d7319353458433744,vida-nyu_reprozip
1500,74023a9e4cde9e66af96ebbeb5113cd800092a9f,vida-nyu_reprozip
1501,740483fc8c9796942d725d3354a89c08043ae14c,vida-nyu_reprozip
1502,74155bae192674003193b7666266d742107a9745,vida-nyu_reprozip
1503,7423fc8f3bf2bca278bd7205747b15b60495ef4b,vida-nyu_reprozip
1504,742c6239bbfe2b55e043a6518c2a26f5d72bf545,vida-nyu_reprozip
1505,7437f8f0959f753d2741e2b7d6159e4d44827523,vida-nyu_reprozip
1506,744db2f5cb469facb7598797f2d6df0933bdedf2,vida-nyu_reprozip
1507,7456930c71c13bfb86f5215fe609db06cdde884a,vida-nyu_reprozip
1508,746955e031d6625d36a40ed361985a0a88cdd5c2,vida-nyu_reprozip
1509,748b2dca57ca7ec770dcd86461ea4b9babfc5230,vida-nyu_reprozip
1510,748e0f5553c17fac275529a47c0001550b4542b2,vida-nyu_reprozip
1511,749089ea6164140f1309c18ba65933648dd4dddc,vida-nyu_reprozip
1512,749c94b2d07140aa36747b4d215ddcbcc4d9d79f,vida-nyu_reprozip
1513,749d90515d3b2ecbcaf962e4b728bfb4d7c0d585,vida-nyu_reprozip
1514,74afdbf1fc3d2c8852a45248ab95663b5df43239,vida-nyu_reprozip
1515,74c3119f7304e79eebf2d936dbddcce15ee93a35,vida-nyu_reprozip
1516,74d97e2466d2496d009f84ddb06975867013f73d,vida-nyu_reprozip
1517,75021b8dafb68e407a883d0ad7fb343145d02d57,vida-nyu_reprozip
1518,75127dd2562179a3877463a5011f2905c43ca7d4,vida-nyu_reprozip
1519,7527542eb347d23c53db2acaf7719e1d591a42a8,vida-nyu_reprozip
1520,7528e80049223c114b7018eb42f6c54a46858fa1,vida-nyu_reprozip
1521,75290ae19ebfa8b696dc2b8c3bafd36e10de7d7f,vida-nyu_reprozip
1522,7545370545ebf6438dc67d6f6204c72100da8ae0,vida-nyu_reprozip
1523,7547afc0dbec48b4774938bb0a0747f90d1c44e0,vida-nyu_reprozip
1524,7548555b69c3caa3f5392119b8a59b31fe2a0136,vida-nyu_reprozip
1525,754d854cca6c047b51174b7edfea9b8826779928,vida-nyu_reprozip
1526,75525283d3bacdd0e3895d73fe59245d0b28fc94,vida-nyu_reprozip
1527,75618a844fa696cee11160c07c55b9703dc2bcc0,vida-nyu_reprozip
1528,7562c7f911b67576f1739f70b3b5cff815d40307,vida-nyu_reprozip
1529,7581e7349d3f1000da44e947aabf534d64753ab4,vida-nyu_reprozip
1530,75920fc9304fbea85b1d58752f2dad4665567dcf,vida-nyu_reprozip
1531,759d1c17105c01775daf219227466fe4f69273b0,vida-nyu_reprozip
1532,75b2e8d312ec729dce6254ba0e8701dff534894d,vida-nyu_reprozip
1533,75b862ddffa67d312e0a0890c8077413a71ecaf5,vida-nyu_reprozip
1534,75cbb66b7ddc05ef5cb35114deeda7bb43dcd44c,vida-nyu_reprozip
1535,75ea81ce240a659b68be138380f7d1171f10c54a,vida-nyu_reprozip
1536,7601eadccf9b97343e99a35dd792045ddf8f58ec,vida-nyu_reprozip
1537,760347266065d2c6a1e935797289f877c0749def,vida-nyu_reprozip
1538,760e369603ab94d9ae45dc0fee2647c0c281a21f,vida-nyu_reprozip
1539,7685ce387ee03e137682023e22ffbfd37a95d4fe,vida-nyu_reprozip
1540,76ae690e2002b3b7a174fd7de8e372dba55dc634,vida-nyu_reprozip
1541,76bfa67f4dceb376346ba25a82c9576512079c2f,vida-nyu_reprozip
1542,76d113dc0dbb22525285e902f756b92ebefb02f2,vida-nyu_reprozip
1543,76d19c7557e03fe0e1fb71f7a33f7b23ee107f8a,vida-nyu_reprozip
1544,76dffd230e4670f532322d8239a638adc1d453ea,vida-nyu_reprozip
1545,76f753c53375e44c33693aab58755c39e10a1bc1,vida-nyu_reprozip
1546,76fb6a3cb0d1e1cf45abb9f312c6b8b5bdae110e,vida-nyu_reprozip
1547,77041eeb77e6adf228f634289f88843260b344a6,vida-nyu_reprozip
1548,77139c37948f548d09699562d63b34c8dc49caac,vida-nyu_reprozip
1549,77141443977fa25266c4846d079d21a738162f8e,vida-nyu_reprozip
1550,77181db538b872bada1753afd64939cf2d69df36,vida-nyu_reprozip
1551,774263ee3955498dc8c50a2e110275c725added3,vida-nyu_reprozip
1552,7742c2c3ea247bc5d1ec17e43dd25092da1729f6,vida-nyu_reprozip
1553,77500d0338c1c1559252b7b97670dca7fa765eb3,vida-nyu_reprozip
1554,7767db3e868247af739663d393657137d4bca086,vida-nyu_reprozip
1555,77b210ed798491496aaf31c9589c93fb99f19d2b,vida-nyu_reprozip
1556,77e589791238c1a0d8943b3bb549d1a3d2dd113c,vida-nyu_reprozip
1557,77f7b1469ac286d521109b947ea43d705c2e0617,vida-nyu_reprozip
1558,78042cca12c8c81223c0f5eae58f13b94e959429,vida-nyu_reprozip
1559,784259d99ec6a411511859d009635a22c6fcff92,vida-nyu_reprozip
1560,78499915e1d43e61a9bca3204e8a35bfc582dda2,vida-nyu_reprozip
1561,7871cbd53405f861c486bdac3765c8b95e6eeafb,vida-nyu_reprozip
1562,787fc43954c12bb0c81fef86d7c350940f7f2488,vida-nyu_reprozip
1563,7881d388d135e8b0ec9ca60e0898623716de514b,vida-nyu_reprozip
1564,7899294b6b7a95b22a1235844a0fde60683523c3,vida-nyu_reprozip
1565,78a001fec9e8a0a4c16ae3c94e9f727b0b86ea63,vida-nyu_reprozip
1566,78c3fd60fad72104bb30317bc9f040a63fe72e2a,vida-nyu_reprozip
1567,78e85d3ff78149547b6133fc492358041611954a,vida-nyu_reprozip
1568,79106ace45408ef7ecb92def1c1a48e8ccf54bb9,vida-nyu_reprozip
1569,793f527cc4e94b8d79a6ff4f81af22552cafbdb8,vida-nyu_reprozip
1570,79601bf901dcc6aa6f7835f623e44b541d5d3071,vida-nyu_reprozip
1571,796ac1a9aa932c12871b2c52a5ebb58a7513256e,vida-nyu_reprozip
1572,7982212a33e66ea086b8279bc63fae33b9404728,vida-nyu_reprozip
1573,7990a7f7482b7819f69fb099130ca9b48ba9cb72,vida-nyu_reprozip
1574,7998f3c75d5630d0e2d9dd1b3ea31ca2d0937aa9,vida-nyu_reprozip
1575,79b2b86234b030478f4f7b139341152d0d8bc61e,vida-nyu_reprozip
1576,79b4d2ca880dbe42a4d4df87fc64a1a2acd8c366,vida-nyu_reprozip
1577,79c11b92b3ed3210b51cb2f9731c1b0fb21dec85,vida-nyu_reprozip
1578,79d61674001c3431c65b5265c2056a9a1750b467,vida-nyu_reprozip
1579,79eba2f923bbbeb8ed4add112cf2bd83ef2dae80,vida-nyu_reprozip
1580,79f58d509a404a318f9ef6119a2eeaac9dc58fb1,vida-nyu_reprozip
1581,7a0578a3973074e2f2190168eba36348d7617c9f,vida-nyu_reprozip
1582,7a06876127f9961cac911f93ad633ce2aca076e1,vida-nyu_reprozip
1583,7a2395d1ffd1269f8c39032774fdc96f2633a5a7,vida-nyu_reprozip
1584,7a2e655d24a27c958a65c7e113f315ffbc6a7f5d,vida-nyu_reprozip
1585,7a42f799fab3a15e7e0c122ac119753935fb9af9,vida-nyu_reprozip
1586,7a4cdf9f0eb13339193c356095c14d45350d52d4,vida-nyu_reprozip
1587,7a6deadba2c7bec9f813e29e8fff7924ad8ce77f,vida-nyu_reprozip
1588,7a75952ab34b17fa75ffba9e0f1378461a0acda4,vida-nyu_reprozip
1589,7a88002ce18f8ee58c18b091e66006314891fd9a,vida-nyu_reprozip
1590,7aa4fda312926c1517f315d05dafa8e4dfd1678c,vida-nyu_reprozip
1591,7aa595992f967b6add8f4d15faed62f108fb55ea,vida-nyu_reprozip
1592,7aaab2578fe02a87777f02ab141e8cb794835846,vida-nyu_reprozip
1593,7ab2f11fdc2da5f870e9a80da45718a6f49214d8,vida-nyu_reprozip
1594,7ab4578332e7dd6b59f43ace97647465dd2a15fa,vida-nyu_reprozip
1595,7abacba9c485cd97e0ef853609ee0f50f457f5be,vida-nyu_reprozip
1596,7ae4b691f67e8e2602c2fe8b39512cd0244eed08,vida-nyu_reprozip
1597,7afebd694f34efc6bfdd3c3aa679c39b170dd6a8,vida-nyu_reprozip
1598,7b085176e54324dc02174aa9b2e74f7af699ef6b,vida-nyu_reprozip
1599,7b53528572b0499687f9204f91fc74bfa7c78956,vida-nyu_reprozip
1600,7b6ebee60ffd3985143416971a1b1662a8a083e2,vida-nyu_reprozip
1601,7b9f12692b437af596f8b057fb4d799f235dbae8,vida-nyu_reprozip
1602,7ba2c1e9710d3dd0e42690cd91692dc0802e4944,vida-nyu_reprozip
1603,7ba387542c9298d49bb0ff6ce5b8e0598467a94a,vida-nyu_reprozip
1604,7bac4d4673d1a645b49f78ee4d5708b5e74bd480,vida-nyu_reprozip
1605,7bcb2973e3f714931f0169a35e41c4588d7d2b2d,vida-nyu_reprozip
1606,7bd3b8125ff6e051928eb9edf974cb47ee9f47bf,vida-nyu_reprozip
1607,7bfbc50969411ad91b5dbc5b76d05c90c96612fd,vida-nyu_reprozip
1608,7c0393878755104dddd4ffde8de187f7bdbdb471,vida-nyu_reprozip
1609,7c090302f376b1f2cddc333cdd80888e7d02a942,vida-nyu_reprozip
1610,7c0d63d11f728460fac53a1fa1be0688bb200f9b,vida-nyu_reprozip
1611,7c195d7b30f8585d30878f52bbe2e43e5066fb61,vida-nyu_reprozip
1612,7c237d04badef5e0f7fa0d64e3f38f2ef2f5a991,vida-nyu_reprozip
1613,7c30a519bc7dc0945b3a9993b5ed32bdaded83d4,vida-nyu_reprozip
1614,7c44607626589dd58be8d944ddefea43c3c0696b,vida-nyu_reprozip
1615,7c4a2ed4b13b08fd6f40c839ec8a665a7e7ab44a,vida-nyu_reprozip
1616,7c6c458ef7220ce3ab5941b80cb9f37f4ed67f14,vida-nyu_reprozip
1617,7c8319540c2c4ada77345b01c19a75f2361032bb,vida-nyu_reprozip
1618,7cab39e8735846a4954427972806732ef0af698b,vida-nyu_reprozip
1619,7cd5446d1e576a02deb0e46776a4809642b52323,vida-nyu_reprozip
1620,7ce132191125fa4774523e96671c53dde8566d9b,vida-nyu_reprozip
1621,7ce96906c626d8c95349bcdde6598c5a1f90b24b,vida-nyu_reprozip
1622,7cf975bbb79cecd2d19942ca938cc324021ac95f,vida-nyu_reprozip
1623,7d1da6ce17d531dfb860317b84c636e489ea98bc,vida-nyu_reprozip
1624,7d1ef571fe5e5e67c12d1bb97d264fb8b8702e2b,vida-nyu_reprozip
1625,7d3b4e61f0367678d04efa3809392448565a3346,vida-nyu_reprozip
1626,7d66fe15331f62752bfe5261b87b3c694b1f02d4,vida-nyu_reprozip
1627,7d80ff2dd23202c2582210cb22577469756be31b,vida-nyu_reprozip
1628,7da4559565442a9e8260971703cfc306537bc30f,vida-nyu_reprozip
1629,7db08332146373eaa4c251399c801ac27c74945f,vida-nyu_reprozip
1630,7dbe1a45379105e4319f8a2ba26f3481e1b81dd8,vida-nyu_reprozip
1631,7e01679880d6258a62fa4315ba86a70725f887c8,vida-nyu_reprozip
1632,7e05ea82ef347be0af4200bf696a57d69ac22253,vida-nyu_reprozip
1633,7e0962e3d3adabcc2d0c734308433c8c5f7c6fae,vida-nyu_reprozip
1634,7e32c14370b189866d191a0dd95a8a9555d42ce0,vida-nyu_reprozip
1635,7e592b31a01b2bdc6c44674328efa514c3979e9e,vida-nyu_reprozip
1636,7e624e45f397ca72650c7308046f16168722e7f3,vida-nyu_reprozip
1637,7e70bdacda6708f09f81f4409a00479fe6266844,vida-nyu_reprozip
1638,7e72026fa58b7b319853f0e92eab154eb79cdbf6,vida-nyu_reprozip
1639,7e82969b154f2df2ba7dee0f3cb6d7156a7562f0,vida-nyu_reprozip
1640,7e991b01a67093775cc79ba8494c048cf546ac51,vida-nyu_reprozip
1641,7e9a72c03997517d6fb84efb0c5afb341fcee0a9,vida-nyu_reprozip
1642,7e9fd0a82dea63b48c5f16c32793110d9217f3a4,vida-nyu_reprozip
1643,7ea3b2507e8d0020f6bc2fe3d50645c647ecf2db,vida-nyu_reprozip
1644,7ebcf9fbae5b966455089883032eb1dfb1234f9a,vida-nyu_reprozip
1645,7ebf00ae0aed63d00df89662f7846f729e710b34,vida-nyu_reprozip
1646,7ec6cfb2948cec68cabe1cc7df622803d89e9dae,vida-nyu_reprozip
1647,7ecf02284a2a4ef851daeecd5e05591459b7556d,vida-nyu_reprozip
1648,7ed7a791aae1aa86e6d6425d79bc8b2eb53add03,vida-nyu_reprozip
1649,7edbaf1a4caabedb3a66d501f2f408ffebba35e2,vida-nyu_reprozip
1650,7ee2effe9a115b6ac44de3eb5db89ac76005e1cc,vida-nyu_reprozip
1651,7ee9850e367bb87048ab505f441c9403f3c41bde,vida-nyu_reprozip
1652,7f069160928d8127e7dcb3fa1e72ea1925af5c90,vida-nyu_reprozip
1653,7f137dba51042c3c6b9dced1c415533a4363305d,vida-nyu_reprozip
1654,7f3c10639d1a82c9c07b651c7f306093935b1924,vida-nyu_reprozip
1655,7f49791f8ad36a719b49be5c4b0c5d67cf22963d,vida-nyu_reprozip
1656,7f862c231df1f4e409395221c904a254214b2f0d,vida-nyu_reprozip
1657,7f99bcc87ddaf47aa06710fcc4f1c22c8db47706,vida-nyu_reprozip
1658,7f9f89b236afd090a986076327e756382301334e,vida-nyu_reprozip
1659,7fa97ee6649a49376db567bec6e306148cd61e3b,vida-nyu_reprozip
1660,7fc89a634ac904f830acc09bdb0e276b23de7f49,vida-nyu_reprozip
1661,7fd46d86b75cd3dd946f58e5187399ee6a6d36ba,vida-nyu_reprozip
1662,7fe7a93fbddced49ac77d5bcfd1a83ee5f867b1f,vida-nyu_reprozip
1663,80179e125a1f4ed230f952463a4653e0d7d5480a,vida-nyu_reprozip
1664,802e509dbf34b790ba1cda1f7bd117139383c28f,vida-nyu_reprozip
1665,8039a168624443345f6bcd3ccbdbc862610c82a7,vida-nyu_reprozip
1666,804c79d779b6a794c3e03c698843e327d2f95cc0,vida-nyu_reprozip
1667,8056105f4d0a5d769996daef946fd6a51cce1fbb,vida-nyu_reprozip
1668,8063fb915b3bd53ed12b827c92e453b6d38a238b,vida-nyu_reprozip
1669,806c966e30050369435584e26cc90d61ae34b75c,vida-nyu_reprozip
1670,8076c65d43cc4fbd03dd670b0699ef80c2dc6a3c,vida-nyu_reprozip
1671,807c790e4af86be326b0c915baa97240a49ef0b0,vida-nyu_reprozip
1672,8081a2b2b0a090ca1588c161d5efc0a55efcb4f6,vida-nyu_reprozip
1673,80dd254e3644a525b9582adcc264756226371d6c,vida-nyu_reprozip
1674,810c8cc70269b017e5e827b998cfb99fb31e2cfc,vida-nyu_reprozip
1675,811f5c3f7a35c68bb1e0d1871ca6c578f9ad4ffb,vida-nyu_reprozip
1676,812071b2be269167c59e3d5932255e0f37542bc9,vida-nyu_reprozip
1677,8123fefa38ea503edae9f94d506f8e190195263d,vida-nyu_reprozip
1678,8139adabe0f07108eac6d2f5b3ef90d576dd1938,vida-nyu_reprozip
1679,8142d835d7264f97612e36e77fb60d7e5abe69c4,vida-nyu_reprozip
1680,815838db9ff87f68d096f45ad4bc2da0ea30dc1a,vida-nyu_reprozip
1681,816fa6bc987bfcaa49b2556fc1c058e12410810f,vida-nyu_reprozip
1682,817c099cce0a04c1cf4c1480e9a34e789e08985c,vida-nyu_reprozip
1683,8190295eb3e3cb18b6421571e67ffa460790e661,vida-nyu_reprozip
1684,81983e6a829f3aeee616bfd0655892d8b6ee389c,vida-nyu_reprozip
1685,81c61c1460a50d48b7024a35b4c54b02881dbe44,vida-nyu_reprozip
1686,81ce4ea77cc410d140d01c6d40ee80c5e96010f0,vida-nyu_reprozip
1687,81e3ea426007617c57a1a3be51ace4af4faf1fc3,vida-nyu_reprozip
1688,81e464bf662583728d20b3fbf29bb2c676d414a4,vida-nyu_reprozip
1689,81ec144eaa58f6f935a830c5dd0eb4b73594b0cd,vida-nyu_reprozip
1690,81fabebe42a36b2e17d06e7329ca7c8ecdc4458f,vida-nyu_reprozip
1691,81fd921ae00ccf5ca3aaa73f9585a84064168ef3,vida-nyu_reprozip
1692,81ff7222553c2e5c60c60e259f8b050fd8b33454,vida-nyu_reprozip
1693,821def4d2696fcf3262722f13a6512cb6f9c1502,vida-nyu_reprozip
1694,82233df42462bada1b5bc1aaf69b48952ecde8b6,vida-nyu_reprozip
1695,82248bffe102ba19df35ff2eb814ec7aba40e6c6,vida-nyu_reprozip
1696,8234bf463261494cf5cd277923d0752bdef93055,vida-nyu_reprozip
1697,826b6d780e27cc4401cc9cffadc3ac2f8c79f5b7,vida-nyu_reprozip
1698,827e5dc8a07f92f481e0e4746b6f07f44da9578d,vida-nyu_reprozip
1699,8290c77ae0dbdd1a8c4b57f9f554b05ac91b50c3,vida-nyu_reprozip
1700,8297937f521a722d77739892aff04862e540e9ec,vida-nyu_reprozip
1701,82ef8b2c8511c983322c6205dd90e53e045464cb,vida-nyu_reprozip
1702,830089a2664e8378b4c1cab37df5d4b1f89917b6,vida-nyu_reprozip
1703,8305f74c530b2800d502e74340013f78394a7004,vida-nyu_reprozip
1704,830660cd43e031dab9d3d9d30e3b57ff72745309,vida-nyu_reprozip
1705,8328388508fc5dff2404c3bc288c690310324a67,vida-nyu_reprozip
1706,832bfcce9e694681f741fbf687ee5465962cf3b4,vida-nyu_reprozip
1707,83377109d2a352507a5195c08acb856b83b638c7,vida-nyu_reprozip
1708,834f6c974c7110f0480aa450d5aea79ea13d4462,vida-nyu_reprozip
1709,83501637c7561bf40125b5a494ef0d8b330c116a,vida-nyu_reprozip
1710,8375ab39800dcce7fba9d0656d986ee53034866c,vida-nyu_reprozip
1711,83806edb30327424eddf8280eed62f6009cc4c6b,vida-nyu_reprozip
1712,8384390ddd447fd1108d6f18883d93d2265a8a6a,vida-nyu_reprozip
1713,839951c2a4637691dc6ee2f22e3979b0ec10a582,vida-nyu_reprozip
1714,83ae50e24508dd777814f610e291fc328b102b25,vida-nyu_reprozip
1715,83be16f6fcf9d497cd5fcc70e76cb5b38f042d4e,vida-nyu_reprozip
1716,83d211c684ac4281be304d3f568da310e5c19bb1,vida-nyu_reprozip
1717,83e74a9260642a6dd07eb2afe81a3a24255858eb,vida-nyu_reprozip
1718,8401074a94415533b24563da5e02d5b553076457,vida-nyu_reprozip
1719,841b1f29ecaf605177fa163ea6f0591e4c4a86f0,vida-nyu_reprozip
1720,841bcdba6c85b322328234b7ed7ee1d1a5df3bd5,vida-nyu_reprozip
1721,8422e154a4c9e9478415115ae7ac90f6c091f311,vida-nyu_reprozip
1722,842a8b933a501398326f5d0095593855c7b58af7,vida-nyu_reprozip
1723,842f1450b3b21d107498f3977da208116ffbd5fd,vida-nyu_reprozip
1724,8445a4ef920c3090e1460bf4af309a9110bbf85d,vida-nyu_reprozip
1725,8458565cb768db4c9e02fa2d5402855152eaebc6,vida-nyu_reprozip
1726,846cbad72bbdb24b2d02a4dd37621ed005ec7628,vida-nyu_reprozip
1727,8470920572862e99dc38eb9f0a3ff5a07160b609,vida-nyu_reprozip
1728,84a3b462e6d93c0adc8f57a7b683228ab138fd53,vida-nyu_reprozip
1729,84b283babc6bf8ca85e78db9ce25e5311174925d,vida-nyu_reprozip
1730,84b7ec602348ea4d02d41832eb7d1c9238adf206,vida-nyu_reprozip
1731,84f81f5e6838ddc2663d78193304f37c78237404,vida-nyu_reprozip
1732,853d619f4fea093498bfb7c0a9306f60f84ec157,vida-nyu_reprozip
1733,854c5322de0b9ed0ebfd4eb12696d8f509097198,vida-nyu_reprozip
1734,857f57a832768f57fd8c299e907440e12020ed69,vida-nyu_reprozip
1735,85e4d2203f9269a5fe2bd71068803c959428bd31,vida-nyu_reprozip
1736,85f16f5411c167843a6dc685665ce616dee194b5,vida-nyu_reprozip
1737,85f387d74db27b851beb40801c174e59b397f622,vida-nyu_reprozip
1738,861d94eb0447e903047a92802648b0b8e0bba082,vida-nyu_reprozip
1739,86263fa3fca3def7e24116d8ffdee599b5f74bf8,vida-nyu_reprozip
1740,8632381bf6660747295532b33d934f98ed8dad44,vida-nyu_reprozip
1741,8645fff2ec3a5d0b1e83b9e7bcd726d1381c3879,vida-nyu_reprozip
1742,8658048bfe7375cc3e199498e7328eaf2e221179,vida-nyu_reprozip
1743,86770f9b4cc4ec621b9eb2844885cc0dd828cfd2,vida-nyu_reprozip
1744,86819d88f79cb84451ef0a61e10004c8e5d27185,vida-nyu_reprozip
1745,868e7cc7fdbc43de887b828e162ca68231b9300e,vida-nyu_reprozip
1746,86aa51a585c3c78ad9cdc9f9418beb6e348b3f31,vida-nyu_reprozip
1747,86bb0cd9695f88782e45103bce4031121f1376b3,vida-nyu_reprozip
1748,86cb762f8085eec4ecc6b0c24b384d3f50d4ced9,vida-nyu_reprozip
1749,86cda1dafeff1ad4e9b7ff8c54aed7d46f130c56,vida-nyu_reprozip
1750,8754e7db1962d6869c562d8b576b944e6e58e37d,vida-nyu_reprozip
1751,8756360ebe887c627983df46d840b532d03d34d3,vida-nyu_reprozip
1752,8758bcd1de87efec3539e77ee9c166db08d759b4,vida-nyu_reprozip
1753,8765da5386900fb4336dae6967c316cb59c8a5b8,vida-nyu_reprozip
1754,876be39b88ee9bf66ce4a4a7caf3a5dbf76d23ba,vida-nyu_reprozip
1755,8781d15f21d605423f95f2dec1eba1b77361f007,vida-nyu_reprozip
1756,87a154a710b9753076b9d77b0d1806ccb974593b,vida-nyu_reprozip
1757,87a2e28f611a0b0c4340891d2b727212c9a52359,vida-nyu_reprozip
1758,87bd9f638995fffe034f1088543d4726bebe46c8,vida-nyu_reprozip
1759,87c08a9fa6feb9a58c3c868bceee20ee6bf4ddb0,vida-nyu_reprozip
1760,87e2acb1f629c38a7df332758b606bca43384829,vida-nyu_reprozip
1761,880de1e73a2b577ee037159a58a0b059babe00e9,vida-nyu_reprozip
1762,881531226c3b0e07ae7f069d48071a893af04b77,vida-nyu_reprozip
1763,8837fbe9427c7b600f560c1f77634ff2f4f37910,vida-nyu_reprozip
1764,883f24cb32f6373291985ab9c079bcf44dbdcc58,vida-nyu_reprozip
1765,885224206e8c003c51089c34eae250ab21240365,vida-nyu_reprozip
1766,886a8f3cb804ecfb22f98dea1a058ec7cfc56021,vida-nyu_reprozip
1767,8896a1788e353b3d110a798e2bc2bca40a029d5b,vida-nyu_reprozip
1768,88c71fc2fa1e60a1edabe59b1f8e77f9b467938e,vida-nyu_reprozip
1769,88e2e175c7efb8ddb683cb630aa668702041e161,vida-nyu_reprozip
1770,88f2ae46c87749164373c02e2df0df0059084900,vida-nyu_reprozip
1771,88f4d1e52b41151cd96236d295f174389aea12e8,vida-nyu_reprozip
1772,8904cc79866cfffbfc04cc77ca205e1e776755e6,vida-nyu_reprozip
1773,89168b9105e12404409262b082b8b783e8b801d4,vida-nyu_reprozip
1774,892723c5bdae9434a20b3e9260b620fb42fb461b,vida-nyu_reprozip
1775,8929c5d6222d9e4f5d840e037e409b60ac37ddcc,vida-nyu_reprozip
1776,893623a0a9ad6c88f7eb02b9c9a68f4e9df8da8b,vida-nyu_reprozip
1777,8939159e03496091fb800e3d7a4c73946812dc3c,vida-nyu_reprozip
1778,89724ca8351ed354cc600ddbcb7842156d7f0e44,vida-nyu_reprozip
1779,897ac4ebd181295733f18979512e5fbaf01f7c12,vida-nyu_reprozip
1780,897e9a2f56454260083342ce37d0cd4b70f97b2f,vida-nyu_reprozip
1781,899c183ccb52eded336198dff31374344a27b6c4,vida-nyu_reprozip
1782,899fc29f3d98206fe15fa6196144db382acea6b6,vida-nyu_reprozip
1783,89c0bfe90cdf27ffecdb59d2f8dd89b4faf79479,vida-nyu_reprozip
1784,89d1ffde484fcca72c6b85e94bf3e25b8b382286,vida-nyu_reprozip
1785,89e6f1d9f2073774f75d3a8e33343ca4db6da7bc,vida-nyu_reprozip
1786,89e85f5bef419bc9df0e4abef80bbd9e465591da,vida-nyu_reprozip
1787,8a160d4035b6df5b12a42a1c52412cd60f83f0b7,vida-nyu_reprozip
1788,8a210f7cd0699890ac7c5da9125230c919d6ee0a,vida-nyu_reprozip
1789,8a344f89c5da372650f47309d50b00c56a206eef,vida-nyu_reprozip
1790,8a46b77d8b899cc791366302d7a49a4a82336933,vida-nyu_reprozip
1791,8a5d2376502323bfc4cb7d21ea91d70124e91215,vida-nyu_reprozip
1792,8a64d161e10450350a7ff199a783b0be3285856a,vida-nyu_reprozip
1793,8a651a18588f9074b9977aba0fb42ec4f87748a3,vida-nyu_reprozip
1794,8a65a376ac84c83a622ba0798f3f9438bf5cea5b,vida-nyu_reprozip
1795,8a66d0284218c48f15ec09a0cce373f2a3cddade,vida-nyu_reprozip
1796,8a7edfb10736d1f6ac7063f8092e9955f417c6ae,vida-nyu_reprozip
1797,8a898245830ed723ccb9a0b123bbf162ab189725,vida-nyu_reprozip
1798,8a93e036de00964ed1d7a2639811a00a08b51914,vida-nyu_reprozip
1799,8a988eda01f7e76285c85320bc982ebcff9948f0,vida-nyu_reprozip
1800,8aac7bbd4d40a9865925041203ef85aff0c2ea97,vida-nyu_reprozip
1801,8aafc8f56f3c8197fe4106b1b61fdc5b20f031d2,vida-nyu_reprozip
1802,8ae5e1bf9e1bff1c5fced33d220b19ed17bfaec5,vida-nyu_reprozip
1803,8b0f62e49e7cb5ad0fe31768e22cd41b3a2660c5,vida-nyu_reprozip
1804,8b4ef044b4c52530d2acac449e269dcf3b4ae66f,vida-nyu_reprozip
1805,8b6ee2170f73a92a85fa9d82a512b0dc00397b6e,vida-nyu_reprozip
1806,8b7d46125b64d83309598c14f5e332e42b16508b,vida-nyu_reprozip
1807,8b808c3816e4afb20c02a7f3b18d555eacf83ec4,vida-nyu_reprozip
1808,8bc18edddefd2d4367f325ae8a14ae70c3c2ebbe,vida-nyu_reprozip
1809,8bc3817096619fbcd7cd0b7db3f10204da30fe61,vida-nyu_reprozip
1810,8be148bdaea262b9fca976f8969f4f24d0ebfbf7,vida-nyu_reprozip
1811,8c0a4db7f155917547a8659394a8f6dfa02c429c,vida-nyu_reprozip
1812,8c0c17fa9fdc65992405970336e4c9c9ca1d8881,vida-nyu_reprozip
1813,8c132990c8a94cdc325d31a91a44f037fdc3df32,vida-nyu_reprozip
1814,8c24c22f27e347a7d55e117985d489e7c7a6e23a,vida-nyu_reprozip
1815,8c25a84508673b1301012d57a5775a27bdac058b,vida-nyu_reprozip
1816,8c2c6362d1caebe397471ca35528e05e5e5520f0,vida-nyu_reprozip
1817,8c3173f1d26c2255e197427fabd4fd60ce3c9b51,vida-nyu_reprozip
1818,8c46ee6ea55885f51cb46186e138788e869c0923,vida-nyu_reprozip
1819,8c499b8518d65a9daa69566a2f679f8537a70151,vida-nyu_reprozip
1820,8c5631e5ea262be683bc1f43f3b275a630f4b0bb,vida-nyu_reprozip
1821,8c82452f8e1af85fe3b95e80f9a373671e753dc9,vida-nyu_reprozip
1822,8c8990dd07dd860a44b70c4a8f38492ef8b99629,vida-nyu_reprozip
1823,8c958a432f2b4b9561f7f6a25f43f07c95c6d2fd,vida-nyu_reprozip
1824,8ca7d1c62af47e6acc21e2f34a9d98083e3a57b6,vida-nyu_reprozip
1825,8cb72d633fc21cb8ba4f733fe384e48d28756b5f,vida-nyu_reprozip
1826,8cc1bc892d324e08dedac31c97379df87fd0f64d,vida-nyu_reprozip
1827,8d131ed67c7a287181ab36993c785fc10a1e3de1,vida-nyu_reprozip
1828,8d2153b81b36850fbd5462755933370b4e99897f,vida-nyu_reprozip
1829,8d36aef78ad8c2be401398a7cf9d9768e929f59f,vida-nyu_reprozip
1830,8d47b65a12fb8a0166ddcf4c15b1ed613af6d428,vida-nyu_reprozip
1831,8d4d94c94cc0084d050059e1c562235a49203632,vida-nyu_reprozip
1832,8d8934265e014456c38a8e1d010269d136ca102d,vida-nyu_reprozip
1833,8d929f116c02823aef3805cd6583fe396d1ed858,vida-nyu_reprozip
1834,8dab34acac2c454efcd27130d7404f8d086e7cc9,vida-nyu_reprozip
1835,8dbf8982a2f53470cd4a9e66f8a2d36cddab9778,vida-nyu_reprozip
1836,8dcc25f1be2c2e2dbaa7ea783ba119ff91cbb778,vida-nyu_reprozip
1837,8dddeac5fb91aa1fb0b21a5631cb46ea01809e4e,vida-nyu_reprozip
1838,8dde63e4c03153cddef6ee786e9fa28888674c21,vida-nyu_reprozip
1839,8e2c2befd88beae3be69d06736d568c47203df5e,vida-nyu_reprozip
1840,8e51379aeefedf3cebcf8ca1e527edb55ab007a5,vida-nyu_reprozip
1841,8e661ef92686599bda8274f3c2e92385c5539788,vida-nyu_reprozip
1842,8e6ee712c8fe283df2a0274bcf0fae807de918ff,vida-nyu_reprozip
1843,8e80db5b830f90d24023f688c567250b11d2075a,vida-nyu_reprozip
1844,8ebc9e9176daa156f2141a87e9a74f2c7ea50f2c,vida-nyu_reprozip
1845,8ec4759294f2acd1cfb264be4612e9521dd605a9,vida-nyu_reprozip
1846,8ecb350fcf0a704cb1b1735ff98d6ad2c5a3e8fb,vida-nyu_reprozip
1847,8eced0a14cb75c3292aa19fa2f645055869d58d6,vida-nyu_reprozip
1848,8eea4aea5435d7a1f50d9f9303baf86cb9c56c4f,vida-nyu_reprozip
1849,8eff297e88577c9624b012677b9d5bd0188e44e8,vida-nyu_reprozip
1850,8f0838756c99242c41f0faa99c40038327eb8985,vida-nyu_reprozip
1851,8f15f1053b07f912589ca5fdea57df29a6b8bf7f,vida-nyu_reprozip
1852,8f237c9a04f5c232f03fa73141d25927e4a2b122,vida-nyu_reprozip
1853,8f475ac57d86e0619c9189cf12e3fa2ae53a6822,vida-nyu_reprozip
1854,8f561acaba278fccbbecaae685a4a8e97cb095df,vida-nyu_reprozip
1855,8f5932bd370b6381835c5d32505fffae19503a80,vida-nyu_reprozip
1856,8f5a522baaae62d6690762094cf4f49e2abdc195,vida-nyu_reprozip
1857,8f862d391ecf72520ba6875cbfde034d7b2be6a9,vida-nyu_reprozip
1858,8fa14d21a00cb8357f6387c9ce2b64942e70d557,vida-nyu_reprozip
1859,8fa478635751e2c304d8a28d9ef592d32f5a6247,vida-nyu_reprozip
1860,8fa5777c766f9d1dc2a75b66a15ebd432c8c5047,vida-nyu_reprozip
1861,8fcedfd34de99043c6eac3a25447688c96ab2d92,vida-nyu_reprozip
1862,8ff5100c28f77df7fc61de829d5c8ff8e82f5d6a,vida-nyu_reprozip
1863,8ffbc7048469f52a94f5380bdf26b9eaa6753768,vida-nyu_reprozip
1864,900c1a6be6998532ef46f8e1545738b7709f5a76,vida-nyu_reprozip
1865,900f9e3195efe462c5ed051098e0b85297ccefb7,vida-nyu_reprozip
1866,90103c32a9dc1dc234d342459ec800e685ca468d,vida-nyu_reprozip
1867,90136a67374750263068081e84bcf2f3c9e5702b,vida-nyu_reprozip
1868,90137812105b04f050d37ed8d6421e9f8c586246,vida-nyu_reprozip
1869,903e431df254fc1cf44cd4223ed66525b0238d8b,vida-nyu_reprozip
1870,9046c6425dc482d8a4fbf36d8099644279f8979f,vida-nyu_reprozip
1871,9055d2528f6f6531090bf03f966638a226b272c7,vida-nyu_reprozip
1872,9082976baa848badb543cbed76480b605dbc72b7,vida-nyu_reprozip
1873,90b874ae03df0a0d8150d3f6ec0365237a9629dd,vida-nyu_reprozip
1874,90f447127c4100a415af54298750f9a86290c61f,vida-nyu_reprozip
1875,912c7c4af4ea09e9427e338b0c6394f386ddb89a,vida-nyu_reprozip
1876,9133429ec858c096b2b426be6c65b485b5581c0a,vida-nyu_reprozip
1877,915bdf9453d6857101f1272c83e9eb30d59aeb99,vida-nyu_reprozip
1878,915c74ad54d7a908812beb20bf71e8d8201a6fbb,vida-nyu_reprozip
1879,9162b74434e776a847d3c373fa6046cb6ba911da,vida-nyu_reprozip
1880,9163d3d8bd219ed70bea81fc7401c0c1fde7bfd5,vida-nyu_reprozip
1881,919e9135f969ba40cbd4a622699514ce42430268,vida-nyu_reprozip
1882,91a297851b5fd1daa37846ae2161a17983c5ec58,vida-nyu_reprozip
1883,91a9260401067390e32329f19ce3ce88c9135a7f,vida-nyu_reprozip
1884,91accc045d39147ff3aa6d6fee57ce9e00cac932,vida-nyu_reprozip
1885,9225b1aa773ccc27a851aa86b4b2101f402cae53,vida-nyu_reprozip
1886,9229529018cc04328537873aea0395e1c33f77e0,vida-nyu_reprozip
1887,92754726b208a8469ab0ce564185dc3a437fd932,vida-nyu_reprozip
1888,929af95f83c37ee4634475d80711ea6c55413f90,vida-nyu_reprozip
1889,92a517b659f742e1cf15f679e088685a92d59ef5,vida-nyu_reprozip
1890,92ab3776c8367de57462f9f688f419b6b809575c,vida-nyu_reprozip
1891,92bba0a68c373f46e4dc363b4a66571ed700ac9e,vida-nyu_reprozip
1892,92cd613f0f6faaea72230b18ffee54e063b7b5e8,vida-nyu_reprozip
1893,92d151978d25235a5007b58246286710d141be4d,vida-nyu_reprozip
1894,92f9873c3a80396efcbbb85749ed9e5df11786e2,vida-nyu_reprozip
1895,9318b85fc01e5fa128b2390e32bacee2a2182f25,vida-nyu_reprozip
1896,932df521a682b10e0d6de706a537ebf236917f75,vida-nyu_reprozip
1897,9339a8671765827fe785ecc652adde660afe8119,vida-nyu_reprozip
1898,933cfc30a484e243d5585ade76e78b0a9660a925,vida-nyu_reprozip
1899,9366d590c7d5aae17d264c88fbff6940f94af2b2,vida-nyu_reprozip
1900,936ffca2e76a5b0ba95adb1b339c70e271079cc0,vida-nyu_reprozip
1901,9388783eccee96075fd066347571cbba0a1b129e,vida-nyu_reprozip
1902,939d430f518c7e662dd5e36300c4e89e44f250f8,vida-nyu_reprozip
1903,93c67bdd914c6ba922d29fa0c73c2984d65a9b6a,vida-nyu_reprozip
1904,93e221ba7855b80fba27f064fcaccf4fe0493d45,vida-nyu_reprozip
1905,9402ff769d3a554ffbd3684df48c322865eac3c1,vida-nyu_reprozip
1906,94348f9d9f559820628501f18174a714297b3308,vida-nyu_reprozip
1907,94461134ac81ed138f54db97330c0db322e84ba7,vida-nyu_reprozip
1908,94509879310702256d35526d90c916077cad6013,vida-nyu_reprozip
1909,946204f4bdfdd5706c162b4c5ce718b4ed98e310,vida-nyu_reprozip
1910,94ad33c32841fcb7a9132191edbb2768fdaf1fef,vida-nyu_reprozip
1911,94aead933d1646d8cfa07ceedd23d754898fcdf6,vida-nyu_reprozip
1912,94b4970eefd749340e6fb25015fdb7d93ac1276e,vida-nyu_reprozip
1913,94ca96ba02c20fd94250690e6ab78dad67161038,vida-nyu_reprozip
1914,94eda56d66291d0210e10538b3fe48987c243bfa,vida-nyu_reprozip
1915,951f88152736b9e9a96b7ea31079c9cc8066a2be,vida-nyu_reprozip
1916,952370ec213a25cda73547e850fa42cea6a5afbb,vida-nyu_reprozip
1917,952d8b21f8467dbe8a300188d89135e75e313d49,vida-nyu_reprozip
1918,9536306295f94ff3bb8ae86d10d61a4153b7da76,vida-nyu_reprozip
1919,953d3f1595d190a30b460aaf81afe20da74cfac3,vida-nyu_reprozip
1920,955f190d508c79141feb4cfdc5f85cd01c3b0127,vida-nyu_reprozip
1921,95617690d667486d69d3937be753b95599a56583,vida-nyu_reprozip
1922,956a67892c2fa503119dbc79e20e44996434d4df,vida-nyu_reprozip
1923,956cb61595b463419a1e3c0558e8ab58d6af66ed,vida-nyu_reprozip
1924,9577d0de5254dbc80cf0b23af316d9a98e871692,vida-nyu_reprozip
1925,957873824b5f9291d355bb450df674fc3db25e85,vida-nyu_reprozip
1926,9589d8c3c8b7b4e70e06140bbd4e3d7a5a46051e,vida-nyu_reprozip
1927,959d6c389d579bb136d57d7b03e6a22c841d803a,vida-nyu_reprozip
1928,95b122069e33ccdf694754a8b5326906b9e507b3,vida-nyu_reprozip
1929,95be4cd571fb57e2809cf275b0b2e2d535ecf648,vida-nyu_reprozip
1930,95c64ceeb0548dec88d310bfae2d493ede4a06ec,vida-nyu_reprozip
1931,95cfbfae5cb5eabbf156226a2d47b6683c38a04a,vida-nyu_reprozip
1932,95d80c5da1614e9c0be2d6567f899b2f1c6fc723,vida-nyu_reprozip
1933,95f45983d328dd7a1e7bc9df9907fdb20542061f,vida-nyu_reprozip
1934,96003b35096e6ba5025c0dd844fb107e39934aca,vida-nyu_reprozip
1935,96123142c9a5bc507ecee73c20e67ea153a453a9,vida-nyu_reprozip
1936,961a93c259264eb9a5d3da927de923677b016890,vida-nyu_reprozip
1937,961f905f82f1555e7b55077d0fb719899d406301,vida-nyu_reprozip
1938,96536d75605399e54cc5d8ee71e8b7b902db7103,vida-nyu_reprozip
1939,965c129126296fa3cedab20a0d8af90586d93201,vida-nyu_reprozip
1940,966174078a16aaa0f48a8dfe20ce8aa5355f3800,vida-nyu_reprozip
1941,969c19c269ebbec1aaba6bba2ea9ab8c9cfcd700,vida-nyu_reprozip
1942,96c9619d7863034125874af8b42ad9834cf12758,vida-nyu_reprozip
1943,97124cdda0261dd4e40592c1731257a7166390e3,vida-nyu_reprozip
1944,971eaa522e3f68606805d5fc14203c05aac29cef,vida-nyu_reprozip
1945,971efb19f841929a7f822f166a4e689d21c6624e,vida-nyu_reprozip
1946,9720a91d5933f67312a725a449bda74132b4b390,vida-nyu_reprozip
1947,9723d9ae3ee2cbbeb3001c380585249daf455e73,vida-nyu_reprozip
1948,9728bda41328bf7efaf4e51f7d3e205c3151bf63,vida-nyu_reprozip
1949,975027b287f8e9544203af8515e2f832d7fa8b9f,vida-nyu_reprozip
1950,975915959e8a0345ed4d9bb6830509b3d1248833,vida-nyu_reprozip
1951,976f0de4030d63987ed586bfea665d889c64fdf6,vida-nyu_reprozip
1952,9796dbc5cd2bfd9cabd17b5081a2cc5c4d9d13bc,vida-nyu_reprozip
1953,979c82acbfb2a660befc0aba8cc1dbb1732e13d7,vida-nyu_reprozip
1954,979ff8b329665e7952e8d1628ed811c5671cf634,vida-nyu_reprozip
1955,97a2389bef2e704874630f89f03adea98e896fc9,vida-nyu_reprozip
1956,97c5f666dc534013be8f466e0c22f490baea4597,vida-nyu_reprozip
1957,97e8a4b1351b5782491764c57b9488c377425dfc,vida-nyu_reprozip
1958,97f04fa57c4b01199749c610f9de8c1d78cf5db0,vida-nyu_reprozip
1959,97f5fb6d2e773c55f37ba53f74ee8aa6b57410fa,vida-nyu_reprozip
1960,97f93f8c1792ab84f45d528a5541bccd6412bd94,vida-nyu_reprozip
1961,97f9f2601cbaa7509d4df5a6b222d7299ef7e71f,vida-nyu_reprozip
1962,9842bb964e16aa1bf6a7730135bb553afb5ffd0d,vida-nyu_reprozip
1963,986533b1e5a18ec2caaf571075510e2b5234343c,vida-nyu_reprozip
1964,986c47e2de4f6e735412460051489c119bf7c6bc,vida-nyu_reprozip
1965,986e807ef5947745aa030dcb13f06c414770d863,vida-nyu_reprozip
1966,98719e3f6e7cf1029358e8b5daabf9f68ea23ba5,vida-nyu_reprozip
1967,988191fc5f10fb865498708d82a65517811ff7ac,vida-nyu_reprozip
1968,98a4aa42e87218f35f1a29cdefd8e86f89173e1b,vida-nyu_reprozip
1969,98c3bd43241f22bc5680d02fbef6f3fd1e7aeaa4,vida-nyu_reprozip
1970,98f7df65312397e9fd53470188a4cecd70de90a4,vida-nyu_reprozip
1971,990b68276664e9c1a431f7288ae60a4e588fcf67,vida-nyu_reprozip
1972,991ffac69501dda00972e59ccd30d4afaa6a5dd2,vida-nyu_reprozip
1973,996466905fe919a78205dd7a6c47f29a701e3a97,vida-nyu_reprozip
1974,996ffefc7ed8ae7a15411f197d2ae1a62fb6f58b,vida-nyu_reprozip
1975,9984e5280ee6ad07ec1c36ae6dab28bd022fc388,vida-nyu_reprozip
1976,998dd5293246aac7ad57c57b48d4656456673e7d,vida-nyu_reprozip
1977,999585236e4d04ece7e1af1423b0b08612dd8cd4,vida-nyu_reprozip
1978,9997053b775c41e29f4a87e8fcdee7fcf10c3e99,vida-nyu_reprozip
1979,99d2a8de33076242f4cd8404bebf866eb22aeae3,vida-nyu_reprozip
1980,99df6cd19080ea95e5c3309401a6c76a2d93843f,vida-nyu_reprozip
1981,99e7e7113e95927883bd64e4af15d7000a1de5fb,vida-nyu_reprozip
1982,99f254ae9f45c0b969eb93a13cada5e82daf4d36,vida-nyu_reprozip
1983,99fcd0f1de48b9e76b012d98e36474548f6a78be,vida-nyu_reprozip
1984,9a08d94cf166195533149a7919824702e81f8699,vida-nyu_reprozip
1985,9a0cb0aa524a58a7684fa15508a9722f46afdbbd,vida-nyu_reprozip
1986,9a15f4f6477a99c0c1f3744a94532bfb1d7344cd,vida-nyu_reprozip
1987,9a1a00bdc49bafc9c14eecf0bdddc589731eb6f2,vida-nyu_reprozip
1988,9a41c8e1c461719438d515427cb9e1bbece893f6,vida-nyu_reprozip
1989,9a425d3f1fe0d0e71ea1d7f42a9ae284d17ecdd0,vida-nyu_reprozip
1990,9a66fbafd377efea81f80f54831b9f1fd33da23f,vida-nyu_reprozip
1991,9a69ca7145f911211e8028bc1baf94da678a30d1,vida-nyu_reprozip
1992,9a6a3ffc4e8327eff43ff6ffacda04ea351fe530,vida-nyu_reprozip
1993,9a8aea711adf853ce0f21f25337c500abc2f0240,vida-nyu_reprozip
1994,9ab12293ebc6e5945c60bb03977ce1f5bf4ae535,vida-nyu_reprozip
1995,9ab40882aeda66689698a4ad1e32b36f10222692,vida-nyu_reprozip
1996,9ab99e412538b19dea2ef1875e792d026b1fd982,vida-nyu_reprozip
1997,9acb8078fc9bed490438f0ff1f525bb890419fcb,vida-nyu_reprozip
1998,9ad7fbf537fe9eb1ca48b01407ffef3bbd9e14a0,vida-nyu_reprozip
1999,9aef0ee0e24a7ba1753eee4fcb299fffe3a24c9b,vida-nyu_reprozip
2000,9af2161b1ba37f930ede53112f144c85e870e9fb,vida-nyu_reprozip
2001,9b067995610cd436cf100fe5c940edf6231a74db,vida-nyu_reprozip
2002,9b12b491415fc48a81bf6b20387c3343f9e6b627,vida-nyu_reprozip
2003,9b13a42086d741fb08cc8028dfd4939937c259fa,vida-nyu_reprozip
2004,9b43ea26c576a486d8432d0a3c53ee81fa448a0c,vida-nyu_reprozip
2005,9b8d54fd9bb63cbe807defee8a948f2354edd749,vida-nyu_reprozip
2006,9b92f0a8645dc01a6b66ea753672e8aff24cecc1,vida-nyu_reprozip
2007,9b9600b2cf6ce6ae6e2ded2197ca11a64908937b,vida-nyu_reprozip
2008,9bb8d61af46cbb272728ded98772940534fd4172,vida-nyu_reprozip
2009,9bbe090e6a50fbbcf1a5906e15e1eb41c5f8ad7d,vida-nyu_reprozip
2010,9bc8f61b2fe45372040893f976b2c951f767acf3,vida-nyu_reprozip
2011,9bcba1c2a11a24b4410b29d8028e52826b147590,vida-nyu_reprozip
2012,9bcd10d49f70eaf227cecf7600ab524be0edd5ac,vida-nyu_reprozip
2013,9c11a08e481565262516441e230e276496834ef1,vida-nyu_reprozip
2014,9c543ca082991bd31800ec45412c057dc58a0f9c,vida-nyu_reprozip
2015,9c6a978fd9017323f4403dff8d716ee0c4b8dd77,vida-nyu_reprozip
2016,9c74fcd0aae1afabd7f27fa666e7a8d75ff83309,vida-nyu_reprozip
2017,9cb86d727740794a22420dcdfe9dc1835381e580,vida-nyu_reprozip
2018,9ccd41fc0fcc68722c24d321c1a094bedc68da1a,vida-nyu_reprozip
2019,9cfcd0c97de133af5551533de7910fdcb9b4933c,vida-nyu_reprozip
2020,9d14cba89917c32d798cc8c2a612fc1908034ec9,vida-nyu_reprozip
2021,9d1d8cc46f0c9aa810913ec85ace685bac3bfc72,vida-nyu_reprozip
2022,9d2ff11ee05466612a2b2be6cc118a749883ffeb,vida-nyu_reprozip
2023,9d52a15fbdb81ab2ca4748aeff58995fc8a45865,vida-nyu_reprozip
2024,9d55b1d247d2e915d11a0a4328c59d5712b4dc42,vida-nyu_reprozip
2025,9d65bc60e40071c6636fe8e9f0bd56c7f100e063,vida-nyu_reprozip
2026,9d6c5c21bdbeedb9cc199d80534503a716c60cb9,vida-nyu_reprozip
2027,9d88f7e38b18c1d1705255ecc0372813fc75f989,vida-nyu_reprozip
2028,9d8a3b67aa41c891eec71e8d86c073842e54eace,vida-nyu_reprozip
2029,9d8f52279de79dc0edd2f0964c13027949868bd0,vida-nyu_reprozip
2030,9d9195d05bac669a99b9184f9d8956f913ec2502,vida-nyu_reprozip
2031,9d96e4b5a446fe91c9c505df6f35059b6a0b1f5f,vida-nyu_reprozip
2032,9d98bdad7874622ad8b565d8a74ca29cea3b1c54,vida-nyu_reprozip
2033,9da5693d17f9697f273a99e147c6d2f0e9b53edc,vida-nyu_reprozip
2034,9defa74535717d18fc9fd7904a956682a531a89e,vida-nyu_reprozip
2035,9dfd1b71d6589688bca4203083c42f69e62067ba,vida-nyu_reprozip
2036,9e113461221f7413fa69cdcc9036c2a219bee09b,vida-nyu_reprozip
2037,9e7c128d67437e346caf4294356016a665527c68,vida-nyu_reprozip
2038,9ea2a876feb6f073fa172aee738007ef7b53d9a8,vida-nyu_reprozip
2039,9ea2bd4067b1220675c8ed331c83c4459d24bb29,vida-nyu_reprozip
2040,9eab578c9b2404c107712838224d0001136af918,vida-nyu_reprozip
2041,9eafc2a4af40135947fc38dcbc39b9d26160d0d3,vida-nyu_reprozip
2042,9eb06a50546ddbc303492a766174b0139dcec65a,vida-nyu_reprozip
2043,9eb43a1cc9633ec68f652d3b1b7a3f2c8e482974,vida-nyu_reprozip
2044,9eba24d8359a6a28a30bc3d1e3783f5831a46fed,vida-nyu_reprozip
2045,9ebc61373dfc01291520a2e1c5bd112630c57fe2,vida-nyu_reprozip
2046,9ec5d9acbdd19f716fa0476742edff0f66472f8c,vida-nyu_reprozip
2047,9ed1a13949d9c285380441cbd4c54ace927e0a35,vida-nyu_reprozip
2048,9eea3ce0bc82c2f360b729b165a1aa2fcdad8753,vida-nyu_reprozip
2049,9eea4d9bbd79beb016303229899ed6360f6b1b1c,vida-nyu_reprozip
2050,9ef56a8341bc8b297f0acd9acf476b3fad912c27,vida-nyu_reprozip
2051,9f0162347eb67fd7a538a2b8def29329f1ef9ffe,vida-nyu_reprozip
2052,9f1463d589c541f044fde43d00a8b52618e685ce,vida-nyu_reprozip
2053,9f20a684f82eafcce1dcd29a29f0dd3cc4882e4f,vida-nyu_reprozip
2054,9f258db6092d44d82488023dccb75c66bb96c04d,vida-nyu_reprozip
2055,9f6bdbbc45b92a33380db1b6e6782f53d57d4327,vida-nyu_reprozip
2056,9f6efba3ef49462e2b2ce2cd8bd330ec7e03f5b4,vida-nyu_reprozip
2057,9fa9210166589aa3e1713a661ec741e307c77647,vida-nyu_reprozip
2058,9fc60abbb7daa9f5ae802e26c54c756a00b9099a,vida-nyu_reprozip
2059,9fd66a0f0a89d0866ff7c03e74f6bf4bc75ec97e,vida-nyu_reprozip
2060,9fdf9fe228182b01d2b620e69ac3ff63b30b5dcd,vida-nyu_reprozip
2061,9fe389762a415db26bc1ab740340d1d9a91164c7,vida-nyu_reprozip
2062,a00ece862343177585f2cdfb4e10bec69e2b5a7a,vida-nyu_reprozip
2063,a02a866204cf06059572f21a9060d2f1a7dfad87,vida-nyu_reprozip
2064,a040a2172047facb0c696cad88c6c57535d165db,vida-nyu_reprozip
2065,a06cbb457fcd281e8e70d97963175797b69e21c7,vida-nyu_reprozip
2066,a071fba8dbcc58acbfc9383c71b0880b2b17f019,vida-nyu_reprozip
2067,a07f906692060e6c6124e3d9a4557f581c53fb47,vida-nyu_reprozip
2068,a08285e7d2861ebfe1c5f2f02480fd719ea4668e,vida-nyu_reprozip
2069,a0a055b86448a2d07f03cd09ac07c4e5b190b550,vida-nyu_reprozip
2070,a0abdcbc50897f10ec2b300f5513caf9b80b2c9a,vida-nyu_reprozip
2071,a0b7d1f4ddfee18df8884b50735ff264e1ed8598,vida-nyu_reprozip
2072,a0c8a95b8d28637818ae1196be6cbd9a40180b07,vida-nyu_reprozip
2073,a0e718442fdf8bb542ac131b278a48bc4f568581,vida-nyu_reprozip
2074,a0ec9a7935a07497e65052c41dc38da605bfbcbd,vida-nyu_reprozip
2075,a0f2d00f666c27b9a827cd7079cfd15a46f0f19d,vida-nyu_reprozip
2076,a1107e11ae61440edc1fe6ee7218bd9db60fa6a4,vida-nyu_reprozip
2077,a11cc3a3e328caa997caa8eac1da1d63f3f5b8ce,vida-nyu_reprozip
2078,a11e68c66eb23632ad0c3269dd2b5dabc80752cd,vida-nyu_reprozip
2079,a165a4fb154a8943ce21c9d9dc8cd2c70cd6b5e0,vida-nyu_reprozip
2080,a173e6b8ec9c46206e799f0666456b9752724ab4,vida-nyu_reprozip
2081,a1869d2fb9a1265e74951b9bfd3583e769503d3d,vida-nyu_reprozip
2082,a19038765ef2fb6e8c71b5c17b68159d3f0947e2,vida-nyu_reprozip
2083,a19d06aa1a007518e35ff99171acdd4e25602716,vida-nyu_reprozip
2084,a1a971bac8ceb7089fafd45da8b2ef5b20c8c798,vida-nyu_reprozip
2085,a1c09baa9a292fc6ad729498ba59ed3a342efab5,vida-nyu_reprozip
2086,a1c3398e1eecffb405fc6c942309b0ec16a6720a,vida-nyu_reprozip
2087,a1eb1ffdd35f922627a5e4949a7ef42950d7e3f4,vida-nyu_reprozip
2088,a1f28faa62eac1a3707950064567acac26b4cb05,vida-nyu_reprozip
2089,a1fc9fde905399364d029a795b5437d8e9ade227,vida-nyu_reprozip
2090,a22884aab735626c7ac6b205610dcaaa022f4864,vida-nyu_reprozip
2091,a273967808c04cee56f3c1c3a19291cf3481a56a,vida-nyu_reprozip
2092,a27c0c94172b94e57deae8f70c7e28e7a867088e,vida-nyu_reprozip
2093,a286f0b44c50a33cc5bc4237abbd72f2beba6f9e,vida-nyu_reprozip
2094,a29478c49780bd6beba715b3129c73126410a438,vida-nyu_reprozip
2095,a2b2d429b867b6ebc39e337a8aade721e7ec46ed,vida-nyu_reprozip
2096,a2b2f384acf5d23e70e9a53298e328048b8d80dd,vida-nyu_reprozip
2097,a2c0143bbeaa6e0df9415572b58a32b0438fe4de,vida-nyu_reprozip
2098,a2d815f73ebc3dc4a87039c6e9d52d3703f86ac4,vida-nyu_reprozip
2099,a2eec604b4c68cbae2f35c1d939c21dbe2d2a2a9,vida-nyu_reprozip
2100,a2f2aade5afc363fb5289863192e1acb271e916b,vida-nyu_reprozip
2101,a3075f6fe8bfbc182e4e9c68717d838545b43a87,vida-nyu_reprozip
2102,a31a946884f105eca44eebcabfcd2fcdfe48158e,vida-nyu_reprozip
2103,a3335715ffc2ca6a576e17f761b07dd69ad65f0b,vida-nyu_reprozip
2104,a33ddc63d0fd8f1b6c23b3bce1c3a4f8b14b8f75,vida-nyu_reprozip
2105,a34369e006697436be82e645521e1e6da0fc7d01,vida-nyu_reprozip
2106,a383dd77c7d5436f24770bf5150ee357287aea8a,vida-nyu_reprozip
2107,a386ebf229300c4031d3ff4673025785e9c8b419,vida-nyu_reprozip
2108,a3927c3ca0c590d1fa8e40ad662dfd2cabffbcae,vida-nyu_reprozip
2109,a3a214ea3ce1107a2042b2ef88b67ebb1b24c994,vida-nyu_reprozip
2110,a3d2f01d6f18ce5bc8b38cb4b70b450d6c2d6550,vida-nyu_reprozip
2111,a3d361da569d56b8c8c6acb1a907af0a55f52b3a,vida-nyu_reprozip
2112,a3ff4ac63e3f9872923fd5ea7e481207d116ea66,vida-nyu_reprozip
2113,a4070d82c9144b4d8a154064e5c6fa70758a474b,vida-nyu_reprozip
2114,a408ef8e048557f66e2764ca9ac892d45621faf9,vida-nyu_reprozip
2115,a409a169c8544f9e5eb29ee725a47c4035d30901,vida-nyu_reprozip
2116,a40bc51a66af857d4fd5dfe24449612104de16ef,vida-nyu_reprozip
2117,a449ce52f52a878958607bd797506007b395e512,vida-nyu_reprozip
2118,a44f1052ecbb72802f018542012ca4ac634ad974,vida-nyu_reprozip
2119,a45ab7273b30c5e070be338f4465d751ac60b1be,vida-nyu_reprozip
2120,a47290f781e08338c8615c65d1e228bc383de772,vida-nyu_reprozip
2121,a4919272a0938ebbc7ab69b1ea295003fa0ec89e,vida-nyu_reprozip
2122,a4a1e9457ea072ac64420b110c97d29a0c9349d2,vida-nyu_reprozip
2123,a4a6992bfa91589a27e33a13ed17eb8ec799ca39,vida-nyu_reprozip
2124,a4a805f7415acc795fc43940d793b6c41b3d8b19,vida-nyu_reprozip
2125,a4ad991cad96d1b5bf4e6a6308faa15a9c9917cc,vida-nyu_reprozip
2126,a4b459cff3fc4cdf0454f80839d3ae6763618d2d,vida-nyu_reprozip
2127,a4da8223093f0ba50c41ec8fe6a5042f6a886e59,vida-nyu_reprozip
2128,a4f4dcde96d1ce90add282457b54a463f9f85d13,vida-nyu_reprozip
2129,a4f9291d28d652371ae96827482b3bb72fb63e92,vida-nyu_reprozip
2130,a4fe5ed99393245f0cb7e1ed9ed80d5fcc7248b4,vida-nyu_reprozip
2131,a5339aadd5420b57d252bb44a583384998aae66f,vida-nyu_reprozip
2132,a53a0312f9a430e2818531f39336ea537061d0a9,vida-nyu_reprozip
2133,a5780c19c3e9f7b56e42ad89dc67b9f14a31b040,vida-nyu_reprozip
2134,a578eea267c2843fd756f38cb194ec5407dc2f8b,vida-nyu_reprozip
2135,a5821fd1c101ffd7d7a346b8257a372f051415e8,vida-nyu_reprozip
2136,a58266309e17960fe7fbe5330bc20550df3ba888,vida-nyu_reprozip
2137,a58c287af97af2aae8ad09afa2944d3525a564ef,vida-nyu_reprozip
2138,a5be509750a486bf16905180bc49e13cab892d60,vida-nyu_reprozip
2139,a5cd3d488bad4bd7c50e7fc3fed12b13d29bf202,vida-nyu_reprozip
2140,a5d611a036c4c5cff3485ae0e86cb5eb05549f21,vida-nyu_reprozip
2141,a6032127369c24c03b35bedd643a8c388f14468f,vida-nyu_reprozip
2142,a67d2602b501b4333f5e6d25e8e94e17d58f6081,vida-nyu_reprozip
2143,a68878a6238e04dbce8fa1f9af6b35d43a29c525,vida-nyu_reprozip
2144,a6a84a68296adbbefb9c19fd6bb2203b2561951c,vida-nyu_reprozip
2145,a6b8836a65baba701a39a06db92604987f136f97,vida-nyu_reprozip
2146,a6c79b73b2fe13381bca970b65b416f7f80f04b8,vida-nyu_reprozip
2147,a6e141da5912af27b76f9fe81197d03b02c5829f,vida-nyu_reprozip
2148,a70d3e2ffe9540b626499e871b9dc295c7593f15,vida-nyu_reprozip
2149,a71332c8a11f5e421581deb9dfd74721fd320a6c,vida-nyu_reprozip
2150,a71668d688423e3dc6367b53a5e968bf00829aeb,vida-nyu_reprozip
2151,a7293444d231878bfb78c684d165a0d22b1340ae,vida-nyu_reprozip
2152,a741f4d318ff9c8a293bb043f3685bd75b3097f4,vida-nyu_reprozip
2153,a750b9bed63939d87a76ebbeec5f694b3248703a,vida-nyu_reprozip
2154,a79674c9dbf909591f643e9fcfb0c40695f58e98,vida-nyu_reprozip
2155,a79a662c4341dc63a59dd95c8d282011010fec64,vida-nyu_reprozip
2156,a79bc575283ca4aa728574a86e51d58f49261c2b,vida-nyu_reprozip
2157,a79e4f6f8b5dc99153067d3e50b975b63d94594f,vida-nyu_reprozip
2158,a7b1d6d79f6faec89ba3409a53363b150bda534d,vida-nyu_reprozip
2159,a7b8205d0bd6911798236b1deafe44248eaf2463,vida-nyu_reprozip
2160,a7cb9aa4d81b18dc440c3a457d1992e00da6125c,vida-nyu_reprozip
2161,a7ced4e8a6e38f9dda3e81831ef3691c277e59a9,vida-nyu_reprozip
2162,a7d105c92a64d2df6dd5255779f57735f6f5a4cd,vida-nyu_reprozip
2163,a7ea15bb7d95081598cb9c198126d1b3b02c6c90,vida-nyu_reprozip
2164,a7ea959975e6b2c25e18ddbf9ccd6f84623d091d,vida-nyu_reprozip
2165,a7ed3e5138efa4fbf064515708672d3208e87518,vida-nyu_reprozip
2166,a7fb4d22c38b4244b8bc59a305a593890c5d6ac2,vida-nyu_reprozip
2167,a80bc1821f2ae2e32521cd51aae5f80f3bd5c822,vida-nyu_reprozip
2168,a80c8ff8ffff6d84ee9cbc84d17cf610f70865e2,vida-nyu_reprozip
2169,a80da803c4c90db547b8d2d2601a8f2fbcec885d,vida-nyu_reprozip
2170,a813675b7527d28411f646a131d94969b1a19d3a,vida-nyu_reprozip
2171,a816a9b453ccc5202e1d153a8750f13efe87484e,vida-nyu_reprozip
2172,a82ba28138f5fa9b5c625ad555aba5462c372da4,vida-nyu_reprozip
2173,a82e832055117077311b815b92d4b81252e3b0cd,vida-nyu_reprozip
2174,a83357438ae0047ebb7639adc50236fed7a386b4,vida-nyu_reprozip
2175,a86e82bc409b84db9f2ec6dad7bb383a0c679021,vida-nyu_reprozip
2176,a87d3fa50a9984da5dd9e5dce33cd3bb64cd5149,vida-nyu_reprozip
2177,a8855ef2e70929786f3ab5e41da5526b84582334,vida-nyu_reprozip
2178,a8c67f93077976767eba530ed3afadbec3b8af14,vida-nyu_reprozip
2179,a8c71eb74c57a1d7722fb94a368aa18e038e0f70,vida-nyu_reprozip
2180,a8ce34f0545be8e6ad782dab17a7ca450e6213fa,vida-nyu_reprozip
2181,a8d9c4b5da20ac5d2730cae04dfea8b9874b254c,vida-nyu_reprozip
2182,a8fdc5026eaac91d2ab8239e9e96cb25ab98f6ef,vida-nyu_reprozip
2183,a902a737f968349767f672a2f0d5e5618bfc313e,vida-nyu_reprozip
2184,a90b6a5b94b986816c64ef3f32e1a55b9fe5c290,vida-nyu_reprozip
2185,a940e22a0f5d68c30977ffb17737335ab9b7031e,vida-nyu_reprozip
2186,a9578177650643ffab65afcdd58e852db52c25f4,vida-nyu_reprozip
2187,a975488d5f496b5c6892cb842483219888d0a5f6,vida-nyu_reprozip
2188,a980131f018831e68b931d47dfefba8d8d655f0b,vida-nyu_reprozip
2189,a9984b0e47961cb53369c7bba637c92f1cb33baf,vida-nyu_reprozip
2190,a9aea4e5504c259233c463879cc45682e25c2e3f,vida-nyu_reprozip
2191,a9b88445569fd18f1710f3a88154bec279db4b95,vida-nyu_reprozip
2192,a9ba5344e63ffa7e1f19360c4ad35591a24e917e,vida-nyu_reprozip
2193,a9bf15e6edf73fb5d07a149d8ed8d4143d821127,vida-nyu_reprozip
2194,a9c538abad64436363581b82dde215fa9afaa855,vida-nyu_reprozip
2195,a9cc413eae2a59539edba6aa6231e61c1933bc76,vida-nyu_reprozip
2196,a9f1ea3767e2ae357d8e67d77554845d65f4c2e7,vida-nyu_reprozip
2197,aa03a4faf82cea1257dab4e8ace811b71842779f,vida-nyu_reprozip
2198,aa28386e3f9c545f816e0e06142e1961ae8175cb,vida-nyu_reprozip
2199,aa6271ae2d2188accfc06f8a3d4d71fb6e4d14a5,vida-nyu_reprozip
2200,aa6c37b98d2a8d796ec57948a5ce5b67cad9447c,vida-nyu_reprozip
2201,aa78f3ec46e8d7b226141976851939dd886093ae,vida-nyu_reprozip
2202,aa9b7ddd8513a65512f07dce1254c03af5a17b68,vida-nyu_reprozip
2203,aaaf2143fc7f05c30be840d622806154eeee0750,vida-nyu_reprozip
2204,aabae4814b4d58bd55a90d067729736d9b3f114f,vida-nyu_reprozip
2205,aac1570df1cf8b2fcb72a08e7400be053372ec73,vida-nyu_reprozip
2206,aae7b55676bd8f3a7f29a5bf1147f33b36d11404,vida-nyu_reprozip
2207,ab0335920755ee036a940b0645b832caede88297,vida-nyu_reprozip
2208,ab15c6fc9f4102ced3b31b4e69df140399a3ced4,vida-nyu_reprozip
2209,ab1912ededc7d71c859150f8274f7037684a44a8,vida-nyu_reprozip
2210,ab30640173e57ddafdae7735aba60756cc50ff9b,vida-nyu_reprozip
2211,ab3621b9d1aa247e79dcb367efbe74e5e07343e0,vida-nyu_reprozip
2212,ab454d3867b4e62287f78b222157d1194554e7eb,vida-nyu_reprozip
2213,ab4da7bb3dd62c6236e7f1c36ad087a34ee330cd,vida-nyu_reprozip
2214,ab59fce0fe1ecbe3e60baa09bfc695986a12d0d8,vida-nyu_reprozip
2215,ab5a19dfa078fdd08c4411c7a35377e2374ad4b8,vida-nyu_reprozip
2216,ab6e605fc7ddc9c2d21f87b84740546e36201eae,vida-nyu_reprozip
2217,ab8541a897248c612c415d5dc7dd3d83edf11b9c,vida-nyu_reprozip
2218,aba3b3c512f0d2dcafc5ac4f02c54b84d5eaf9c7,vida-nyu_reprozip
2219,abb000671872399a5c189523782414b4eb3c36b4,vida-nyu_reprozip
2220,abbcba10253c511ea3df46f709dee749d6833a0a,vida-nyu_reprozip
2221,abd03e3e7b80f1fadbc9e1e6d09f0e5bee2ad8be,vida-nyu_reprozip
2222,abd3fe68d296b3df09ebafed799baea33befcacf,vida-nyu_reprozip
2223,abf4aec086ba497ff4a858c461df6d70f6c5fbe6,vida-nyu_reprozip
2224,abfbc8bffe6fb3fbd7b20892c53b2dabcc7a0d77,vida-nyu_reprozip
2225,ac05081cd96f68bcdf0cf49fdf2dbb965df426ae,vida-nyu_reprozip
2226,ac1495859ff33a5338d68586cebf1bc8d58e3640,vida-nyu_reprozip
2227,ac1a8834046cdb6fb7fd50b27f05faa212f3d810,vida-nyu_reprozip
2228,ac1c18904f6133432df0ba6ab79be938404e05b8,vida-nyu_reprozip
2229,ac23de7afed31247308a47f6ab161606a1f76e3e,vida-nyu_reprozip
2230,ac3aa0648c9117141d04706b58d7902cae5b1d39,vida-nyu_reprozip
2231,ac66585fc84bd49ea604a88bb4e772b67cdb6037,vida-nyu_reprozip
2232,ac76db4c2c148425dd448a39f06c28c93a8453ab,vida-nyu_reprozip
2233,ac8d2844fb47817178228885cce5caa7a49cc3aa,vida-nyu_reprozip
2234,ac9431da38d0a25234aac7cb388c178de557a025,vida-nyu_reprozip
2235,ac9bb2439123212ed707f2ec7c82f07334bae0bc,vida-nyu_reprozip
2236,aca1ce16f900dc9c18bf825e43f8a7ed6c533ecf,vida-nyu_reprozip
2237,acbb4fa9d0b437f7b17992a9c312de2cc83d9fab,vida-nyu_reprozip
2238,acf537ababd2032869686b65e3164c4a444975a2,vida-nyu_reprozip
2239,acff79390a57466e6cbcf561d2b204d4a57000be,vida-nyu_reprozip
2240,ad0292061c5ce4bd4cc6efd1868d426ad9e2d722,vida-nyu_reprozip
2241,ad080dc9ceddd2c635ca116e287dc415e95dbf90,vida-nyu_reprozip
2242,ad34df84f5454db63af4d1e38060a63ac4ff1854,vida-nyu_reprozip
2243,ad715dfa989cba120da016ded30953fa434bd250,vida-nyu_reprozip
2244,ad75c23d005bddf6a9672daff82e39a8b59ece30,vida-nyu_reprozip
2245,ad7a0000fee5eaa816615f3d7be9d9ad8ad0240a,vida-nyu_reprozip
2246,ad8c8a006702ac9fd12cabd4d40244144f70fc27,vida-nyu_reprozip
2247,ad9ac48388d60d113310b29a26641d9ea20383ca,vida-nyu_reprozip
2248,ada5f5bcea6fb4b7aa6834c592af085b3a46deb8,vida-nyu_reprozip
2249,adb333798b7ae82fa3a3551e17ac8b1919cfabff,vida-nyu_reprozip
2250,addb90dfa97a7bcd50f638a25041b0f91454be8e,vida-nyu_reprozip
2251,adf80ae07c82eb4c4462256654c86427e575d4ff,vida-nyu_reprozip
2252,ae168de1d7866404762145756636f04e86a6b683,vida-nyu_reprozip
2253,ae1a308f9e75ec8f6c46e9cbb31dcbcdc1f31756,vida-nyu_reprozip
2254,ae4a3f589926db89df38f7f1f64cf9c797d52b2a,vida-nyu_reprozip
2255,ae4f60f12db81f04ef356f6e72f44d3248049564,vida-nyu_reprozip
2256,ae76b696a326964a9c96829fbd00aa290d7d1e26,vida-nyu_reprozip
2257,ae93ab8ecd4dacd741beec274a8179a9134c4cf0,vida-nyu_reprozip
2258,aea5b3137582c4a0b769ed76c7a095045d4cc38d,vida-nyu_reprozip
2259,aeb3231c6a33e1cea4cbccf2c4b496c2e9e8b2bf,vida-nyu_reprozip
2260,aeb56ea4ce6e61dbacfad9d6b4787f9261b6cade,vida-nyu_reprozip
2261,aebcb8c87b821c78dee90b226d89bfd229647a3b,vida-nyu_reprozip
2262,aec12ab5bc9cd67ad066952ece7a7ab04ad23675,vida-nyu_reprozip
2263,aec5a8d5a894a2b1dddfc895c1d33d9ebc93465c,vida-nyu_reprozip
2264,aefb5cdde9d12d5c4c16ddf03b6d99455db5aa74,vida-nyu_reprozip
2265,aefc7b4792910e1def5ee1ed38e9b5bef7022525,vida-nyu_reprozip
2266,af0f16b6a25de360eb22d951e14b735c10f141a2,vida-nyu_reprozip
2267,af1b3929df1bf17b557de3b45e057acf455e0ace,vida-nyu_reprozip
2268,af288b2ba5b88771dcc80016b0de2e2746fa9fd7,vida-nyu_reprozip
2269,af2b0795d6eeae3f6e73a6baf67f88660a27bb8e,vida-nyu_reprozip
2270,af41c6eb504a033afb128dfcf5aa68fb100bf910,vida-nyu_reprozip
2271,af716ad71080bf466a20638a6010e636dd176d6d,vida-nyu_reprozip
2272,af7ad018f9a6a2a525664cf09946048e738426f7,vida-nyu_reprozip
2273,af8e4e79f0bb9d7bd4a3ae6ee83b8f46b425e651,vida-nyu_reprozip
2274,afadcd70273f3c9d713dfcc46adef25b971aa8f3,vida-nyu_reprozip
2275,afaf75d2142aa4c9162990b3b59e06996606c8ca,vida-nyu_reprozip
2276,afb30d7962da2a317fd8de65b47164496462b074,vida-nyu_reprozip
2277,afde8a651a3779252cf66ff51ea8811747f7f4c6,vida-nyu_reprozip
2278,afe32751a7145ef8f2b46b55b4a19fdce6373bde,vida-nyu_reprozip
2279,affba4db2dcbccd95353670b35713b734835ab5d,vida-nyu_reprozip
2280,b005f8558d34bf21fccad4a12ea1e4c722742958,vida-nyu_reprozip
2281,b0122a4c1f7b93cc7a5bc0b1bb7a04bbcbf46fa6,vida-nyu_reprozip
2282,b0131a91dee3064707f651bbbfa0167361850717,vida-nyu_reprozip
2283,b01e1b5d9fa5f9a2193f39cfd1452e8fdc7c4c6a,vida-nyu_reprozip
2284,b02c21adce885f568a07b6dd29c6adc1887c6d90,vida-nyu_reprozip
2285,b02f30e4e252c65cdfc23850ea0cddd20f18d455,vida-nyu_reprozip
2286,b0406e4f9c0648e09342531993187be6c3e07d9c,vida-nyu_reprozip
2287,b0504b532f0c02792d273918480f6bedaa13c92a,vida-nyu_reprozip
2288,b085c41035959a451d77b0defa8c8b4ba025f47e,vida-nyu_reprozip
2289,b0b8c86becb72e5fbe922cdd0d6bf88690e68ff3,vida-nyu_reprozip
2290,b0d6c0e552fed8ff85d0970be6072d0fc8e2fde8,vida-nyu_reprozip
2291,b0f5177615ba48a664162664e0ad9ec42d8e23d4,vida-nyu_reprozip
2292,b0fddb30ef2078c0c5e72511d6adf14329fab9c6,vida-nyu_reprozip
2293,b115b7b178dd774b0604f97a006531375000ac34,vida-nyu_reprozip
2294,b140410cf9f061d45d66be6a6562c9291800095e,vida-nyu_reprozip
2295,b140ae143aa79fe89c84510aa8c39cf38c3e02f9,vida-nyu_reprozip
2296,b148b53251e9fedaa5aa81131a71fa43fd7dea05,vida-nyu_reprozip
2297,b14fa9224eaedecf9d5f651cd125d003188df9d5,vida-nyu_reprozip
2298,b1510010ee655d9961570ec88867666a99754bb7,vida-nyu_reprozip
2299,b15edb919b9557766fba313c859af5b604496822,vida-nyu_reprozip
2300,b1641eb8b128b9d02163931e3670399c4d6fc739,vida-nyu_reprozip
2301,b16d43238a0c9e69a843c5572997ee8b435effc1,vida-nyu_reprozip
2302,b1ada73a183eb79745afa62a4aee2f2c9a2e5e07,vida-nyu_reprozip
2303,b1afc35f459f283c133a8d491a07ac543c2ae832,vida-nyu_reprozip
2304,b1b8bb7f78d7cdb6d5a57f502157f00ad84c0289,vida-nyu_reprozip
2305,b1b973ac55be0f4a2bad34f91185f32f78a14dc6,vida-nyu_reprozip
2306,b1c3c87eecf92ef1160e64072e4b9bb61cefa87e,vida-nyu_reprozip
2307,b206698a77b1192607e55702fa44a10d47a7cb5b,vida-nyu_reprozip
2308,b213918e3961ca5ebab51e3d3fb0e2dbba1fbba2,vida-nyu_reprozip
2309,b21808ad832e5616de5c5f6fc8fb4fd60d8aded9,vida-nyu_reprozip
2310,b2311e5602b9ba0e5801489443d4a6f0051d26e3,vida-nyu_reprozip
2311,b2a98407997f72c53db0be92a2f5d519eb99534d,vida-nyu_reprozip
2312,b2ae9afe7a1c76edfc5aae8a618a6d7646dfb45e,vida-nyu_reprozip
2313,b2afc68414b9c4d8e2a9a872bb2a545acf3560f1,vida-nyu_reprozip
2314,b2cfdb79e5592b53a0582ab0317d3bf2d700f017,vida-nyu_reprozip
2315,b3163442f0c42af136552cc3900e5b4bc65c8cb3,vida-nyu_reprozip
2316,b318ae5ce1afb03a9fbe2143ce1bbdf9570c69ce,vida-nyu_reprozip
2317,b31e31cc3c44babaa8b3416bc9ebd9aa598878e1,vida-nyu_reprozip
2318,b34281a2aec9b4d18b0609597753b43cd7fed41d,vida-nyu_reprozip
2319,b35acf08706da5009bfbbcb60c6da6f31c8e79c1,vida-nyu_reprozip
2320,b35dc566cb1265eb109dddf36cdc4e7939e16f4e,vida-nyu_reprozip
2321,b37b97ed142ff9b715f44ac4301a1a0bd99a3b90,vida-nyu_reprozip
2322,b38733fe9ea051321ab79d69dc6420590cf967fd,vida-nyu_reprozip
2323,b3a1cbc15d2dd4dd7078b02c270d1ff255dcbe43,vida-nyu_reprozip
2324,b3a29e738f889c748941eea1130298a5aaea1b97,vida-nyu_reprozip
2325,b3bef95ae8829a94f6e3523a6e9c7c96834def6d,vida-nyu_reprozip
2326,b3ccca6d56c9168e4a8c479f8bf93d0e651c3098,vida-nyu_reprozip
2327,b3d2d80440839bf9f33e4e1cef948cbbeded3f33,vida-nyu_reprozip
2328,b3dbc205cd2aaad9aedfd444d764eee9a730480e,vida-nyu_reprozip
2329,b3fdda0b62d14f9bf41564cf208cd9c197cdff87,vida-nyu_reprozip
2330,b407cdd955616851fb186ccb2bb429229b0654a6,vida-nyu_reprozip
2331,b4115876e25d891ca3eaa2fdfd1c0d179010951e,vida-nyu_reprozip
2332,b42702d963aa434b1aa46f766c3e5d0b150c638a,vida-nyu_reprozip
2333,b434d53cd3f322d5ce8cc2304a44f77ddf2f6921,vida-nyu_reprozip
2334,b43693a477fbb3386f2ead3f12886736d23690dc,vida-nyu_reprozip
2335,b438eab2638305302110d3e5583aa843aaab6c47,vida-nyu_reprozip
2336,b43a36041d3d1d7532c86576d5bb454c0cc4074e,vida-nyu_reprozip
2337,b43fc51da24a2eeef5d390adf0eb1f2cb9e11665,vida-nyu_reprozip
2338,b44b8139bd03270fedcec749e39dae8ff82e9cf4,vida-nyu_reprozip
2339,b46db208b018ef4ab639477471e1b4276e12d2d5,vida-nyu_reprozip
2340,b4b00cf4fab67e1b706609605c82cdb76d379cdb,vida-nyu_reprozip
2341,b4b83b3ed856f31fa13aa4a14abbb4a46efb04ef,vida-nyu_reprozip
2342,b4be884dc4eaccaffae45b1efbe10a6041244a81,vida-nyu_reprozip
2343,b4e7369000ec3d2ab96fe803eb5a6b1d808ca4bc,vida-nyu_reprozip
2344,b4f702de3ab22a8679c652898d83bd3711a0254e,vida-nyu_reprozip
2345,b516cf5f1afb173d23719ec58395371a50b58300,vida-nyu_reprozip
2346,b52813a7b7776ac336981c15ccc17b810f20f97e,vida-nyu_reprozip
2347,b53209812d6649f985ecba5234a8e451abc98254,vida-nyu_reprozip
2348,b53abb0ee025fd915ea0db4daf1c24de71d2f3c8,vida-nyu_reprozip
2349,b541a26cb114a0cfc53a11778af49c266d4656b5,vida-nyu_reprozip
2350,b55b32710b85516617343b8a2c17c7f9b64e104c,vida-nyu_reprozip
2351,b56e6139c89ec7bf89faf6c34c5478b5c55cb02b,vida-nyu_reprozip
2352,b57e36c761cc6464a6c73035643e0922f91228bf,vida-nyu_reprozip
2353,b5835b97d3ff85a1c5388a0ed01b92cf6fb5575f,vida-nyu_reprozip
2354,b588075a4b5406cf7c861b26253a4c7380a53db9,vida-nyu_reprozip
2355,b5cc0e0d269743459a80b8806327696cabe54db1,vida-nyu_reprozip
2356,b5e58940ba5aff4fa115522a5222f5fd217979fb,vida-nyu_reprozip
2357,b60fb781652ced856f3a96e1dd5e4411156b4b3f,vida-nyu_reprozip
2358,b635c6a44743faddd153a68e4df6c5058e4a0884,vida-nyu_reprozip
2359,b64045f7c5b5ef8e0f0cdfd01718bfbab4a4c473,vida-nyu_reprozip
2360,b65235df3c6faa498248df10319f6778c6f39d74,vida-nyu_reprozip
2361,b6613236ff0a7bce4c84a9c061322d33499c5685,vida-nyu_reprozip
2362,b6834fa6faba5ef1e56ad073b69a72553977bf1a,vida-nyu_reprozip
2363,b6a917c9ebe501be8c1e06754c44c466ef02861e,vida-nyu_reprozip
2364,b6c3c35e1d211178498121b2e32d16ad5283d9f3,vida-nyu_reprozip
2365,b6e5bfc4990167480dd0610cc4e70c4a4d738a7d,vida-nyu_reprozip
2366,b6f8e36742e2e809a8343c78c4a88f0cc271541c,vida-nyu_reprozip
2367,b702fd9d859979d0f7025aa14b150083c379487e,vida-nyu_reprozip
2368,b747189415950c2704fedb5b3ca9ec66ef1a2399,vida-nyu_reprozip
2369,b74804571e091a976306847cc555bc60af941bc7,vida-nyu_reprozip
2370,b7499f6ae727cc6e749d82fc3305c4b427f06fbc,vida-nyu_reprozip
2371,b74e528bc6e21558a90a58b57d2280ea84971493,vida-nyu_reprozip
2372,b759459f60290756859af0b2f87c634353294e53,vida-nyu_reprozip
2373,b75a21502cb337bee3dca200f122142e2adf4422,vida-nyu_reprozip
2374,b76007beb9ea869a7bbf0e93c430a21262d50463,vida-nyu_reprozip
2375,b767456e91701e1eafd92fa9fb408820c1d466c2,vida-nyu_reprozip
2376,b7722c246867fc5f859ef77f1338d60965941ef1,vida-nyu_reprozip
2377,b77af22d839deceac7b64d92ae1ca81d0ee6a18a,vida-nyu_reprozip
2378,b780a3a190a9468d3d120f1b8f5ed745077c64dd,vida-nyu_reprozip
2379,b7cc7df39ee27f0ac2f2538cbd081f3baf025275,vida-nyu_reprozip
2380,b7ccbd4ad4ef4aa883511f9ba431df3b6627a861,vida-nyu_reprozip
2381,b7d95ba872dc7aea2ae23846f51ffac9da5ce57d,vida-nyu_reprozip
2382,b7eee78143a18fdcda72838dca8aa3ff5e351ad4,vida-nyu_reprozip
2383,b80c06c1d291896e0f204cf959271ffdc226285b,vida-nyu_reprozip
2384,b82d8a9f6941c205502f50c3d3961a6351ea9d87,vida-nyu_reprozip
2385,b8492e59ab9ca645e0de8d820c4e7451c15ca85e,vida-nyu_reprozip
2386,b866e7c0462178a7de9cea82b137b109ef39d17f,vida-nyu_reprozip
2387,b889f5439923e281ebf0ff78ae32d8bb01dbb4e5,vida-nyu_reprozip
2388,b88ae9aba3637ec94bb9cddac1bdad8ca90c2d8b,vida-nyu_reprozip
2389,b8911f48608f00889697206f1671afd63d7d384c,vida-nyu_reprozip
2390,b89314e9801729a28cc926a7e8558017fb270d97,vida-nyu_reprozip
2391,b8a0598dce24cc4d9ef0919bb0a4ea5c8de62437,vida-nyu_reprozip
2392,b8ba16b257d18d56cb3649f3317758c77da2bb10,vida-nyu_reprozip
2393,b8c6faf14d6f70d63cce096eb4bbeb328bc9a100,vida-nyu_reprozip
2394,b8d5103673d50d26526db6635cfadf0d320d3219,vida-nyu_reprozip
2395,b8e9e810eb7f1a7f5ac670c6ce4076bcd83a61c2,vida-nyu_reprozip
2396,b913f7489d9415d153116fbaac219f588ec7441a,vida-nyu_reprozip
2397,b933b8995197920db0a09ec739f5bc094f507fa1,vida-nyu_reprozip
2398,b978e6a878ea7db5cee53fe9d0a1dea89a6d6fc9,vida-nyu_reprozip
2399,b9893e2a2eff4416bf5ffb6062413ccf36029a4e,vida-nyu_reprozip
2400,b998ee40de20c94e63bb8a7e4d6aacd70ad9b876,vida-nyu_reprozip
2401,b99d5e5428da94c7ee4c7153a8bbfd9d972295cd,vida-nyu_reprozip
2402,b99e5c1d2848b7d6fea74ec153b47ca41778dd1e,vida-nyu_reprozip
2403,b9b250d8cb4a5c053074220deecec35cab178b29,vida-nyu_reprozip
2404,b9b2631b712f904743ae3241d67b39ff764da6bf,vida-nyu_reprozip
2405,b9c6745b3ab3c114faab2adbb67f1b02163b33f9,vida-nyu_reprozip
2406,b9c8cd280efb52e39b75eb7cdaffe7bce89ec122,vida-nyu_reprozip
2407,b9cecf6a671af85e7dacfe3bafb0abf23c4fabc4,vida-nyu_reprozip
2408,b9f3adf152deff7cb707ee369aee01392344135a,vida-nyu_reprozip
2409,b9f5c56157f36b7622182c9fd8e25d5bb7b23c21,vida-nyu_reprozip
2410,ba124a5def82f335bd64c85fe050828407341f59,vida-nyu_reprozip
2411,ba16c430c7bf9a82b05a0ebba7be4cc9de873b9a,vida-nyu_reprozip
2412,ba37be67366e50b61c68ba6159f5aa3a3a3c55ad,vida-nyu_reprozip
2413,ba3aff1a2840d042c67e160718cc2c60d44e18ea,vida-nyu_reprozip
2414,ba47a35b280867f7fed771f0c3a130c013e57b61,vida-nyu_reprozip
2415,ba9d142a986dea3fb3ca2d806e06b3c2628a9ee4,vida-nyu_reprozip
2416,bab1c7223e1b6e6369baa474989fdd12ad4a3eb8,vida-nyu_reprozip
2417,bab9bf42050e739c81ac31a3b5c10136b70b06f5,vida-nyu_reprozip
2418,bac945c515ab9f807dc29d511b6c243ab49533f4,vida-nyu_reprozip
2419,baece7426ee1a38ddf11c465010449264705ccc5,vida-nyu_reprozip
2420,bafc205bea4a4235ef37b9b2a1e5d66d4a670963,vida-nyu_reprozip
2421,baff6892fa0ee7a627bbf01e61d21381170b4a2e,vida-nyu_reprozip
2422,bb099e721a30f823984eec46aec6fbdef4c0eaca,vida-nyu_reprozip
2423,bb1d913f022c6f9b24d837d85bf33e33792b7b5f,vida-nyu_reprozip
2424,bb283e76c993d83555ef247d2d44127786e8797f,vida-nyu_reprozip
2425,bb3a204b127971396e5cac89f85478c8bb94856f,vida-nyu_reprozip
2426,bb526fe2c139842ecf852a99ff01a4668d4adf93,vida-nyu_reprozip
2427,bb6ef558926d805d7cc3585b21399db4e3fccc43,vida-nyu_reprozip
2428,bb8a33f6ed39ea252f17adc1627c58dcc4938223,vida-nyu_reprozip
2429,bb9a1cb626d4e6415058c2280d2f6efca377fb2e,vida-nyu_reprozip
2430,bba3afc29120b6afeb5bb4a409e0f6ee29096aa2,vida-nyu_reprozip
2431,bba580e42c141ab57dbdf0834216c08afad7bcf7,vida-nyu_reprozip
2432,bbb390f67b2fc19c2c1ae3c937064c82b4de5227,vida-nyu_reprozip
2433,bbd2b08395d85aa945e73943bddfe29698a9230a,vida-nyu_reprozip
2434,bbddaec7fd8814e522bd01b8c566581ae14c1f7e,vida-nyu_reprozip
2435,bbe57b4c22c7c764f27c9e0f8a47e1e9b38d6b91,vida-nyu_reprozip
2436,bbe5d7aed189d45d624fbc5a20608e34358a004e,vida-nyu_reprozip
2437,bbf9fe12e9468123915e352d8e83bc6dcfd80862,vida-nyu_reprozip
2438,bc0349000a91f942a683fbf1127aeae3f45a99c4,vida-nyu_reprozip
2439,bc27ef23b6eb64504db0e9902e9bbc2e0ee3ed0a,vida-nyu_reprozip
2440,bc28069f49cd2146f22051ff23cd777d91e39a09,vida-nyu_reprozip
2441,bc36803a085c73049e42c7340f6371c1e49cf4ec,vida-nyu_reprozip
2442,bc5393659d021cc649bfd694c48ac68a57ba65c3,vida-nyu_reprozip
2443,bc6f8a4e4d5db7ef46fbacd1755e51d4f2669d46,vida-nyu_reprozip
2444,bc8d01a447d351bfb3911c21d11cb19860a3b137,vida-nyu_reprozip
2445,bc9d9900ef0115e22ea959d99995fa24bad77f9c,vida-nyu_reprozip
2446,bce25f6ee9ace98ee3fe44f17276169e8de1a160,vida-nyu_reprozip
2447,bd0e466713ae017936ff5dbf6a45b06beeaf57f3,vida-nyu_reprozip
2448,bd54a410a3e0b6cd9c0eaa37e16ec042b7c3d897,vida-nyu_reprozip
2449,bd5c48403e7e4956cbaec354313762f5e2100beb,vida-nyu_reprozip
2450,bd5c507373b64acd1a57b6ffe9c4360613ac3106,vida-nyu_reprozip
2451,bd7048c681f0f6d59cb22b0c42784b3892334dfe,vida-nyu_reprozip
2452,bd77937c5f0291b0a8b20d8fdf3f0093fa610790,vida-nyu_reprozip
2453,bd7be01a99bd0117c8728244cd169b92dd4cc21e,vida-nyu_reprozip
2454,bd8f3fe8db8796d44ae4a6788d6fdecc5d1deaf1,vida-nyu_reprozip
2455,bda120e776ab19abdda758cc134ca72fb2b1769c,vida-nyu_reprozip
2456,bda5a4e50c70f0098dcbe734a79ea341936fd6d7,vida-nyu_reprozip
2457,bdb34c32bc4c0a5dfafba808c37885f493133839,vida-nyu_reprozip
2458,bdc6bf718600a20f9af88b48b622b4439bf439ca,vida-nyu_reprozip
2459,bdcfa37c1ea680c72d4a280088bdb8110dd6751b,vida-nyu_reprozip
2460,bdd6546964f4bf1b56d59955c5cdaa78e84c1935,vida-nyu_reprozip
2461,bddd0f436ab87397c4caf47e782fdab3bceb6564,vida-nyu_reprozip
2462,bde3fef2627efcc6278037ef19ad8990e6c9aec2,vida-nyu_reprozip
2463,bdf88f4347d6f85ae7c1588d08084498f0069173,vida-nyu_reprozip
2464,bdfacdf6ed6ba862ad14ebedc3929ce6ad14dd52,vida-nyu_reprozip
2465,be029ce8f131b79b94ddc8ea647fed636f45ef80,vida-nyu_reprozip
2466,be042539cfb410a0caeb2c737bdb87a155cc7b3d,vida-nyu_reprozip
2467,be14478c20df5cad0f48f76c7f7a4eb00be17355,vida-nyu_reprozip
2468,be1e3168a09c2ac9f652bb9d47c95b043f69dd34,vida-nyu_reprozip
2469,be9462761705288c26d20cbf5032b38700f23564,vida-nyu_reprozip
2470,bea815ee9f4b76c06541e0ce5c8c2d1c0acc2c19,vida-nyu_reprozip
2471,bebb1e84230f9bf94744ccda0a9694a8ad0e9121,vida-nyu_reprozip
2472,bebe3c07a9021a53585727d34226871571e54c17,vida-nyu_reprozip
2473,bec81b661c80409175acc6cf34635698f900e712,vida-nyu_reprozip
2474,bee65ce9d0f8947415f863dae6e4224aefcef67b,vida-nyu_reprozip
2475,beea24b398ec552fdab02d3bd9de3161e3bf50ca,vida-nyu_reprozip
2476,bef1869d9c5e085b982085b3571ddc53831cd53e,vida-nyu_reprozip
2477,bef56c309e8db619f0ff08e1168490ef268228d5,vida-nyu_reprozip
2478,bf02980607df0623e6f12d20f3d65ca8b2f45f6d,vida-nyu_reprozip
2479,bf04916758ab45d30c0950b9c6d436957086f0e2,vida-nyu_reprozip
2480,bf17b552642d21784d678d7329df1407e895d9b5,vida-nyu_reprozip
2481,bf255df7338192945a532eb48714d1f0428e7d78,vida-nyu_reprozip
2482,bf3721ea028f6d724d877d17360e5355a112d572,vida-nyu_reprozip
2483,bf3d79b6b95eb30975028043eff9def265ed6fdf,vida-nyu_reprozip
2484,bf6e37a3ef7636e99ac7222643356504557e54ac,vida-nyu_reprozip
2485,bf7001dfe39e901a67ff5f5737d731debadbb95a,vida-nyu_reprozip
2486,bf89e703a23e6016854a213d1a09b4a775197d2a,vida-nyu_reprozip
2487,bf8b4c7365e6b1b9af7d67e876810cf701e27215,vida-nyu_reprozip
2488,bfa9c9f19ebdc185ebd019ee8789b3b917382910,vida-nyu_reprozip
2489,bfafbcbeb8afc273c5fea93dfed0134b53d8488f,vida-nyu_reprozip
2490,bfbdc640930695e929fc5f485ad8cd2a7e8d80be,vida-nyu_reprozip
2491,bfd229ceede554529a87585f00787018b2cf7f22,vida-nyu_reprozip
2492,bfeb92dfc3b8cace9378756b8c0f359e2d20da19,vida-nyu_reprozip
2493,bff166d5db570f5eaaf4926ceab9500034f5d969,vida-nyu_reprozip
2494,c002bba72e9aa2fed9e6073cdd1d3c157dc8ffd2,vida-nyu_reprozip
2495,c01453acf093908327072399306dfabd26770c6c,vida-nyu_reprozip
2496,c01a9ee7eb0e83b3e8ddd6746be6f5b033916c86,vida-nyu_reprozip
2497,c02d385a38a676c8daa976177fb3a2cd1f170e10,vida-nyu_reprozip
2498,c0635329c6b68bb266e3c88966820b9c1aa30415,vida-nyu_reprozip
2499,c0691fc553883d1e4a9391b7c45a0d9f21393b62,vida-nyu_reprozip
2500,c0739ea6fd1899e9d160532ef1739db63df282a9,vida-nyu_reprozip
2501,c07470b328bcad467c37b822eb24230026ccf21f,vida-nyu_reprozip
2502,c0854cfddd02c96d243e1051809f6183162e822e,vida-nyu_reprozip
2503,c08fa1d5496c9d2d43039872ded1067d82c81cb2,vida-nyu_reprozip
2504,c0911c302e70394b5d4c1635924b3af160ec07d1,vida-nyu_reprozip
2505,c093de065993dea549b850a67f49708bf20fb726,vida-nyu_reprozip
2506,c09894b423396967bce6163790dbfc2b9ed78c4b,vida-nyu_reprozip
2507,c09f2d7b01e07d6546a3c40b08a8e7ae62f97ee7,vida-nyu_reprozip
2508,c0bb097e1c31aa3612b8c90e4a380970a2e37def,vida-nyu_reprozip
2509,c0dcd534fe433b8b318eab0c06dd629ae6fc6aee,vida-nyu_reprozip
2510,c0f383d4c3a73d5cfa51d8c39bc16b653dcf8e92,vida-nyu_reprozip
2511,c1055030210a241259422e289a5b4a7ab5085229,vida-nyu_reprozip
2512,c110a917224466452109713f8797e378cc038c55,vida-nyu_reprozip
2513,c116808d7e1d5a871bf275a2b0f00bd4be86cdd7,vida-nyu_reprozip
2514,c11ff956cd15682d01423ff0d0579c26e1030632,vida-nyu_reprozip
2515,c12e2b6aa2e6accf14dd1bf9585405ed92dcb706,vida-nyu_reprozip
2516,c138679e6d294a77630ac29ffc3aee8995c95d2b,vida-nyu_reprozip
2517,c171ab3ce10f6aa301ae948fe4d622d9c8c4a289,vida-nyu_reprozip
2518,c177e4465a7a5d9206f1f1c05dde1d41443c6f5e,vida-nyu_reprozip
2519,c1797295736ae92c619b4791db9dfee1220df750,vida-nyu_reprozip
2520,c187600a2d1818a24117f45dbd48e71f60b75d48,vida-nyu_reprozip
2521,c19beba554b404d90f96cc3a68912c44a3afabb5,vida-nyu_reprozip
2522,c1b71c777c7aa06447d8764d511b9c736c6f7ba5,vida-nyu_reprozip
2523,c1bbf3223d845bfcfecb0829b578dfe58fd1c6f8,vida-nyu_reprozip
2524,c1c64dab731c9c9cb079b1201d4fd3b43c070dd6,vida-nyu_reprozip
2525,c1e1ff4b23ef402598c98b67d9c238d3cd162451,vida-nyu_reprozip
2526,c1f06a9fb0a1e3504fa37a6336197a4d35f49d99,vida-nyu_reprozip
2527,c1fa29b8efb9dac571ed492987a2e681b1f37b50,vida-nyu_reprozip
2528,c20cba2490aa07338989b4b677b732a22d178b41,vida-nyu_reprozip
2529,c20e174d333eb06d9bd9c5455272a91af18e8979,vida-nyu_reprozip
2530,c21a6a51d424299b3c11d6c79dfc5da9b8cdb9b8,vida-nyu_reprozip
2531,c233d3e15c0a630c766e3c024898d149f1f40054,vida-nyu_reprozip
2532,c248446ad088e01135c3e04a6ad2ca609984f26c,vida-nyu_reprozip
2533,c2516360e2af7d4dbe1a7e294d36bc9a9d40f9f9,vida-nyu_reprozip
2534,c2550db02a8b4081f0e8c95f9e23476a28069d73,vida-nyu_reprozip
2535,c26ec9c119ac58356d578196e01cbe03f88cb2c7,vida-nyu_reprozip
2536,c27ed11134839e51f32e92db24bf740368215333,vida-nyu_reprozip
2537,c29319eca0af6d6d507f8932a5b9662db5271664,vida-nyu_reprozip
2538,c29822a281749e9ef9cea4e766827436133cea21,vida-nyu_reprozip
2539,c2b49b323fd4abc8f665e79b9b6f50af4815fd61,vida-nyu_reprozip
2540,c2c3a71c09b153b335e6ae78a0ff7f776bd8bc52,vida-nyu_reprozip
2541,c2cc42411ab46b0b4a1b4f3e4abbb98597fba4e1,vida-nyu_reprozip
2542,c2d6ea89dd8205b05be122205c01e354ffdae020,vida-nyu_reprozip
2543,c2dde16d02290cd31ccdb5eb74691c1103964e50,vida-nyu_reprozip
2544,c2f5530b04ba4533b0e9ea9c3ea6475324fb8b75,vida-nyu_reprozip
2545,c30c28eb08d803f307be454d29d977eb86728e95,vida-nyu_reprozip
2546,c31a837c3ee521fed67727d83b0779a5469fd877,vida-nyu_reprozip
2547,c3351d155c24e8a22bc71fd1087c571d4091dc70,vida-nyu_reprozip
2548,c3455cddccb4aa94c40b3fd8cb37abcf1c7c74ee,vida-nyu_reprozip
2549,c34fcf82b03b930800369a31e0a3e18c31153d65,vida-nyu_reprozip
2550,c35465c5ef273e98eddb37b1580c4ab1db2cfc0f,vida-nyu_reprozip
2551,c389e550ddcc8acc5fa3b88e3ad1da422213daf6,vida-nyu_reprozip
2552,c3a1bf7dd9fdda937b6eefc41ce2d6e3f0dc5bcc,vida-nyu_reprozip
2553,c3f219cc70ad281a0008af07ac279b82cc7f2643,vida-nyu_reprozip
2554,c3f2c6bf255b5f515fbef37f403b43bc71701053,vida-nyu_reprozip
2555,c3f4f50e3e62c000973890e6a2b98f9f264ee88c,vida-nyu_reprozip
2556,c3fbe686e0927243f60d7249623cac8cb24944cb,vida-nyu_reprozip
2557,c4000006a56178737c68047c6ef77086739b555e,vida-nyu_reprozip
2558,c400a51cdd1361e5729bf08f284c331a96ce68e7,vida-nyu_reprozip
2559,c41b6d102760a8d449ed0a445947ff4777680ad5,vida-nyu_reprozip
2560,c424c2d90bc374672af451980c7b3ffe3b3a4fa5,vida-nyu_reprozip
2561,c47b0484195a6f03b5c4249d0773e49cf2e7f1f9,vida-nyu_reprozip
2562,c47cfdebc6335bd961011526111155a0c365face,vida-nyu_reprozip
2563,c4a67b1e7829fcfb946fbf48b6c3d0324eb8a1c5,vida-nyu_reprozip
2564,c4b15736302a0638e1491348d341e1044060fbe7,vida-nyu_reprozip
2565,c4b997dc62c1d96c0d72132fb20b15cb368c6111,vida-nyu_reprozip
2566,c4d5164f0a37a64ccf0e2c0904786ae3ebd2ba9c,vida-nyu_reprozip
2567,c4d7bdaf00543f461f0036e78d60fdf84a1f2084,vida-nyu_reprozip
2568,c52105195f4f08e70a9ce81fa86fcae22ed3a537,vida-nyu_reprozip
2569,c5393db862fe299b15e64845815362fe4baa4611,vida-nyu_reprozip
2570,c54028ae9fe13120504ec3fb14b394a7bb51748a,vida-nyu_reprozip
2571,c54066acdb01e3752dce875cf5f7fdde71ea3b08,vida-nyu_reprozip
2572,c54fb7617d715d3b2cfcf907b193234d3aaf0307,vida-nyu_reprozip
2573,c551572054df7bd985f84a8cf75ba0a135bb7527,vida-nyu_reprozip
2574,c57206fbb501fe57a0d8d2bf1a5d028ff94c59fd,vida-nyu_reprozip
2575,c57433c104fea70223173c59727385d03ba63831,vida-nyu_reprozip
2576,c5915f01827630f0caa3461179babf1412a06206,vida-nyu_reprozip
2577,c59948b246a76385f06253cdc381e67edf6d4b18,vida-nyu_reprozip
2578,c59b49cbd1e0306a6de678325e1a27596396c0bc,vida-nyu_reprozip
2579,c59e72136e871c80980855c47e1e262d43812acb,vida-nyu_reprozip
2580,c5ae19cbeda724437f6a0fa6d8b7dbe6c6a8b07a,vida-nyu_reprozip
2581,c5fb96ad54cbc944ba96eb1e3ec12a894e739f88,vida-nyu_reprozip
2582,c601979d5c4d7e2f8f3d50b32d5bdf7ef135057d,vida-nyu_reprozip
2583,c61c2bc4a57fecb20092e9a2ad1c2b33868b1319,vida-nyu_reprozip
2584,c62750145e4f514fa6ec8f969d4f14c8f15a9c87,vida-nyu_reprozip
2585,c645d8bb356bbf2172840f3a4b0f1bfde30c9e4f,vida-nyu_reprozip
2586,c655a7a52670085329dc4fc0f3a8818aaab60196,vida-nyu_reprozip
2587,c6616fe854ee9bdc0fcbf33f2feaeb7640464010,vida-nyu_reprozip
2588,c685ad74abb341b9623731ad9003f99af3b1aef0,vida-nyu_reprozip
2589,c6a0a83706d1065002171de9f2fbd63b4f63f751,vida-nyu_reprozip
2590,c6b7a94095ceeadcd00f7502267156ef390983b8,vida-nyu_reprozip
2591,c6cc92ddbb7fef13a4c00b477a1a4cbfa1584b3a,vida-nyu_reprozip
2592,c6e63b92f3fa7f68313ba25fbcd3a78dfe4fa34d,vida-nyu_reprozip
2593,c6ffbbaa04bb658faa6adcaa48ff304766d5d261,vida-nyu_reprozip
2594,c72a2220d0a83de333f1a86a0738357b6d794b74,vida-nyu_reprozip
2595,c72c402cc39457870248b63fb2a79e579fe6c165,vida-nyu_reprozip
2596,c733bd0df393f0e3548cf5c120ea6ec119b073fe,vida-nyu_reprozip
2597,c747b8d3436c47b9c1c8f8b76d2588fb10708ca2,vida-nyu_reprozip
2598,c7538266c67f64674c936520e81a31123196eb72,vida-nyu_reprozip
2599,c7625411e91d5fa5436ccc9292540825578a61a9,vida-nyu_reprozip
2600,c76fd32e6b209340e0c5933188ce91dddff18e71,vida-nyu_reprozip
2601,c7928bc415ad84a21cb91b744d0dba0e516a69cc,vida-nyu_reprozip
2602,c7b1a988046e1c72e2d49e7f8ad3776196ead9c2,vida-nyu_reprozip
2603,c7bb77c327b71642999325ed7fba15bfb8838fe5,vida-nyu_reprozip
2604,c7c741f58bac21d8ccaecfea86e3683775b481a9,vida-nyu_reprozip
2605,c7d0443d37b9cc8d79caf00811d4cd3563d5efb4,vida-nyu_reprozip
2606,c7d7bc9fe6f5656a8d61378a3e287b7530c44d2c,vida-nyu_reprozip
2607,c7dccaadbafa914d11356cddfed720db7d2254a4,vida-nyu_reprozip
2608,c80fcabb2bafcd5ee6d09f8516d34e58ee70b0b9,vida-nyu_reprozip
2609,c8124a14c6293bc8f46897c6faf920801b7fbb45,vida-nyu_reprozip
2610,c818b7ee2f32b35ba19a4317bddbcac13da39afc,vida-nyu_reprozip
2611,c84095758a8aa2eaf431d3e89a68b77006a644a9,vida-nyu_reprozip
2612,c840bcd101e8207071b8b7bca1e5648916bed112,vida-nyu_reprozip
2613,c84bea58dcdf7ffa068dc1d7703745233e326017,vida-nyu_reprozip
2614,c8558e9c4764536f3da9e3d91b9b8006d3473f49,vida-nyu_reprozip
2615,c858f85b7eab649fdc6b8f5344174c28939971e6,vida-nyu_reprozip
2616,c85b3173bff68f027f0341e3756c8bdb4bb3c849,vida-nyu_reprozip
2617,c867a2a2e8954ba13d178d86ce5efc6ee7110b77,vida-nyu_reprozip
2618,c8a23b028dbe4c91e75a6e851409ab035dee0136,vida-nyu_reprozip
2619,c8b7d908b52102a235f0d9f89a394b12e5825bbe,vida-nyu_reprozip
2620,c8bcf9aa63fc2dbe0cb3ab7b94f0eba4db7e31f5,vida-nyu_reprozip
2621,c8be40830eefe3306d57f5c197ebec44619e8d9c,vida-nyu_reprozip
2622,c8bee37ea266a0816c6dcefe4cf35b703391a8d6,vida-nyu_reprozip
2623,c8c61883cf8a913e8918c67522e9cf9d53cc795b,vida-nyu_reprozip
2624,c8d1fbc9a2bf04bae2e0f0776bc70e439a7c2673,vida-nyu_reprozip
2625,c8e52fa6c53cd4e8442f30cb2532a39ac7383888,vida-nyu_reprozip
2626,c93858b6858c96991f4140987910cbebd5c22c8f,vida-nyu_reprozip
2627,c94820580cabfa2747743512593eb666fac24a79,vida-nyu_reprozip
2628,c952a52b6b40ab8286a2f1cc6e81a14b71330a5b,vida-nyu_reprozip
2629,c98c29995f08f60567f8b328e654002d98a59f5e,vida-nyu_reprozip
2630,c99a101dd630ed485fde41d1b5cbe172d224f91f,vida-nyu_reprozip
2631,c99eb52d7918c4ed6b84b69acfe7e3665f6d1ee3,vida-nyu_reprozip
2632,c9a4cdc0860b653dd34e9e9b76a0e1ecaee5251b,vida-nyu_reprozip
2633,c9b376f7a4c40dc971fc1a41f48ad7ccfef009cd,vida-nyu_reprozip
2634,c9d19155b5d3af35bddf7f6a284ead7820fd4948,vida-nyu_reprozip
2635,c9d93660590e7c52f6f2a11da4cc437fd1a47f02,vida-nyu_reprozip
2636,c9ed01baf144ff5dfc28c47ed2e3536179feb679,vida-nyu_reprozip
2637,c9edc7c25e38f319cece8683def2e63b07a573dc,vida-nyu_reprozip
2638,c9f8930bd85f719352020b75be8db4c23cfea95b,vida-nyu_reprozip
2639,ca00309ef84a6d544889f38eaaa10cef50cf45b4,vida-nyu_reprozip
2640,ca0333cbe7bde8e9353b6761bdb17cb13c24466f,vida-nyu_reprozip
2641,ca04c202f04e2141da9b218fb496e873d5024327,vida-nyu_reprozip
2642,ca3c882d2cb93452a033febead87f1310a492bf4,vida-nyu_reprozip
2643,ca5f7a5e95b7225fdd4ce189c75195de0cf01c05,vida-nyu_reprozip
2644,ca6462e5ad06b134cde26f038c090739c41d053c,vida-nyu_reprozip
2645,caad73db2da04970cba79a3a8e1877010650f857,vida-nyu_reprozip
2646,cabbf7e698718660b3240e4a0643093c7dae45b4,vida-nyu_reprozip
2647,cabda8d3fff4efc822e2f330b66b7a125ec0dd86,vida-nyu_reprozip
2648,cac3426864180f6ae1acfa5e7b208a509157c4b4,vida-nyu_reprozip
2649,cac47797b230fd84903f239f38844cfbd654fa68,vida-nyu_reprozip
2650,cac588f237c9fc66463974e1f2b2f77a1780e3c8,vida-nyu_reprozip
2651,caebb45ee9a587e8f2357e8fe0e51edd8301a11e,vida-nyu_reprozip
2652,caedf0f2b35013d6a1c29b58ca9fc3434970633b,vida-nyu_reprozip
2653,cb1e491754c5081d64ab8e1e01e6e7ccb9fa9551,vida-nyu_reprozip
2654,cb2251d32f27a9e1d645a4ea745b2bcfc3e4796b,vida-nyu_reprozip
2655,cb2642f1fcac0339028413e76f33ff4ddaa7b2d2,vida-nyu_reprozip
2656,cb26e1697dbcb3b0a7bf3f3918c4d6ab90ac3f6d,vida-nyu_reprozip
2657,cb3435fcc7cd97edb23fee61e78387fb4f30c281,vida-nyu_reprozip
2658,cb3dc7702e148602b2bf9234d622613acc680561,vida-nyu_reprozip
2659,cb65fc13bb8303f46e7142879124a414e7514b73,vida-nyu_reprozip
2660,cb664544b89ad05c81910c30dc3c41b409f36a3f,vida-nyu_reprozip
2661,cb6b0852b3683d3513cd9c4b231dd93acc4cedca,vida-nyu_reprozip
2662,cb7928684fa40777f794aea7414e5a3b2bff3b5b,vida-nyu_reprozip
2663,cb848d5cb93939f975b81b914dc36280a1133a53,vida-nyu_reprozip
2664,cb95cc22b4e689eeb7a9f476d51b85b9cfecd6e6,vida-nyu_reprozip
2665,cbb60f50d4704fb37cbab1efcda80d3c590f9382,vida-nyu_reprozip
2666,cbcdd29ce3ce847e1e611adbebbafbc009973e97,vida-nyu_reprozip
2667,cbd2f582344769e5ddb2383aa3149c55f3197a2a,vida-nyu_reprozip
2668,cbd9159cc26e82fc5b81d4259615c5f0c9a6d93c,vida-nyu_reprozip
2669,cbf30eb57907f87f4b180d1248bd8334fc93b1d0,vida-nyu_reprozip
2670,cc2fc2a7cc5024998cbeabf723105823f208ac30,vida-nyu_reprozip
2671,cc3c7e8d257ebf447dab349f2f3f9b8f710e055c,vida-nyu_reprozip
2672,cc65991f32a4e14211dff72b6ebac7d74922cffe,vida-nyu_reprozip
2673,cc7ba58fe2f3d66b830e18d4850a026fede62084,vida-nyu_reprozip
2674,cca84412ca35db58e00536a988102124485804a9,vida-nyu_reprozip
2675,ccbc302d8b6c4820606651ead0aad5190ecb413b,vida-nyu_reprozip
2676,ccc217748bd74655f8f1fa4e25985e6073a0be36,vida-nyu_reprozip
2677,ccc35e18dccf5d53aca8597091e627db3f0cc6e2,vida-nyu_reprozip
2678,ccd663cea364499594e24d9cc3a975b8761b2714,vida-nyu_reprozip
2679,ccda4fd05023b9d5f1189256b729f3cda9cf4b13,vida-nyu_reprozip
2680,ccda77dfe37bb52dac0bc6a47698f26da2429a36,vida-nyu_reprozip
2681,cd4b135fb92347f0633c4ef18cc1ede215ade8d0,vida-nyu_reprozip
2682,cd593fade63e89553dd9a7580a87510e410db2f8,vida-nyu_reprozip
2683,cd5d455bb7899312bec98a71f916de1e6f02636c,vida-nyu_reprozip
2684,cd67e8b0059c056cb1d8208501958e05a251b371,vida-nyu_reprozip
2685,cd6d4942c5368cd41d7f9b10a1a94a17c0245bf6,vida-nyu_reprozip
2686,cd7c9407d123f8b5a4a50e3ed9b2e9783fb77428,vida-nyu_reprozip
2687,cd80375259042a7581b20cf57cce319b90ff2c31,vida-nyu_reprozip
2688,cda34ea01acdc45b5bfa32176b277109e9458103,vida-nyu_reprozip
2689,cdbad9b27add8bd55e10012c67eda53e490ee956,vida-nyu_reprozip
2690,ce250ccbf09d765408ab112c64490ee19a4ed883,vida-nyu_reprozip
2691,ce2f73d350bf4880fbcc4034f9f383b7fefbf459,vida-nyu_reprozip
2692,ce4e0fd17e1b48eeae17083e62d166f1e40d2687,vida-nyu_reprozip
2693,ce59b6f5a9a5334bafae23cd3cba7961601657d8,vida-nyu_reprozip
2694,ce74f60b4f305c7a29b0f88598f930266b9b805f,vida-nyu_reprozip
2695,ce7a2341c841d39a432347d285de36525a8c2900,vida-nyu_reprozip
2696,ce99300aa1b11d326c842993a9dd1c5e19d6da4d,vida-nyu_reprozip
2697,ceb4740ecde6706d4d5ebd518dacba886b0bf8f1,vida-nyu_reprozip
2698,cebabeb6854f122d729bcf3c265f5ec987c8808b,vida-nyu_reprozip
2699,cec69253e385b3e9c4dcf7209178ed323b9c4859,vida-nyu_reprozip
2700,cee47cff22f744235af92eced7d9e1075ebfcad4,vida-nyu_reprozip
2701,ceec3597f0dfb588eff28f03cedcf30001dd4340,vida-nyu_reprozip
2702,cef2ea80088314255f97287031813f09455360b6,vida-nyu_reprozip
2703,cf02ec1fe544d0a20884b7bb0465ca4ddf96f0bb,vida-nyu_reprozip
2704,cf12a62c0915a76b24c329d4e060024d2164c64f,vida-nyu_reprozip
2705,cf1ee016b20b159ded24f891a16ec6da1281c392,vida-nyu_reprozip
2706,cf37a62c106a9bf9284304152821f2bfe85d13b7,vida-nyu_reprozip
2707,cf4ce09b56221af22a381751e5669d2b428f322e,vida-nyu_reprozip
2708,cf4df7d48c68e9e91191ee4aea71aa63a22d5fba,vida-nyu_reprozip
2709,cf57827dcee910ad07ad119fcc16540afc0140dc,vida-nyu_reprozip
2710,cf5bdee2a1674bd2e28d04914880ab6e41c8754b,vida-nyu_reprozip
2711,cf634d6a65fee321bf4081241df12f8f953bff7d,vida-nyu_reprozip
2712,cf85c1ad523c78adb204ac918901e0a7eecdbe1e,vida-nyu_reprozip
2713,cf88fa2f50e8cd9f25d579e52b948c5532ffae8b,vida-nyu_reprozip
2714,cf9256c8ccd974b24bc187e2ffeb36fda061afbc,vida-nyu_reprozip
2715,cfa19a7edcaf393c42fb580e3a7f7a4ca3a841ea,vida-nyu_reprozip
2716,d03cd5df89f6b620f0c6ecf2db8f284d136dfff6,vida-nyu_reprozip
2717,d0421674970a631d5dbeb1fa4ae64ab37feb7efa,vida-nyu_reprozip
2718,d06f7e63c824566aa81acda58981aca75f81e09b,vida-nyu_reprozip
2719,d0773df88e642eaa9cbf80bf045123d9bbfe2101,vida-nyu_reprozip
2720,d09f091b93b4a2d4dfa5a6352b042dd68a2ad8bc,vida-nyu_reprozip
2721,d0a295566535d85fd7d08f136e2033125a606bfd,vida-nyu_reprozip
2722,d0d522330aaa0e100bd74785b26524c5454e6b1a,vida-nyu_reprozip
2723,d0d9126992e65b2f5c71f456814423eecc067cc1,vida-nyu_reprozip
2724,d0dea205e4d78fc31261383261503ba966898656,vida-nyu_reprozip
2725,d0e9346d12366acb97a5ed790c784f15bd2588d4,vida-nyu_reprozip
2726,d0feb4e09f931a7434d081462e0667649c5a9892,vida-nyu_reprozip
2727,d107fb824c8b876a43c8211b5b3733f794decdb3,vida-nyu_reprozip
2728,d10b578a9a6816d537e59d6c50557090ff6b31fc,vida-nyu_reprozip
2729,d11d82b6a78e4e127da1a2e11367540efad0857a,vida-nyu_reprozip
2730,d1291b55828f23cadc20ee4deeaae38d7989ac42,vida-nyu_reprozip
2731,d12c20a3f46836139b211db995f106c7e718e93e,vida-nyu_reprozip
2732,d156bed4d6c1f1284b68950ba9518bdefbef8d92,vida-nyu_reprozip
2733,d164876a58e76504e6ee224b604463fca1e140d1,vida-nyu_reprozip
2734,d167c7e3b82ea01ef2f4d01f72ce2a498aa38141,vida-nyu_reprozip
2735,d1a201c11f42e2e6d509c63762f125a0d43fa927,vida-nyu_reprozip
2736,d1ab8c28e1f1408e4da1245d9e7e41a143a6155f,vida-nyu_reprozip
2737,d1ab92e8b44358869a876b21da6ccaf659ce82be,vida-nyu_reprozip
2738,d1ae6cef5281e56689e3409d7e00e1b505917712,vida-nyu_reprozip
2739,d1b928624c02ff47ae72d4d6b247ab8eb871c1cd,vida-nyu_reprozip
2740,d1bace868382fbb8e45b20d6e0c45fc7bc633e99,vida-nyu_reprozip
2741,d1be32b916007420c54cedc12f3dba3e53225b85,vida-nyu_reprozip
2742,d1ca9cfe980fc53514ca77425fb5035c09395116,vida-nyu_reprozip
2743,d1d45a60be26fea05e5434ee5bf8cd17dba98d00,vida-nyu_reprozip
2744,d1d835cb8bc13adf4e4bcc754c46e2a2f9d970c4,vida-nyu_reprozip
2745,d1decf7edb04f08b0c1f620fe88cfcd5c9d43e17,vida-nyu_reprozip
2746,d1e2b06c0670fc38e72dcbd430b47b66f8955af2,vida-nyu_reprozip
2747,d1f7cff5ff44ee45a506c333e528cc9d49bffc76,vida-nyu_reprozip
2748,d2029708afddc1ccb40080aef340131873316294,vida-nyu_reprozip
2749,d210677feb9dc405e32999591d00270e401860e2,vida-nyu_reprozip
2750,d2222e340871625fe93fa2b6538e6429d8b4f892,vida-nyu_reprozip
2751,d22ea234ab8cc58fb6f43bd0f3c3046dbf3304c7,vida-nyu_reprozip
2752,d22f6a045df15806d745f3a1d0a53fc3a822353c,vida-nyu_reprozip
2753,d235cbb324d17e7e09cd751a0c48acd8f67009c7,vida-nyu_reprozip
2754,d23aad0c7b39deec346f985e77a4ecdb125a2954,vida-nyu_reprozip
2755,d26444a3272de6b5c240f136f55f37efd772cec4,vida-nyu_reprozip
2756,d26e38b781a96005e6b6c619b7721219981b280c,vida-nyu_reprozip
2757,d2798e14ceb1ccb4285dbaf67c9c2d2fadd5fd59,vida-nyu_reprozip
2758,d27bd1e1d58265b62d431854375f6192ccb68b60,vida-nyu_reprozip
2759,d2801326d4e202ba2ebd6206fd7cd6600965d044,vida-nyu_reprozip
2760,d28731ad3dd1e59a374caeaf8f62ac0cdb8bf0f2,vida-nyu_reprozip
2761,d301aa44e3d59c00228a580c049b7f72778b9d85,vida-nyu_reprozip
2762,d304414cd493d3d1f8bb8fdf801df8ae0bccd14f,vida-nyu_reprozip
2763,d310c204a781275a9ada8b0e082f96371649a3ea,vida-nyu_reprozip
2764,d318ed4e5b67bcf4cd12b6c8db1c567403f1c668,vida-nyu_reprozip
2765,d323912b51eb2d98862ccf5594ef20e2dc4f102f,vida-nyu_reprozip
2766,d323e7c9888f93c0a2394f19a054d5bed6454faa,vida-nyu_reprozip
2767,d333fdebee185408990547c124daa6419e6d333c,vida-nyu_reprozip
2768,d33604ad1b56c2a5f42066e5f5de6498980a9519,vida-nyu_reprozip
2769,d33743cf05b158bc2c32b692e791729e45f084be,vida-nyu_reprozip
2770,d3519ec269b0fc25b488d9f25330331ddb38134f,vida-nyu_reprozip
2771,d359fe9d66f88181f45b400c2d0a0eeca26ce1f9,vida-nyu_reprozip
2772,d35eb1c8e366fc7f7d2f1739517c6d421b62c0da,vida-nyu_reprozip
2773,d36564c03df791aea9419bfd45718350c3480be9,vida-nyu_reprozip
2774,d370dc7d22b4df504436104475f542f515cb22b4,vida-nyu_reprozip
2775,d38ec086e392f6cd7cebda4d868642f1544eca34,vida-nyu_reprozip
2776,d39660060b94cc25ccfd2c51396d56bfae96df2a,vida-nyu_reprozip
2777,d3b9477c3898bcf55375bc9f496db26af7e2c14d,vida-nyu_reprozip
2778,d3bb6b3f8666f22f74e119d6020109c79bec9bf5,vida-nyu_reprozip
2779,d3bce3ea92aa11be4346d8f0ebbb66bc6b6b05ef,vida-nyu_reprozip
2780,d3c754899836764acadd47d4e7d04605f2692715,vida-nyu_reprozip
2781,d3d4c44a0aa9829a944787cf25dfd0cf628f25df,vida-nyu_reprozip
2782,d41cf799302897903168282e30782fef9c5432ce,vida-nyu_reprozip
2783,d42cdc9567c7b9a405570707a8868f3998ff1ad1,vida-nyu_reprozip
2784,d43199533570c3e99ae90cd09d74648f32727c1b,vida-nyu_reprozip
2785,d44fc063f454e359db09ea6c330b16455ef77b5f,vida-nyu_reprozip
2786,d452894f9cce21b0ba008508d0b357b6d8cc552e,vida-nyu_reprozip
2787,d453317f0c8b746687ed5167676ee29d66e35da0,vida-nyu_reprozip
2788,d45ae790840544f37a30c259a33f103efb617a51,vida-nyu_reprozip
2789,d45d381c7cb7f40571f7253cac1b76e4da51d9a8,vida-nyu_reprozip
2790,d4659a2845713ee51e5a0226b2ed69991e557448,vida-nyu_reprozip
2791,d46af01ffbe02e93a8aa21c67825b927640683e1,vida-nyu_reprozip
2792,d47a35582ad99c0af01c62e5545633df80bdf6bb,vida-nyu_reprozip
2793,d4811460b7d222e3451e70e2149c88ca17261372,vida-nyu_reprozip
2794,d48fbf6184ab60ad81242626b3ceb290362a8712,vida-nyu_reprozip
2795,d497d54aad1668eab82930ed8fd14abe9f0b4ba8,vida-nyu_reprozip
2796,d499684253473b571f850bc927cbf4cdd0dad540,vida-nyu_reprozip
2797,d49e8f80f5487a6020febf729a42c1aa1f9e1fb3,vida-nyu_reprozip
2798,d4a4bff7ed644ef3c97bf884b23d30dcaca13e5f,vida-nyu_reprozip
2799,d4d423a3a91cc0d76d43908bab3402c8e1ad1abb,vida-nyu_reprozip
2800,d4df1e36bbe81a45018c11fe88eb08f08018e010,vida-nyu_reprozip
2801,d4e449895a66cfc0dca92fc65ca34d88a18be772,vida-nyu_reprozip
2802,d4e8248d05ed5eb4a3753392bac9721ffb062cb2,vida-nyu_reprozip
2803,d4ead6f5fd45ef86839861acc518273477f51243,vida-nyu_reprozip
2804,d504f44a8c50b63cbd92822d730885b269375a80,vida-nyu_reprozip
2805,d51df32c9734477c211a513577ac92ce9a901de4,vida-nyu_reprozip
2806,d54949a54ba4bf7ee075471afe37f8d42fac9e8c,vida-nyu_reprozip
2807,d54b3be768d11337b3861532bdc7027bf8187d23,vida-nyu_reprozip
2808,d563126ef7170a56d6fa61fb099a0d65c32fce46,vida-nyu_reprozip
2809,d57d9a12153c7d14964d7f77ddc6306606c2c3db,vida-nyu_reprozip
2810,d57e461fb2f8b5504df710f7348d8c2d96324251,vida-nyu_reprozip
2811,d58620199516ed080c9877fdc1cb229ef9c3c116,vida-nyu_reprozip
2812,d5972daa71258e47a376e1c36d6b8217b559d80a,vida-nyu_reprozip
2813,d59f47ce05623d486241d0d0d10402ba509a36e9,vida-nyu_reprozip
2814,d5a58f067370e0b0f9086e68411455c1f847766e,vida-nyu_reprozip
2815,d5a822eecee00a136c657071fb546b68d133b12c,vida-nyu_reprozip
2816,d5aa20bc3c921f5011d97c6010745afec236c211,vida-nyu_reprozip
2817,d5c54930219866c14b5a56e69c3b6d6c884f35d7,vida-nyu_reprozip
2818,d6140fd34e6e3cfb67ef19a15e9a7552156c70c6,vida-nyu_reprozip
2819,d63369c0066c03dda5898fff974653c84c9a2b93,vida-nyu_reprozip
2820,d63a1558e825d3505e1b90eb7e1d003abc42ae96,vida-nyu_reprozip
2821,d665c49e9396c23df397b16a557e60163a46e163,vida-nyu_reprozip
2822,d6713b6b753f811677a0d4eac7882adba350cda9,vida-nyu_reprozip
2823,d67506beecbad91d9a1216a8206242ab295b2e68,vida-nyu_reprozip
2824,d6901e7172d9f57a7c380a4e723f0dfb8a22637f,vida-nyu_reprozip
2825,d698ca520d41745b6a3d19585d35f05b888950b1,vida-nyu_reprozip
2826,d6bfb029d2efc474af0970271bf5d716c32b9795,vida-nyu_reprozip
2827,d6efaedb4eebaccc83dbac5630ef160edd52e90b,vida-nyu_reprozip
2828,d7220469a9b0b1ccf0a72512ee0de7975608ebde,vida-nyu_reprozip
2829,d747e6deae0c5facfc4a4511677b7e8d941731e7,vida-nyu_reprozip
2830,d78595402eb3123f8795b31cdd72dd60874fc8cf,vida-nyu_reprozip
2831,d7dfb24f46d60b68629f3f64f93ff69526f990a8,vida-nyu_reprozip
2832,d7e3199638db1524147f85ffac4fb33f1ca8aed2,vida-nyu_reprozip
2833,d7ebf939de66724beb50ccccb83f36be396938d5,vida-nyu_reprozip
2834,d7ec6ac2af72b85ef5311727eaf0f39adee83ee0,vida-nyu_reprozip
2835,d7fc02ec639a3098781c5cd06d45243b13d062d4,vida-nyu_reprozip
2836,d7fcceb6b7557fd33b2aca70ccf4b90f4388d8dd,vida-nyu_reprozip
2837,d80a1ac932d45bb8a521dcab56fdd26653f94864,vida-nyu_reprozip
2838,d81576042381680fdf0612c1f559209e27732809,vida-nyu_reprozip
2839,d830e9b69812cdd11fe3ba792a4b46dcd52d532f,vida-nyu_reprozip
2840,d848a4752d1d6fb18f595a41d1353f2b730e0246,vida-nyu_reprozip
2841,d8748c39d6dfa7cd761c1ef6a6cadfb4aab049fa,vida-nyu_reprozip
2842,d8866a5ef38ef5dee1668c835aa9ea3049a6772d,vida-nyu_reprozip
2843,d8ed2a003ff47be3cf7f77dc508d940779ef93ba,vida-nyu_reprozip
2844,d904533a66baa475b72e3c4d53a0ec79b085a626,vida-nyu_reprozip
2845,d915f154ada8056ecf6977456bdfcb25382c40bf,vida-nyu_reprozip
2846,d91fa7049f792fb0ac0a6dd2aac06e6deee1de9f,vida-nyu_reprozip
2847,d92148a6797e404447660dbbc3e8467e370f551b,vida-nyu_reprozip
2848,d93b42edbb7f2997b2d0dfbd169f57b6f74409fd,vida-nyu_reprozip
2849,d967d9b76ac9978b73ac85267c1c39a5b34b43a1,vida-nyu_reprozip
2850,d9851b5693deea520f72e35822346bbba5bdb4bc,vida-nyu_reprozip
2851,d98832759762dbdea5d087f6df64108582d333ca,vida-nyu_reprozip
2852,d991cda60bcabd39b4b82cd49c4be05a1c0bdd2d,vida-nyu_reprozip
2853,d99ec7960138890705bafc34ea0fd9dff9030f9e,vida-nyu_reprozip
2854,d9acce4b953e86ebe7e83e25357a6fef61dfee61,vida-nyu_reprozip
2855,d9bb7158fd5f5f2f49467c0ba0163d60662e66e2,vida-nyu_reprozip
2856,d9c50ccc0341faf180dd982b17e5e72591914df6,vida-nyu_reprozip
2857,d9cfcdf7c362e817ae398bd87b059c4f9e4e08fd,vida-nyu_reprozip
2858,d9d52779928abdb659d4f49a25e9be6b0b0ccb93,vida-nyu_reprozip
2859,d9f140ab29e71c4beffdc1b97acd81c85c16f91a,vida-nyu_reprozip
2860,da0ba61efef4d54fad5450f1c14fd0c083a72965,vida-nyu_reprozip
2861,da2920e4e7f53e953782077872524cbf57f57d4a,vida-nyu_reprozip
2862,da39940fa8e497833c4e20612462f00b0d2a428f,vida-nyu_reprozip
2863,da5cd9c7a54e5f60600aa77a2f6e8472e7f52a36,vida-nyu_reprozip
2864,da897cbfedf379bc7bd7d11350b177abb3a45590,vida-nyu_reprozip
2865,dab1d1038d5ad1820907c8ea242df7d0056df65f,vida-nyu_reprozip
2866,daee62dcad0e4b6a0da648a9fcf7e8cf4d49ecb4,vida-nyu_reprozip
2867,daf566574fe005e9643577591dda7bdc5c734fb6,vida-nyu_reprozip
2868,db04b8e0f146f662ae69930bd705ae0f296e43c7,vida-nyu_reprozip
2869,db4782fd6968ed727edd47973ae7b3956d567558,vida-nyu_reprozip
2870,db6cc4f9bc3cf6b79176eb45fb475c4b7151ad8e,vida-nyu_reprozip
2871,dbc1990dd8fe8543a294ced5fac5b894847ff5fd,vida-nyu_reprozip
2872,dbe54eb862dfea6eeb97eb426d4ae2ce8962665f,vida-nyu_reprozip
2873,dbf1d7cd5eb08ed3fc83639455174195fb7b4c2c,vida-nyu_reprozip
2874,dbf2d0c686901edd5842fd4bb4b7ae9e624fa79c,vida-nyu_reprozip
2875,dbffd2dbae2061eb31dc1c6c9b803a2a967dfe6b,vida-nyu_reprozip
2876,dc0c91818d2cfa197a717eed19ebb100652f1697,vida-nyu_reprozip
2877,dc128ab70c0933a3d3da2e5cce7c3c97c89a9091,vida-nyu_reprozip
2878,dc17491324b3564db3318f76d3197c083c51ceae,vida-nyu_reprozip
2879,dc1fdc8a8d395197de49c43f6f74f4438fe7bb02,vida-nyu_reprozip
2880,dc21cc6930c9e4e240f04cedd9dcafe532a099ac,vida-nyu_reprozip
2881,dc2e04674da62d289a678194825b4bfa0133af2e,vida-nyu_reprozip
2882,dc57bd90af20bd8f9dbef91a144e05c9b0e0b32d,vida-nyu_reprozip
2883,dc699e413a734c9ae0b58b8c9c0b55c6f3201394,vida-nyu_reprozip
2884,dc7e12b2233fbdd8a186b138aa5be0525d2f3615,vida-nyu_reprozip
2885,dc7fca384f0a7b6c8966572d37caba04d9703cbe,vida-nyu_reprozip
2886,dca0e58ae0b8a5cb9cc2937eed81b1d70d4aaa56,vida-nyu_reprozip
2887,dcb97d5fd02a52777d4664d050d8e846ca86742b,vida-nyu_reprozip
2888,dcd8e71e9a6a434f5782b111b42d2f06e35f11a2,vida-nyu_reprozip
2889,dce44ad696cd20d18c05cf5e01843a45d4248df9,vida-nyu_reprozip
2890,dcec1eda9400cc143ce886cfaaf0f1de76f4bc9f,vida-nyu_reprozip
2891,dcf680f6aac2e71da753a8d8e716b950e9f566b0,vida-nyu_reprozip
2892,dd2011d76010befa32afaacdb477f1f62b1e9d86,vida-nyu_reprozip
2893,dd2aaae3c7134ca22ccc01b7e0f91c6d9abb7206,vida-nyu_reprozip
2894,dd329520ef3938e92ca0339b1103823968e1c984,vida-nyu_reprozip
2895,dd348179bea8e6ceeb98c91a6f82566231e01927,vida-nyu_reprozip
2896,dd3c7505366be548b0fd785e7940d877abbb2a63,vida-nyu_reprozip
2897,dd639c9dbcb2e8fe9555ac21a98ca7bd08b44aae,vida-nyu_reprozip
2898,dd7e9cb25c0d26550a4ddabe7a615b912b79bd36,vida-nyu_reprozip
2899,dd8568268306d3624d78cae9acb7ee25ad6a6a12,vida-nyu_reprozip
2900,ddb08967d7747c62dcd9c3fd4f023a2b34017bf3,vida-nyu_reprozip
2901,ddb662ad68b0d308f0b375ab0be4921da05bcff4,vida-nyu_reprozip
2902,ddc3e6cef6bd18f5f95eaf7305b0f72b752db31b,vida-nyu_reprozip
2903,dde1de571322321f4288d616acfa2554e4c31bba,vida-nyu_reprozip
2904,dde6cf2b7a084b68235887ba34d47d9ebb2e9e57,vida-nyu_reprozip
2905,ddf05e0c6160b79be4458863f201f7b5e757ac9f,vida-nyu_reprozip
2906,de08326822c843809ec4737504a6b3104736f198,vida-nyu_reprozip
2907,de15f9c388d6a94c5dfd939450b0e64e1923ed29,vida-nyu_reprozip
2908,de3af75497cb5cf9d7e4d0df08f2e92312a51fbf,vida-nyu_reprozip
2909,de5786eb4137578ddf3216c7114598417f4b16b6,vida-nyu_reprozip
2910,de79c871372c0890e49487774fd7755076a4a731,vida-nyu_reprozip
2911,de86b050fe97e93eb1b9e77842822209ca51649e,vida-nyu_reprozip
2912,de89b27a1cfaef5cc7c0b4bcb87fbb26b8d75ced,vida-nyu_reprozip
2913,de8a23badf183bfe03606b366d5bc408303feca5,vida-nyu_reprozip
2914,deb743e22aa12ebac770c518b8fd27a6d99d2337,vida-nyu_reprozip
2915,ded073d7ed2c8554e8edf018167c5c2ca578b269,vida-nyu_reprozip
2916,dedd51b49b35b1acece781242cfc3b10c7a836f1,vida-nyu_reprozip
2917,deec091132b02969ee6f82eb638b4779588e2a61,vida-nyu_reprozip
2918,defa3bfa3807417b42cbf56ed4f7715010fe58a8,vida-nyu_reprozip
2919,defeefdee8d37a37d13c917c52aa517f4e53bbb0,vida-nyu_reprozip
2920,df0152c9ed6cf66bd1234f9315082de6d1a586c5,vida-nyu_reprozip
2921,df0b716ad8e53822d87bb09678f7126dd48a8863,vida-nyu_reprozip
2922,df1f0647bc293f914c001e2b369493c3f350700f,vida-nyu_reprozip
2923,df2db24d2ccaf53de6a8e188bcc654241222a829,vida-nyu_reprozip
2924,df3dc957d40196091b471aebf0a5aba76b2a84f4,vida-nyu_reprozip
2925,df41d22395df3cd8b88ce432a8052139e3abf30a,vida-nyu_reprozip
2926,df4b63c1968698bb4aa7013983c83a25dc3f44f3,vida-nyu_reprozip
2927,df65a40e85b92f4c0a25630c78abac71810a49b1,vida-nyu_reprozip
2928,df6bdbc44f6a9814dec056099df6cae5858cdb63,vida-nyu_reprozip
2929,df7ccddea6168b78a4c84396a1bfb7cb77295cca,vida-nyu_reprozip
2930,df8dd212a8d2d5748ae9d677f2e839c89b3b8c03,vida-nyu_reprozip
2931,df93274c80fdfbd7bd47a91312f5b80be3d40367,vida-nyu_reprozip
2932,dfaf598b9eae5b28ff29069e84c696b8a3c5f0ad,vida-nyu_reprozip
2933,dfc1f5b46d2c7ddf420cd49f4dff99b59aca0a73,vida-nyu_reprozip
2934,dfe2a10f5e70e0d4f68a964579a6488e3e33a1de,vida-nyu_reprozip
2935,dff1d011042501183df87d4c8b25acbf1051537c,vida-nyu_reprozip
2936,dff29e2fb715748ea37e8adb42436434e32ebfa8,vida-nyu_reprozip
2937,e0216f7937d717673824d19940ff2b5bac357ebb,vida-nyu_reprozip
2938,e04352c9f6598979e67f7eac88f022349a5e99db,vida-nyu_reprozip
2939,e046f1f292b1bcc90d943356e4866a93b8b92698,vida-nyu_reprozip
2940,e05feec301dae9cfb169fa70ac11a17ba11a5cda,vida-nyu_reprozip
2941,e0715e8a667346b3640cd3b48eccd4f095b91765,vida-nyu_reprozip
2942,e0893658a230ac0b11d90bf5820d9e74a470f2c2,vida-nyu_reprozip
2943,e08ce274b46de24010fbbdcfe0418456568bd6f2,vida-nyu_reprozip
2944,e0a1f948dce04482cffce89bafeb5da4be7591ec,vida-nyu_reprozip
2945,e0a2898f44c8ef4bfda53b4022fe3f3cf30414ca,vida-nyu_reprozip
2946,e0a82f08719fe61d10998475b71a9b3cba869c56,vida-nyu_reprozip
2947,e103504ee47750036c6f16a27a7b1affdae89e01,vida-nyu_reprozip
2948,e1141479cecf24b26ce17ca9cd6855fd243f8a72,vida-nyu_reprozip
2949,e12442e79d5f1471e1397ca6aa078805e761bd1b,vida-nyu_reprozip
2950,e127e204b608fa58002fd3b70357b163200e0b07,vida-nyu_reprozip
2951,e13f895458557cddb2d0f9ce898d00e34c9755ea,vida-nyu_reprozip
2952,e14615bb5e38bbe61eb2edfe1e8f8cafa676c0f7,vida-nyu_reprozip
2953,e16774522f4a146acc0ab68b51203a2ccca4a2aa,vida-nyu_reprozip
2954,e169a0d5fa98d625a4c08aee0e366f77291c00b7,vida-nyu_reprozip
2955,e19badcbb83713b784e79fe2371bf15dea5e260e,vida-nyu_reprozip
2956,e1a44027332d50810a10caae8de5b61213f21388,vida-nyu_reprozip
2957,e1ae2848f9296fa9f2c7548f5013be7030b458d6,vida-nyu_reprozip
2958,e1cc7a3cd5c7caddec405e7b7c49415b06adb030,vida-nyu_reprozip
2959,e1f8d058f6891970bb2f6b1cc51c9a2294baaa53,vida-nyu_reprozip
2960,e1fcf0e88d3c8c2e15648f91f176696a8f27877b,vida-nyu_reprozip
2961,e2066288e43c3aadef836e8b2e8f757fc6a8fbef,vida-nyu_reprozip
2962,e24c5df3eb0bccab9bf200b6067ba44bb53483ff,vida-nyu_reprozip
2963,e2503fa83232a2bdffba0a5ac90f8586333e60f5,vida-nyu_reprozip
2964,e2864f7e29eb226611aa47834729699ed5b908a1,vida-nyu_reprozip
2965,e2f1680f1a17c0db0341570d9455f01d6c028f1a,vida-nyu_reprozip
2966,e2f75a7aec256ab3734fd7a4edeab19ee1ed5878,vida-nyu_reprozip
2967,e2f7f56e1531548c0a4303eeb81d5d04474dd962,vida-nyu_reprozip
2968,e3072a74e68b7d6256f0445cc06ee1236ecb30b6,vida-nyu_reprozip
2969,e32f3a27c8f59fc56f0a3983dded46d255b7a7b6,vida-nyu_reprozip
2970,e32f5bd1e955cecacf65b67be36e6bc45514ef61,vida-nyu_reprozip
2971,e33ac23a8523c3a05321493aa538063ba3512778,vida-nyu_reprozip
2972,e36fa3734a1274e194c04c1e72c72c54e80cd72e,vida-nyu_reprozip
2973,e389903fa7a0c1bf96ea491b350bd119baeb762e,vida-nyu_reprozip
2974,e3f36fbbb643c1a1757edc8789dc42557ea2da54,vida-nyu_reprozip
2975,e3f44d985918ae657c51d043ab99df07354c2d32,vida-nyu_reprozip
2976,e40888c2b9b85b921fdf1032419e5d51413e193c,vida-nyu_reprozip
2977,e40a6c0f34ee5fee06d49ce757a05f2aa8f5a9b0,vida-nyu_reprozip
2978,e40d316a92286be4fb0ff257170f3a30d583eea9,vida-nyu_reprozip
2979,e41bd704dc69ed6f22a177ad638eb8255572a90a,vida-nyu_reprozip
2980,e49565917d179843d883e67c57f35727f1456af4,vida-nyu_reprozip
2981,e4ae10a9d3bc0d92201f30bb62a771bc59513620,vida-nyu_reprozip
2982,e4aff15605dbf9d1829f54f02377e8be3986016a,vida-nyu_reprozip
2983,e4c7f8f1a59ee675399b78906d199686276712b5,vida-nyu_reprozip
2984,e52a7d8828e84c25021621e455357a78caeba315,vida-nyu_reprozip
2985,e54438b7d5afd4d796abb4e5700d208079c9f29a,vida-nyu_reprozip
2986,e55bfdcb67422fd096e6b58b97ef2f3cffe17fbf,vida-nyu_reprozip
2987,e564bffc842126d29c92476630ad96f04d4677c8,vida-nyu_reprozip
2988,e57bdcc70a490e8d4c8c33aa87896c3385030c27,vida-nyu_reprozip
2989,e5a6f5ecbe01095ca587597ae6256ec5e11015d1,vida-nyu_reprozip
2990,e5b0f698e3a5c5ef8b4d04917fe6c7d82c397a9c,vida-nyu_reprozip
2991,e5b3848d2cf8c7bed53fb957671a42273512ec5a,vida-nyu_reprozip
2992,e6058e27f20329328f42c7c4b9ec4a52414e3b00,vida-nyu_reprozip
2993,e60fc24df686570c2765c706085fa07eba1904d3,vida-nyu_reprozip
2994,e61edbe255c80e9d6449c84ac23d45ef40084484,vida-nyu_reprozip
2995,e6256046374759473b8cd017b15837054ffdc3c6,vida-nyu_reprozip
2996,e62ac0574efbe1e9fcaf692ea39712f50e596bb6,vida-nyu_reprozip
2997,e6355f48f86569c6d4dc4cb65e130e50fe2fd785,vida-nyu_reprozip
2998,e64238b77d2331882eec26472836f7540f3dd8b7,vida-nyu_reprozip
2999,e672e2af748f464f0adeb41bac1d4d15499990af,vida-nyu_reprozip
3000,e68d0cd49b7724013bd326d2e79583023270467f,vida-nyu_reprozip
3001,e6936366b2e50d5495651cb4e4d4f17412b9db7b,vida-nyu_reprozip
3002,e6a23b423fa788a7507826472a74a656bc95e22c,vida-nyu_reprozip
3003,e6a9e9146d59190d30aa45deff619370328e06db,vida-nyu_reprozip
3004,e6e029160879749c2f44d129387ca3b772976772,vida-nyu_reprozip
3005,e6ea8a697c43090eb0b371f6ef8bc2822f1f09f7,vida-nyu_reprozip
3006,e6f560e79342d210b67051a2f4e4502f68a9474c,vida-nyu_reprozip
3007,e6f57ce6fa6b4bd25dd6a7e07b3d180a9606371d,vida-nyu_reprozip
3008,e6f713b1c398dcc705fcd4ff8e0791ab522f4830,vida-nyu_reprozip
3009,e6f7541b244c896bb7fbf14f43dea5f71deaa53f,vida-nyu_reprozip
3010,e71941dbda0a1d1eb5e0c6cd9eda8b3de2ce74a5,vida-nyu_reprozip
3011,e731e7ce2e163a06b483c482bdffda2104b1710c,vida-nyu_reprozip
3012,e7390d8e0dde7c1df824516f000f60c5bfe5f904,vida-nyu_reprozip
3013,e7627cf94fd1c6369edab52824868c577a2eb582,vida-nyu_reprozip
3014,e7a9bcfaa42c0e3b792a1303961b805561ef2776,vida-nyu_reprozip
3015,e7c2c7c5d5c8565192f83bae2b98d6049ccbd1db,vida-nyu_reprozip
3016,e7cfa2caa24266d04972e634224f2c449bf9b454,vida-nyu_reprozip
3017,e7d5bec09e9d5908f2264ace6a4b3095f4650230,vida-nyu_reprozip
3018,e7decadfccf96a44d6df6f22ad24281b96d9295e,vida-nyu_reprozip
3019,e7f51cb43f90c102a031c5fd80062dbc1a3c559f,vida-nyu_reprozip
3020,e838fdca1bcfd9792fc207ce60c472cff07f3953,vida-nyu_reprozip
3021,e847e20c024b85a26d7e19a37ce63ec85c32d34f,vida-nyu_reprozip
3022,e87965ac9d82601100d0f77d75e4bfabedc0c396,vida-nyu_reprozip
3023,e8a4a1fcd4d28482d6dfae81fb7c8690805f02de,vida-nyu_reprozip
3024,e8ba4c2bbefe85711a255a68804956f428e9e619,vida-nyu_reprozip
3025,e8c500578a498011ba0eec126a9eec66aa409855,vida-nyu_reprozip
3026,e902318d67946abe9a98b4b47d6c124229b15b81,vida-nyu_reprozip
3027,e911aba01a061f133d3e663ea4528bd9f81797e2,vida-nyu_reprozip
3028,e92bda3510c47b7420fda9c6ae2630aaf3bd7c6c,vida-nyu_reprozip
3029,e92ebc93bf1bbdf73ab9b5bb7f0ecd3a41c60f52,vida-nyu_reprozip
3030,e946e2a289acc93b282fd94fb9b35fc4229f5af7,vida-nyu_reprozip
3031,e95fbd193f8a2a4371f4ec2c0b43d732061d6d63,vida-nyu_reprozip
3032,e998eedd4357fbebd38f5218ab9587f5ae6319b9,vida-nyu_reprozip
3033,e99ca3dd454cd233a187d039d24818e6b85eafc8,vida-nyu_reprozip
3034,e99dec3a5a0540cc0dde51afb2bd952f341862be,vida-nyu_reprozip
3035,e9a035d427590b36d0261842a90ba7e68e5d8eb4,vida-nyu_reprozip
3036,e9d82a42421bc3faed4284dd36b6fc565275ea63,vida-nyu_reprozip
3037,e9ef0775f79b9cfe272f74b2a7741c37e670a1a2,vida-nyu_reprozip
3038,e9f328da6a1cb31bc8f2bcbb8ce74e69874ce7b0,vida-nyu_reprozip
3039,e9f84f67eb708c2fdebdf157e520e21b990ddab6,vida-nyu_reprozip
3040,ea3cdbb5ebdba296627d2aeb3c7e8314649d9612,vida-nyu_reprozip
3041,ea65efbff1c435adf37b3dbdcdd435335aa37de4,vida-nyu_reprozip
3042,ea74d0f0e12804c0e86cf9f7f4e453f0c3893258,vida-nyu_reprozip
3043,ea7bdaa4694899f6365d16c312b13e29f58f86f1,vida-nyu_reprozip
3044,ea805b9f74dc846e998900ed9c648d0515f6eafb,vida-nyu_reprozip
3045,ea84fcecff36646b027602d76ae9eeab0a5c0edb,vida-nyu_reprozip
3046,eab1c28b54942e415d327325e61336e116e97dca,vida-nyu_reprozip
3047,eab37cc01f3362d89db44e73994270e6737366aa,vida-nyu_reprozip
3048,eabe644f23d3cffb05b3dad72a9cf1f3955e175f,vida-nyu_reprozip
3049,eac5eec4c73d2b33bdbba8b29acea7ccf75afbc3,vida-nyu_reprozip
3050,eac6dc4331d6a53a52163e5d3a8c32b7ac7b3010,vida-nyu_reprozip
3051,eacb83c794af3be73cc18f50c8113bca3fd81050,vida-nyu_reprozip
3052,eafefa33885a092a38fe41c52252e1410be7a922,vida-nyu_reprozip
3053,eb06055bcfaf6dc768661b63a079d73a4812f1a2,vida-nyu_reprozip
3054,eb22c2a5b05f883de9711051bbfc4a69048585c3,vida-nyu_reprozip
3055,eb2493b88a7959b79e655cab5b87e5b1e515f98d,vida-nyu_reprozip
3056,eb32a330af8232bdd04755fb8020596b60621374,vida-nyu_reprozip
3057,eb6214c4adc87d62983a3095487179d165902643,vida-nyu_reprozip
3058,eb8d4fd9bb019f13079ecaad96108bbaecccc887,vida-nyu_reprozip
3059,eb9d2f45862b601b593ce325d0dbb790303d7ba1,vida-nyu_reprozip
3060,ebd27de5be95cd9ba0bd95a7edebaa920b2f60a3,vida-nyu_reprozip
3061,ebe9dbed69b2c307a6c71a443fe4a87bc8c3c7d6,vida-nyu_reprozip
3062,ebec346b301a53a0c653b39cfccabd96958d054c,vida-nyu_reprozip
3063,ec0803847b2fb53c493ffa31c6a835a8c4c77c79,vida-nyu_reprozip
3064,ec0d7178ba684ffa0bc847157e03d52fdf1c9c9d,vida-nyu_reprozip
3065,ec222222f0166af9e872e8f67d949678ec2892f6,vida-nyu_reprozip
3066,ec2b2e3038ec4e163915881e0021a735bf49f3f7,vida-nyu_reprozip
3067,ec34bb1183d8709e35bd58b765c5fbfcb49c6459,vida-nyu_reprozip
3068,ec4504d08ac65833d9f177466cc664860c379de5,vida-nyu_reprozip
3069,ec6b0c285c42fd612f2c978b98082c2c0fc8b465,vida-nyu_reprozip
3070,ec6c9c4784598080950219bac2bd4d3994e08a0d,vida-nyu_reprozip
3071,ec94ef19053f48ad34869302c0aaadc1b8ceac27,vida-nyu_reprozip
3072,ecbcf03cc151a0fde7a0c84ca2bd84c89e3e4ea2,vida-nyu_reprozip
3073,ecf9578d654604379a72d114b1b39b45c173a55a,vida-nyu_reprozip
3074,ed00ade20f1e229a0e66aeecdf8827d058eff9d1,vida-nyu_reprozip
3075,ed0a4efc71e391d334ff0e4579233a89fb6bf6f0,vida-nyu_reprozip
3076,ed24e9542e10a83c9130045bfb00d3a2ec29b383,vida-nyu_reprozip
3077,ed2ff164935742c807099248a971b3c948daa0f3,vida-nyu_reprozip
3078,ed3228d9e941eb9e9754ee8c3b3e8f1e5fcb2421,vida-nyu_reprozip
3079,ed561580055a3f00f1b9b7a642bd25a1ed2ca34c,vida-nyu_reprozip
3080,ed635a945bac65648e095b1c2a6c17fd06ba216c,vida-nyu_reprozip
3081,ed9b6babd529d7c353920bedb18627596647b339,vida-nyu_reprozip
3082,edd35d51c2683820b49a4242939957b1d9158fd8,vida-nyu_reprozip
3083,edd4dd01a0a17aa22e01c372e4a28e0c0885c560,vida-nyu_reprozip
3084,eddf0630ee8d25d3f237aa41987c680fc7c4910f,vida-nyu_reprozip
3085,edf879e4c9d2ec9ab9e749d0bdce223f530d722c,vida-nyu_reprozip
3086,ee032455ab17ddf4a64bbcbc730fb6e05ebbff29,vida-nyu_reprozip
3087,ee256d82aa2fcae9cb9122abe3e8c2f55ef03189,vida-nyu_reprozip
3088,ee2838b4051005a5f703289b9710fa3001682ab1,vida-nyu_reprozip
3089,ee4d4bf7605685db412eb4d919805a5603d48197,vida-nyu_reprozip
3090,ee55ae0fe49ef5028062eb7686806d770ab0795e,vida-nyu_reprozip
3091,ee619183869f4b5b90d52d2b8f42edcb01fda4c0,vida-nyu_reprozip
3092,eea2818ca8f971892cbc70e4d87c8c02d5515775,vida-nyu_reprozip
3093,eee293d613bb543f8cbeadb65431f5e418a7f93e,vida-nyu_reprozip
3094,eef7738976ea858d6fefffadfb58a9286d13e011,vida-nyu_reprozip
3095,eefad9bbbd29a3180f7ef47f1733e40da99f15f6,vida-nyu_reprozip
3096,ef0449fdb6954586878e6eb411e990095fd2f236,vida-nyu_reprozip
3097,ef16e40764407964855dba8935cc953ffe5e6eef,vida-nyu_reprozip
3098,ef1a82fbc996734cfe5cc0950ab7a134437ede85,vida-nyu_reprozip
3099,ef1c2430936e3ce00b6918fe40d821c9a8f3e964,vida-nyu_reprozip
3100,ef29ca97fa489e7ed296bd11756beb5a8b59f339,vida-nyu_reprozip
3101,ef3d93317f4edc635bd2ba2e4dbad6ea34da63b3,vida-nyu_reprozip
3102,ef5f30f60f5dd06ad38c13f017aec42303c14bf6,vida-nyu_reprozip
3103,ef6ae63f6a9933aeadb09d15471bb31c46ea8ec3,vida-nyu_reprozip
3104,ef7485eed77b0ff44d619a957c8d4f9b59525779,vida-nyu_reprozip
3105,ef8500a9fcac56ef412bd28167968d5020e497e1,vida-nyu_reprozip
3106,ef930a5e0e960b9c32ef2f048651d55acad4285e,vida-nyu_reprozip
3107,ef98702efadabf6c39501517fb9c5b156749a12f,vida-nyu_reprozip
3108,efd48229590c8d2661fcef71af3d2f5df1f4f4a9,vida-nyu_reprozip
3109,efdb6b895e8ef34811803a279f4a6b8f16129687,vida-nyu_reprozip
3110,efe470e1383a9dde1b8c46b90045592a6ad025c0,vida-nyu_reprozip
3111,eff1db8d99291aed3231ec26f3b6fc9fdeee8560,vida-nyu_reprozip
3112,f00dfcde3101640344a8b9d3ccefa5cb3e1cec1d,vida-nyu_reprozip
3113,f0113dce46fc6c0a952ab296e7499121fd38cf0e,vida-nyu_reprozip
3114,f022d8b32e6c4d576888f06a1955c0b285a212e7,vida-nyu_reprozip
3115,f031d5f67231637f42eddb2cbbeaec2eb283c34d,vida-nyu_reprozip
3116,f03fb89ef1aa945372f9a8619b209e774a3e0713,vida-nyu_reprozip
3117,f04034a085f6b6686c05bafecc84d9f3c3488f8e,vida-nyu_reprozip
3118,f053e903cf32e09cef515484f25e62f86188b408,vida-nyu_reprozip
3119,f0b3aeb6db4b407ff6d89549d18b07b881396f2f,vida-nyu_reprozip
3120,f0dea0a55457e6f0e5346daaf9597ad74ffaed4d,vida-nyu_reprozip
3121,f0fe22c95b55a99549394f112b9c38467aa166c0,vida-nyu_reprozip
3122,f10ea0e8ab1b44735ee6bfb8d3ff4cea03301f5a,vida-nyu_reprozip
3123,f119f1538ff6fa917cbdb9e4e834894b4265b548,vida-nyu_reprozip
3124,f1422352ecaa74ecaffb29ea4d024879bfa51313,vida-nyu_reprozip
3125,f1422a789b75c90c8ae6753fcce36240efb110cb,vida-nyu_reprozip
3126,f1592bd6bc0309dfa369cb461818172ee5fb5e0f,vida-nyu_reprozip
3127,f15e7f3b6bd55d8a6dd24fdbca0c8a480c91d136,vida-nyu_reprozip
3128,f16104e34abf9fd9d6139347e1f39d1093e087c2,vida-nyu_reprozip
3129,f16ba3b860ca162ec44c4fa7449e4d088bc5efd4,vida-nyu_reprozip
3130,f17cf5de03d77abad7b277ce75ec24b5ef1cc7e6,vida-nyu_reprozip
3131,f18e5be639a4411ec16e570a4af6736d38e84e6f,vida-nyu_reprozip
3132,f19394ebce43c91f04cb3bebdcbf0076c1a4eb02,vida-nyu_reprozip
3133,f1bf1d4653e4e0f4e7c0d585108cdca96e66c08e,vida-nyu_reprozip
3134,f1c7c1bec12bf24bdca271cb1bd6ff61f81b0d1b,vida-nyu_reprozip
3135,f1d170196b51536a71c236a80d4d2e0dd38c2a27,vida-nyu_reprozip
3136,f1d8677333c9ab1e3f5d13b8ec2cd1ed11004946,vida-nyu_reprozip
3137,f1eabdffc3a19dc2d2280c068d6f5a46f497125a,vida-nyu_reprozip
3138,f20675a0fe25bbe948d9bc66fce61ecfd6170b7d,vida-nyu_reprozip
3139,f225538d0010ccd1a35d6fe8e81916afebf10a21,vida-nyu_reprozip
3140,f2286ba22f6c642fda1fa57d9bbb38a3423d6ae6,vida-nyu_reprozip
3141,f22adde05577d2b55958ddd162b92f4423600471,vida-nyu_reprozip
3142,f246ae20a6df358f23ebcfc46987c779065cf5c3,vida-nyu_reprozip
3143,f2484dcd5b5ff800026891584ad869a489bc273b,vida-nyu_reprozip
3144,f25de4e0337a8feaaebc4bddd3cc80ef41002976,vida-nyu_reprozip
3145,f2629e38c226e462c0415f462f695b550aebbd50,vida-nyu_reprozip
3146,f299a3231db4333c48dcae89db4846fa071637cc,vida-nyu_reprozip
3147,f2df65c43dc1edf17a0fadfddb01846f0ffa8f7a,vida-nyu_reprozip
3148,f2f452933e0e32b15709f90acd91f3d9b9ed7935,vida-nyu_reprozip
3149,f2fe895441e0d78ee70940557af1c0d2e0645fb3,vida-nyu_reprozip
3150,f308c8d95dead4417ac96e03e63d8d2080556bb3,vida-nyu_reprozip
3151,f313498bf132289728c19070f2730d0e14cb36d3,vida-nyu_reprozip
3152,f339d79c3210b1b2be8adc11f0b84ada7ee7debf,vida-nyu_reprozip
3153,f33ad77df1d05ad979ba108c3745435dde3e1e03,vida-nyu_reprozip
3154,f34024e6e3afdbd95b06829f6ac36ed4ce91d653,vida-nyu_reprozip
3155,f34ea9c0538c30e72ea1cfe88f0e780a43470876,vida-nyu_reprozip
3156,f351b73b87b2144b3189b8016456dbf549ac2b34,vida-nyu_reprozip
3157,f356ba0ffc973e051e85d708ab84c0392aa5a4f4,vida-nyu_reprozip
3158,f3698af18b46fd599197576b385d7bcc2bdde4bf,vida-nyu_reprozip
3159,f3710382594dde8add8ce576c3bb10a645a9e669,vida-nyu_reprozip
3160,f379775d98d2c575aceccdefb6c4301047174f85,vida-nyu_reprozip
3161,f38298276132d1550f63dc1892d2f8b537840d9d,vida-nyu_reprozip
3162,f394f8ef518dda8d25c583972397aec19d0b8109,vida-nyu_reprozip
3163,f39f654d7e3f4e02cb98c4d560b5d6e7ca27950e,vida-nyu_reprozip
3164,f3a511fa29bca1bba98ffebd375394cfdf8f6b2b,vida-nyu_reprozip
3165,f3b4d78a096174bdcad8abd79f6fa91d25f0b2d3,vida-nyu_reprozip
3166,f3b859e6f8a7af0f0b189024857494c658e76856,vida-nyu_reprozip
3167,f3e0a54aef16b0f2a46c3459161fd4bb572e0921,vida-nyu_reprozip
3168,f3e475b9d721c1b73b772ff6bdf9f30b14632945,vida-nyu_reprozip
3169,f3fb2e8082c58edb529833b9bec341cb9dab36dc,vida-nyu_reprozip
3170,f40d2d16fc854ea86010df0e91edb5e3e4eb0901,vida-nyu_reprozip
3171,f46e84eff8112b821d5626ff1e6e35d3f49a1f58,vida-nyu_reprozip
3172,f4771559c64d74782603e0f27812b825e69a1fd0,vida-nyu_reprozip
3173,f479f432e1137b855d74b09638eecad58e3a63f9,vida-nyu_reprozip
3174,f493b84b64275de9939e51622c440966da2cb35a,vida-nyu_reprozip
3175,f4acbd44172451026f3298ad175949fa1df47e4e,vida-nyu_reprozip
3176,f4ad17a4550e36bfa4f8891ab775a90328715303,vida-nyu_reprozip
3177,f4b5101b77d3bec45ab8db4ad21efd08278f4362,vida-nyu_reprozip
3178,f4c5817a117c6e9e09a5c79a1779b3666811d812,vida-nyu_reprozip
3179,f4e3b316bf136066f3a8162cf984fea9f7477bb8,vida-nyu_reprozip
3180,f4ed5ff2ae3562cf6b00e9338585a9e090607acd,vida-nyu_reprozip
3181,f4fa73bca9336bf92aa0c0fc948c53d69a26e164,vida-nyu_reprozip
3182,f522670ffdb8f053f04d6f3e050b609506fa3202,vida-nyu_reprozip
3183,f5259d32ce979bb00219ff7cf86441f27bdb5990,vida-nyu_reprozip
3184,f55bed4e30ac457455776032164f5599601e2ec8,vida-nyu_reprozip
3185,f56002bd1209f85cbcf456ce1095bca978843610,vida-nyu_reprozip
3186,f59540f1bc6a796c0ce5f6ebb98e8f29c9df4d56,vida-nyu_reprozip
3187,f5a890d70cd5892ff9ac4f1bac571eb4c84d8086,vida-nyu_reprozip
3188,f5dbf90f0d582b96ca3a1015860d22b8843c07aa,vida-nyu_reprozip
3189,f5e215b1991ed70be9c44eb78dde77e8c53d8810,vida-nyu_reprozip
3190,f5e2d55e86de97387a5a3c48f764d6cc62fa8fd2,vida-nyu_reprozip
3191,f5fb2cdccc0514f55416535015c5e28882ce3dbb,vida-nyu_reprozip
3192,f5fffe92dfac119f6413afbdeacf38863f73b3c4,vida-nyu_reprozip
3193,f60bc01129db42930cf314bb28015cd39da0d289,vida-nyu_reprozip
3194,f62f1aaf8fd6cb17fb39dbb222011770fc1ec305,vida-nyu_reprozip
3195,f66a8552d27cb581d407e9c54f8a1a7c2556db31,vida-nyu_reprozip
3196,f670756e15d0d0f2c0e769d87b08f7dc04592a17,vida-nyu_reprozip
3197,f6790cacbddee3cf97e3f3c797dacbfc0b809cee,vida-nyu_reprozip
3198,f68e812b728ed92c38d68d554390b439cc280c8a,vida-nyu_reprozip
3199,f69cee3033a7842633199151956f405de4d253f9,vida-nyu_reprozip
3200,f6da4d54802691cb6dd679c63ce28ced5d098e1b,vida-nyu_reprozip
3201,f6ebb19056c9ce19b227fbfbd2da8e616a9ef733,vida-nyu_reprozip
3202,f6f7a17da6b1fc34f586e62e075206d5d6d664a7,vida-nyu_reprozip
3203,f71160d8b67fd65f68c684d29642b79f0f810abe,vida-nyu_reprozip
3204,f72103e399241a6e0335a4415fc1e7eefb0999fe,vida-nyu_reprozip
3205,f72731caae6bba2ddfc864e67846597ef3da27ca,vida-nyu_reprozip
3206,f73d31183ccd79ee904f05c04a8c5ca8bbf60206,vida-nyu_reprozip
3207,f740494fa14284dbc26e8599c80d2f4defb5e601,vida-nyu_reprozip
3208,f74af4e734adfa96acb518d1f7220d99a33d4ae2,vida-nyu_reprozip
3209,f74ec5676e1834339f1113f68f0908845d21d328,vida-nyu_reprozip
3210,f7556e6f685abb6eafaf3eea1651e08b6cf883cb,vida-nyu_reprozip
3211,f77585bcda4d4345b074a8de08b2d34aad117f12,vida-nyu_reprozip
3212,f77aaa07c04f84f31b64e59e95a4dcb7f2c0c80b,vida-nyu_reprozip
3213,f796c2477550319e92440efb60221bf83c82bbfd,vida-nyu_reprozip
3214,f7aebca49667d141e56fc62e1900dcda2d02ff4d,vida-nyu_reprozip
3215,f7b4e0a99a14f6edacefe0375275c02ce5e8b9a4,vida-nyu_reprozip
3216,f7b6a40199fd1d702ebdb3d6012b337b2dbaffc7,vida-nyu_reprozip
3217,f7fb347d12bc8c75810b7f6039a9debd2df6943a,vida-nyu_reprozip
3218,f8004d58a8016dda6b180aeee5169487e6c6cbdd,vida-nyu_reprozip
3219,f804798d0c789992775c1ac494856e6a81282bd3,vida-nyu_reprozip
3220,f8083e4ce55f0114aae49f6f9f88c0842722cdcc,vida-nyu_reprozip
3221,f81f5c6075b5c903d527f1ba69a0d07cdc70d541,vida-nyu_reprozip
3222,f85dbeeb1a1383034cd493e56463c48464c1f9f8,vida-nyu_reprozip
3223,f86fac5ca09c824bc2a19fdef623b71de6d6e46a,vida-nyu_reprozip
3224,f886dcf5ae8b11329b47c4295917e1957b3874a2,vida-nyu_reprozip
3225,f8b208bfd72f86c83650217fee812751242f949c,vida-nyu_reprozip
3226,f8b23d44b3e9ff246c8aa093323a7a38e0b50c31,vida-nyu_reprozip
3227,f8b52165485f07f1f2ae409f9c83cddad1f440bf,vida-nyu_reprozip
3228,f8cb755f462bda6d9a9e3d87fba4bb4b6da7159d,vida-nyu_reprozip
3229,f8deb534f1ce95f596991eb85e83269c09f95f62,vida-nyu_reprozip
3230,f913e86023ce67d948ce6b63e983da4006438d3a,vida-nyu_reprozip
3231,f91b9855cc38d130ba8350290fd1ca31b4c535cb,vida-nyu_reprozip
3232,f93d498f7db96b904f24e92059144c4d29b646b3,vida-nyu_reprozip
3233,f952810023a81bc14db77ef0236f464cc339b73a,vida-nyu_reprozip
3234,f977c515088477398918fb01946f006140b7088b,vida-nyu_reprozip
3235,f9ab92d002c5457b991e8de189f63798e9bc9fb4,vida-nyu_reprozip
3236,f9af48e66f6946fa458989d88a5aa4983527c566,vida-nyu_reprozip
3237,f9b605664337962c0cf8c4245123912ef625c9b1,vida-nyu_reprozip
3238,f9ba6f1b5bdc0d4ab6c9865018222607de41d52f,vida-nyu_reprozip
3239,f9d7cfd97795d067604d1a9ec43a0d63bcc8b23f,vida-nyu_reprozip
3240,f9dd0eab960af8992136eb2076e9d40e6808f165,vida-nyu_reprozip
3241,f9f1c38bec238ecf092fa2b28bbe9ef63a113ebc,vida-nyu_reprozip
3242,fa308481454f21aa5e17f2b522df1b9dd0543b8d,vida-nyu_reprozip
3243,fa378180c564391b59cf45d704bc6146c6d723c4,vida-nyu_reprozip
3244,fa4644d8bd867829335b24e1a9f12d18283cb592,vida-nyu_reprozip
3245,fa49de0016dec66098d69349f56ff6d65e9600fc,vida-nyu_reprozip
3246,fa5e2507de596c544a3fafadce09c6ac0294d78c,vida-nyu_reprozip
3247,fa6360b8275a6cd0a66b2940fd2f35bc91405824,vida-nyu_reprozip
3248,faa62693179814317c9badb3ed4aecf6493a07fc,vida-nyu_reprozip
3249,fabd1e1a8673c85b56d1493221cda4fa38940365,vida-nyu_reprozip
3250,faecb2578865c7ef8405fda4f6dad420ebaa808d,vida-nyu_reprozip
3251,fb2854d9808b1b954eceffc6e91e04db3f14bb01,vida-nyu_reprozip
3252,fb4ce4f2dd5aabc849b8d45372776fbe15a09867,vida-nyu_reprozip
3253,fb72962aab36896000e53ae04f58abcb7916af9c,vida-nyu_reprozip
3254,fb7d3e9802d9d2a1565ed42e9c0eb1af2e538631,vida-nyu_reprozip
3255,fb9dc56e3d7b37a823028b040a813015a54f22ab,vida-nyu_reprozip
3256,fbae8d93716d113d8b9404f0dd57268eb23b11ce,vida-nyu_reprozip
3257,fbbc9d06a9cb8495e82f7c4a6362509416c6b697,vida-nyu_reprozip
3258,fbdb4a061369dc50840c6eb4d14463dbb36815ba,vida-nyu_reprozip
3259,fbe86883982bc27241f74c7ce5a223ebe7033adb,vida-nyu_reprozip
3260,fc0b38bea3df12fe1575a99c6b07bc417817a0ed,vida-nyu_reprozip
3261,fc130297baa95203d3a85338db23c324983ac9c4,vida-nyu_reprozip
3262,fc3aaa487203e71f9c6cfadd6217069c8b5afc80,vida-nyu_reprozip
3263,fc4751b049beff6862b4984334499db830bf8ef0,vida-nyu_reprozip
3264,fc6183d753516fd1ce8e249ce4dbcec3c96d189f,vida-nyu_reprozip
3265,fc8e9557a7b5e0bce107e493620a1cd5a5a2875c,vida-nyu_reprozip
3266,fc923d610194d6e010cb364fe37fe7585acf24b2,vida-nyu_reprozip
3267,fca3c899ad52c3daf5211664c8d63480b578fedd,vida-nyu_reprozip
3268,fcb8c0515398ffa3d307dcd107955308255c954f,vida-nyu_reprozip
3269,fcc4381e3438d6c8f93233fbb1e5aa298f184b9e,vida-nyu_reprozip
3270,fcf36746282beadaebc2ad1c1852dbc058cb1875,vida-nyu_reprozip
3271,fd1acc2a2deb69811c7cc394345c8f30be774803,vida-nyu_reprozip
3272,fd1d3dec9adb44396c1a3e36375c2deaafb96440,vida-nyu_reprozip
3273,fd24c7bc125f24f695b1a78c07ed4ef4e7155714,vida-nyu_reprozip
3274,fd25ea701b9092e299402d5e3d8a3399991065fb,vida-nyu_reprozip
3275,fd488d9275a55bfc22d7d3c969a689e92f357395,vida-nyu_reprozip
3276,fd5d017d27289e96541df39f0187bd0fb13154d1,vida-nyu_reprozip
3277,fd6025104e4b5756d9ccbf377b924ccf5bad0ec3,vida-nyu_reprozip
3278,fd7614084b08227b6741c5f1d95b3d0e0ebf6d91,vida-nyu_reprozip
3279,fd7adc4e1a7a68bb97707da5a1af6f3802d9f162,vida-nyu_reprozip
3280,fd8155e8ae5120a1e8715b8471231bd1e3652a93,vida-nyu_reprozip
3281,fd82ee9ec7723e024fcc3a3dc9ef09805762aef4,vida-nyu_reprozip
3282,fd98ee82c6cdc8ed43cf11a12b12b389e8b52a02,vida-nyu_reprozip
3283,fd9ca29309142a0e406f3ae9c0d4eff8e2ef768d,vida-nyu_reprozip
3284,fda15a817a714ceda9cab06460718503ee73b846,vida-nyu_reprozip
3285,fdabe08d0266e5a94cba599ff83a58953b6ef8f7,vida-nyu_reprozip
3286,fdb0c611bd5f1a450c23689fbe50069d4fb3ce65,vida-nyu_reprozip
3287,fdc1ed3efc9c3dd34443e73adb76f24790507738,vida-nyu_reprozip
3288,fdc28e9a0943e6f0b6b0732725981accf7874b5e,vida-nyu_reprozip
3289,fdc30dee4a138a4f7772bdbd5fe23e7d0bafe4e5,vida-nyu_reprozip
3290,fdee246d33707afc6d21eeb6149448b3ee6d413c,vida-nyu_reprozip
3291,fe098cf4d6520bacfd05553d132bf5f0f1697c2e,vida-nyu_reprozip
3292,fe4a5cf546500cfce044560daced59d3ef994bb8,vida-nyu_reprozip
3293,fe4bdbcba8f63e1dec203aa736664da771c7cc2b,vida-nyu_reprozip
3294,fe5eae12618128c63356700f527ee1a0a4e32919,vida-nyu_reprozip
3295,feac9610b46585829a290ab8ac1af3de4ae290bb,vida-nyu_reprozip
3296,fec1b1d43d699b0a3bbed8cfc4c0a45fce004f26,vida-nyu_reprozip
3297,fedc9e101a34db199e86b1f6275848ffce372fad,vida-nyu_reprozip
3298,fef71633fd6b8731322387a03198c892b9c02026,vida-nyu_reprozip
3299,ff5acf885a49e8cee191a68f65eea584a7a1ba89,vida-nyu_reprozip
3300,ff6a4a33c84127f4a14df868c235c1ea282402dd,vida-nyu_reprozip
3301,ff71cde82926db6f77b17f93461a76165f10da3c,vida-nyu_reprozip
3302,ff7631cc101900c69e24e634a9ac7e941e767a37,vida-nyu_reprozip
3303,ff77aee2d870dd57347fc4c5541c15da005cb040,vida-nyu_reprozip
3304,ff9a44be2fd4ba93f0d433451a09bc10b8768332,vida-nyu_reprozip
3305,ffa16f0defcb8a44408c424965cad9b6d1c28735,vida-nyu_reprozip
3306,ffc50fd673417825cfb7821b914fd041b292af6d,vida-nyu_reprozip
3307,ffdb36b44da4a5d3f066397584884106e2b99422,vida-nyu_reprozip
3308,ffdb6c11b5ac582cd422728f4b2f0148c657bf8d,vida-nyu_reprozip
0,0020a53e52c6e8e2d20d4a77069955a4a5532352,llnl_mgmol
1,002fcbf11c11bec0695df060f88b62fd3fb7873a,llnl_mgmol
2,007a0461e7378fd356a036f77fc6d175e30fb16b,llnl_mgmol
3,007c66c9a5f4d3bd9d54fc9eb402767d02ebfa92,llnl_mgmol
4,009acf49a3e64278f889148599979755cc19f2f7,llnl_mgmol
5,0100d9d3d1b930a9efaf783f441c381ec246e935,llnl_mgmol
6,012873f8399cc671d53ff7cccf63277259902b07,llnl_mgmol
7,01443b81b3cf98544d67d98f81ba35d0db6dc229,llnl_mgmol
8,0151bfbb8977ff69d5f22d79cb220a3a8e3244e8,llnl_mgmol
9,0178b753d9daeba9d369f4d3492ef03017938d2d,llnl_mgmol
10,018d64d45e2d5a8c5f7698eefca21e90a373ad32,llnl_mgmol
11,019dbea6aed8607bee231c4b991ce0a170e6616f,llnl_mgmol
12,019f21d2eddddc7fa719636e1aa89795dd78f43a,llnl_mgmol
13,01b225545e56d7b41a958cc1a7d3ed40664feef2,llnl_mgmol
14,01d70fb7bf6ce023fcd2a9c0ea2aed4f354bdf4d,llnl_mgmol
15,01dcae179fd56563d9c986790635f2e4ba9644d0,llnl_mgmol
16,02077e3c7145780837c0ee6f13cad113f95a99de,llnl_mgmol
17,02292ca6c22a60cfe1012cabbafe569f68021d53,llnl_mgmol
18,022f9730662ea8615a92e29bedb8d18f022d8770,llnl_mgmol
19,0297b80d8bf5a51a3d72d4ba35be1b709d0b3b1c,llnl_mgmol
20,02dc7151c0a50abd75dca5684fd480667394a7b5,llnl_mgmol
21,034aa35b3fdf45225b35b6f3af86e8ca73c044e4,llnl_mgmol
22,03b4608fece9de036642a0764f476b711c8fe80d,llnl_mgmol
23,03e59eb5184a914c10c4a48b0b16404abe7c0962,llnl_mgmol
24,03f37d06fad7adea6090a7efb446927fc05260c2,llnl_mgmol
25,045ea393b8033970d2cba9a37b169c1965c1c4b8,llnl_mgmol
26,058c21aca7f335df8793c17e07c4552e9705ba8e,llnl_mgmol
27,06160009ade5244bb95b311cb7b8358e3aa671b7,llnl_mgmol
28,062a7c440016d01395f1abc6ff74f950afb42f49,llnl_mgmol
29,0659a3a828c546f8987fa540a5c0bfae9ae4d66f,llnl_mgmol
30,071b7de3f56933c019aa21a21167b47363969ed4,llnl_mgmol
31,0722dd60078c18a69eb14f79b3e7be3347a516aa,llnl_mgmol
32,073e93605a0517f0df20ab83a2239ce02a587904,llnl_mgmol
33,075bfb91e19bcf737635517bc20ad947eecec26b,llnl_mgmol
34,0777a9543088c416c868c089535be20faef84939,llnl_mgmol
35,0789b75104c59ab771124e71f4681a1507f85fc6,llnl_mgmol
36,07a068154704ddc470aa15c19f454fbb33a7ba11,llnl_mgmol
37,07d018edadfe6d3fba56a72c8c0679159ec7f11b,llnl_mgmol
38,07f6c4d7b382c42ed7796a51c1c62eafcd3662a9,llnl_mgmol
39,080bf3d7ee792646fc21af780228a7f295386995,llnl_mgmol
40,080dd19b2c2e8de9ad8d798dc726f8d699c1f53b,llnl_mgmol
41,081cbc61e0065789897b4bb193900c5d02744ede,llnl_mgmol
42,0820ca5e9dd4bb453a64da5e85a732af27064a29,llnl_mgmol
43,0822805a4ff3ac1b1704bfbc45b0566eb45fc8fc,llnl_mgmol
44,089787685b10c5261d43212f90c2accd0b243f86,llnl_mgmol
45,08e4785acf34593a34dd98d96769ef8660cd6b81,llnl_mgmol
46,090aef0c57bbe4e3472393ddc45ea85e522d20b3,llnl_mgmol
47,098e14200913a9b19dce08682da8e403f2cabd6a,llnl_mgmol
48,09c0e3eff44c02c4e731779361d7069d7b41264a,llnl_mgmol
49,0a54bc3241ea0c7a1c6ca78e418b5d803e7915d6,llnl_mgmol
50,0a7d07c586d3052aba1af86dc53d553e3e81de8f,llnl_mgmol
51,0b0db0ecf26ec1cdcb7d71db111892ce3bcd8e26,llnl_mgmol
52,0b19d9b67d6881805d654ab9b3f2c1eb23430182,llnl_mgmol
53,0b7a09767dcbd50f15b1d4fd4565e09dc8832779,llnl_mgmol
54,0b9dae91f848990589927ee17f49b53b82a20ebf,llnl_mgmol
55,0bb043da0056b7b2840b8ea581d2378f80d1441b,llnl_mgmol
56,0bd5e7e3c6df0c6cd1164337fc4a20e3b28dc1c0,llnl_mgmol
57,0bdcc8d42efa721e938962e44687f05043eae47e,llnl_mgmol
58,0bec0b18b4ecf00b23da17f52425d15181a0b797,llnl_mgmol
59,0bf4e469f4301dbdd10b4e9043716fcede6f9d5d,llnl_mgmol
60,0c0f8827fea6ae58ca4532b66e7959a641a6b920,llnl_mgmol
61,0c6f961d5581ed6c0a348152c42730269bc2dff0,llnl_mgmol
62,0c8f608da74cbfc3b392f8fc464995259ce7616a,llnl_mgmol
63,0cb4a84032e0c4b99215f4b761a6e86ba0e4d29b,llnl_mgmol
64,0cdb289a7fe8e0a9c752de294b7ab863607287c4,llnl_mgmol
65,0cecb10253e47d39e89b0877ea7d2fc3fc0b60cc,llnl_mgmol
66,0cf475d3c59ee215c04dd06d5aa97730ce7000cd,llnl_mgmol
67,0cfacbb1ea6298c9b6e31ba6743148203555f77e,llnl_mgmol
68,0d43701becb7914ae7ba9212f8849bc08eb6dd8f,llnl_mgmol
69,0d48c452eb4626527f339d5cf0804d87638cbeb4,llnl_mgmol
70,0d6dbab21e7867e3762148dcefa6e14968cc92a4,llnl_mgmol
71,0d9f57b1d60c818acae422aa0621b58912308a70,llnl_mgmol
72,0da5cd310e88f981413a68b0d74261fc730c8095,llnl_mgmol
73,0de06e453430394df62543c21a67b8e07ce2b372,llnl_mgmol
74,0df0cabd8014aa4dd8f71c3ffe6a2d52466a9d58,llnl_mgmol
75,0e23f34a4090110585faad8428c941f7fc370370,llnl_mgmol
76,0e29154b69aea3eab02c23f5b24c884fe748fe27,llnl_mgmol
77,0e479769520b14625f57410d7ed7dbea0a5d12d3,llnl_mgmol
78,0e9037bdfc7ef8f23c0a18654dfd1bd0d1e9feac,llnl_mgmol
79,0ead573485e01ef40833106876864dcdd322ab37,llnl_mgmol
80,0ede5bec99cb97b5ccb02c4c79800c223ee08ea5,llnl_mgmol
81,0ee185a5f6716d511aba1a1b9eebbaaf41b9d1b6,llnl_mgmol
82,0f093c5a188d7adc7656206e026fd6d9137d59c0,llnl_mgmol
83,0f50a6f54e3c6e802197b4f6d9661b1b228699e3,llnl_mgmol
84,0f6498ad558e5db43f655a16775165ba2de20016,llnl_mgmol
85,0f7c1cc96efc23eaeb3aa1aed80f876d597df5bb,llnl_mgmol
86,0f7d82288134aec236a6af11d2fc216108fc8c76,llnl_mgmol
87,0f9fd0f0578ebe882fa961c8e317be4e9cb5821e,llnl_mgmol
88,0fa2bc8b9ac68299949adc68767bee18444f8eb2,llnl_mgmol
89,0fad013760a55f6fa27d9637e74f88860a428e8e,llnl_mgmol
90,0fd37f09124c219b66ec5510e940c64809015d4d,llnl_mgmol
91,0fec8c00b3529e3455e62fcc302770e0389b89ad,llnl_mgmol
92,1011f1b4366400900248320ef7a0c021498d506e,llnl_mgmol
93,1048259895f8435fa395929f1b5b6b96673e8b40,llnl_mgmol
94,105b07aad9c4104ba04758d11d2350b9737dfcc6,llnl_mgmol
95,1067aaf1554802d8556f8ef0c229adaaa9296d8a,llnl_mgmol
96,10712a24ae60fd5cff472f3523ec65553b3c2c3a,llnl_mgmol
97,10857129ff7a80592dfb2228a3fce69f94adf3ec,llnl_mgmol
98,10bc9d0c77bdcdc9c0587c312d5d4f96827c59fe,llnl_mgmol
99,10f6fab03ccfcdc82cfefd747981b281d8366652,llnl_mgmol
100,113e51cdc2cdb15ea7d602cd14b863047fe766d9,llnl_mgmol
101,1140370f41408ef9dd07393cdaba25bdafaf3ce7,llnl_mgmol
102,1175b22c3e33904fe34f009a4b821d4cbaf2525d,llnl_mgmol
103,11b72858ff9ba441cd970a7124c2e7fded9e2298,llnl_mgmol
104,11c4967fa68f405999b0fe55839fc002c30ee6f4,llnl_mgmol
105,11d6714f3236f04fc269468aece825b1c46c8993,llnl_mgmol
106,11f54d530106a56a53dda07d64bcb79cad11cf33,llnl_mgmol
107,11fe1082719c08e2d4c01133ebbc2eaab570108c,llnl_mgmol
108,121e7fb42312b857c1f3ea53893d20b05e5d4e48,llnl_mgmol
109,12238b6aea1b156477dc49b2d992738123f32f69,llnl_mgmol
110,124611491ea37115d4f5fdd03728722af9bc6757,llnl_mgmol
111,12bbed07dba16b3a91cfb4ff58c0c406fb64e515,llnl_mgmol
112,1340d30566fc9cf335156981f67ed80f282861df,llnl_mgmol
113,13807eb3da4b688790ce4a09b11fec573ff541c2,llnl_mgmol
114,1383549000d8bc5e5a272260a96e637d2706c0e9,llnl_mgmol
115,13954384b33629a4377200eadfa78a00aa76893d,llnl_mgmol
116,13b59b35a67f753c6ce1bd5f9871a2dc7b2af52a,llnl_mgmol
117,13b86427defbd1412c219cc4092f5eda571865c7,llnl_mgmol
118,14450e8c36473e90f9a50714e0795f9527a763b4,llnl_mgmol
119,147b76c1eaed768a8b2bd91aa8b64d8759a93679,llnl_mgmol
120,1487dce8f7d48316c445f4d7f0f5f462501eb57a,llnl_mgmol
121,14941c53be182fc0d4830a0212a354c8328f7b00,llnl_mgmol
122,149884d2b0d00f870d7b31a341d30c141b9bf154,llnl_mgmol
123,14d11a3e99d9fe498f5622087e6112b1ef5e67e5,llnl_mgmol
124,14d3ebda1439c5d3ac1cce4c467d3264c0c9e617,llnl_mgmol
125,14e2a8558fbbcb74f883aece0f4089cf859d26ef,llnl_mgmol
126,14eb43ff48c5f0eaf6ccad0e819536dcc3e08ee6,llnl_mgmol
127,14f2ea775d256acec8022067186237636ec69e89,llnl_mgmol
128,15067fb5449ffff70efdaadce06187188a8277bc,llnl_mgmol
129,1516489f7a933126fa5a5a3a388a9b4f135f53e7,llnl_mgmol
130,152697416694f094e9e7faee6734a58a8838a8ea,llnl_mgmol
131,15555f49a9530a79488efe6815a3cec41c1eb05b,llnl_mgmol
132,156edfbb3dc91ad52e242b7d69bf7d99ef751664,llnl_mgmol
133,157288fb0a8fa24d001354ce35b113bd8888a658,llnl_mgmol
134,15821d3b9752fd99aec5f4a63c54672d7ed77a43,llnl_mgmol
135,15892f2c1cc44781a71aeae6224e5e2c18a5c526,llnl_mgmol
136,1597ed5aafe807e5a1c5b909100b78d99fe9bdf4,llnl_mgmol
137,15a0e37f0e4e1f6a1d57bf7268ed78a2819e14ad,llnl_mgmol
138,15a3574fe0766b262c3df140e18481ce17f484d5,llnl_mgmol
139,15c8fe5c7e35f251415639d20e7f2d06d0ccaa40,llnl_mgmol
140,15e3483ae32850fe70ae04223dc9e9b8485e3de6,llnl_mgmol
141,15e9644bc00279f07441cd124ca5de8a4f15b825,llnl_mgmol
142,160e3b525415bbef49ccb033e4503cc928f904fe,llnl_mgmol
143,165fe068efedcda8285345be6642e5105ee2d500,llnl_mgmol
144,168b8387ddc7f24f71f7be7421a6e1f320235136,llnl_mgmol
145,16a818a43bae7906ff9b08f1765898c6b0569ae8,llnl_mgmol
146,16d3fe6f29d84e3c93c7336f451954e41bd97619,llnl_mgmol
147,170e3f59b6f36417d0ec4f32bc61cc57c50faae7,llnl_mgmol
148,1719bcbedfa919875631cd9bda1f6610402c45b1,llnl_mgmol
149,173e7ed948f641f85bb79eb6d8da919363854c7f,llnl_mgmol
150,174a8db7948319621fa23fc4597e8d0e5bb3349e,llnl_mgmol
151,18017d27f9d804992757c5834449f59c23a8f450,llnl_mgmol
152,18431cb3a462463a820ea83850f26f61206b0b40,llnl_mgmol
153,18529b24bcdb038edc93a459923757fd463739a4,llnl_mgmol
154,185c4c050d09917c41bc6f360058807ebe0861f0,llnl_mgmol
155,1861ebcccf417b80f2384dc091177284b5831a57,llnl_mgmol
156,18650d5fae027e5328e2cc21e1f4b37e4cb4e52b,llnl_mgmol
157,186dfc1709500b626b926cd7d71ab3cf5421151b,llnl_mgmol
158,18762b0042701bfb85ab3368e6258bb63ffc874c,llnl_mgmol
159,18ba84817c4de767c21b7517a82d6c9f35bb1485,llnl_mgmol
160,18f5dee8ad7b204ccea03c79a03e367eae62b0d1,llnl_mgmol
161,193b91dd69da241f38f588fb387c114dea7add5d,llnl_mgmol
162,19795116112033608f1121de748b40817c800800,llnl_mgmol
163,19df3ef3a1a013fab4dfdd2b61be704385a1c78c,llnl_mgmol
164,19ec129106e834a5d1fa1aaf83fe6940421f5a77,llnl_mgmol
165,19fc8093167d9d4889740a26c11e1ebe3a77a9da,llnl_mgmol
166,19fc8710fa2f251cf0cb90c93e691287790c3fea,llnl_mgmol
167,1a4cd16bdca071b94ce47b8d41e5f88f193647e9,llnl_mgmol
168,1a5ff3372535ad3a8922d9828a8fa847dbefface,llnl_mgmol
169,1ad1292720f89c93e4d8a4046d68028fdee449fe,llnl_mgmol
170,1af25da812c9c75d372e972ba6d2d3103b25a3f9,llnl_mgmol
171,1b06e02b7d48e5a2b7530c96b7762a210f29a386,llnl_mgmol
172,1b40a1dd9cd0a2ce25b40d46cc03954d04c89f14,llnl_mgmol
173,1b58dd0219a529cddd260b827fdcf7c5d3cb08cd,llnl_mgmol
174,1b5d437df8336f7cb239c81685f403a4e3cfa756,llnl_mgmol
175,1b5ed093423a5d55ce4c082c919c9b155cca3403,llnl_mgmol
176,1bada0b413eda5bcc0082ca3de86ad072173580c,llnl_mgmol
177,1c39348c8d674fee2664ed1fa5f1353721020fdd,llnl_mgmol
178,1c6b804b9881408bb94a82d91bf03821a99b7969,llnl_mgmol
179,1c6f5949adf4dbd7bbfbe5cd3ddf97b8a65f4ad8,llnl_mgmol
180,1ccb00310f7b536b8c934f702388a5585cf69fb2,llnl_mgmol
181,1cf911b2b03ce29ca60b19267100f147679f9068,llnl_mgmol
182,1d01d5c664bef093875c72bc4827c862ce5a9f03,llnl_mgmol
183,1d087b01f7f70398b1b40dec68f9a728dc8cf18d,llnl_mgmol
184,1d376998d44f041e72717cd517448e048b4ec966,llnl_mgmol
185,1d3a2026fd448a8b4d4f9ab01a1a5fc1564d8882,llnl_mgmol
186,1d877e5ebeab6162e2120ba96cf5f7a4006b988d,llnl_mgmol
187,1d951e1fe642e3b9790c8cb865f75f544dcc15d4,llnl_mgmol
188,1db032a111fea476e2004fdfb15d91c7207e9259,llnl_mgmol
189,1dc10b7d2477e032cecb381c3a0ef93f773f0dbd,llnl_mgmol
190,1ddd5a22d7e856f44038fd585e0afc0b406e7a51,llnl_mgmol
191,1e2b8c548b65ca0eb13dcf9d423d66a4742e342d,llnl_mgmol
192,1e4d945ee4793f7c612293805669355afd417ff2,llnl_mgmol
193,1e71d44fb2ad6423be56fc5fc9ca16e7b37e0b64,llnl_mgmol
194,1eceb21b80d369859f955bb9ac9de2981e860e7c,llnl_mgmol
195,1f045c12aa0294642b563fa45f02f26914ed1c70,llnl_mgmol
196,1f05a271a434eb914e58c51536d67de3d9586336,llnl_mgmol
197,1f0afdca5e1dee4a4fd7ddd0fd82f17c85acd92b,llnl_mgmol
198,1f3f978af5328eccbb3af2f95604e9728d4ec953,llnl_mgmol
199,1fb9298bdbf7dfa1f006ac992d9713dfcd2d5ede,llnl_mgmol
200,204873bffa250aeeea1dded28f7f7ae7bcbb57a1,llnl_mgmol
201,204a7e17045e2763ed26cc3adb485d0789267d8d,llnl_mgmol
202,204eed06012210bc6a65187b45f63bdadbeab9a8,llnl_mgmol
203,207f2be365df885ce432074bc1a0ff42a29f076d,llnl_mgmol
204,2092813b21be3b0eab013b6d4f9b8c08c571e64b,llnl_mgmol
205,20ab2b73509572260e5a1fcccbf2a91847a3f7f2,llnl_mgmol
206,20c82d8b62d2149b17a0f6612a97c4f7994cde44,llnl_mgmol
207,20e3c29760a06c7253da80fd24c075916cdc0383,llnl_mgmol
208,214213ef4d597c72f88a15d7ba798294dfb9d46e,llnl_mgmol
209,21e92eb260dd37c75fe9cf13f9d4732082313305,llnl_mgmol
210,2215fb28ad127b40705b9490a0bfdb4c86388576,llnl_mgmol
211,2216dba61062e212c2697947452b3f93b1f1dd6c,llnl_mgmol
212,22185ed55b51e41f9c2ea914a6ff5a90a9589d78,llnl_mgmol
213,221be4e439c32c12c06b92db50ba8268f16d3477,llnl_mgmol
214,222026a4048801541eac576efc9012c5c586b5be,llnl_mgmol
215,2225f6fb35b649bc182d27dec19b2715ad3c17f6,llnl_mgmol
216,2289afefc47c31a8dfd187e1e5f271b06937c77c,llnl_mgmol
217,229ece7553bfc7fd0588633a6f3b6801257f7425,llnl_mgmol
218,22c5f7439776ce4d268ed0dd0c6fcb449afe3ba2,llnl_mgmol
219,22d3cf18190bef55abb27f2ac129dd95f37240a5,llnl_mgmol
220,23703d4a19c3b18f49de93343cd87a70b264dc1e,llnl_mgmol
221,23ccc09b3d3d9d07870f5247df5a0e53f47d8f02,llnl_mgmol
222,23d119ad3b6135131aa6511ee7bb890fdd50eb59,llnl_mgmol
223,23db1eeb5e76bdda3cc20b181e6ac5839205d008,llnl_mgmol
224,240d90099c597d8fe71bb2a7f7731836f08796c1,llnl_mgmol
225,2440450aaa6e038eeb0e12506c70b1a8418478a2,llnl_mgmol
226,245c6c5020582825c595b6a41e0acd984ade6f9b,llnl_mgmol
227,247b726a8993c9815b3ec53e681acaf4b18fabff,llnl_mgmol
228,249aa4bcdc099c0ed4f18db1ca211c6a558568a1,llnl_mgmol
229,24b26b6dcbea1bf337ab22299f465747ea4914fb,llnl_mgmol
230,24bff5e4500723e93b33e4f6f789a0682d3a561a,llnl_mgmol
231,24c25fefc2584d0eecda01626f4d18ac824fb6db,llnl_mgmol
232,24c47fcec204c14e599744e7624c23cec4a21c55,llnl_mgmol
233,24dde48695e2687fb97b215ae2caf74b91e2c3a6,llnl_mgmol
234,24e524c1b1da5f7c69c92cc5d916e52c2c4ae9a1,llnl_mgmol
235,24ed3d861a72d1090b4ccfee59466a60f9757da8,llnl_mgmol
236,250604b2e197394ed57530d3796fd15733672366,llnl_mgmol
237,250dbb7320b48f126982ff50ce97726c4f22e29e,llnl_mgmol
238,2510f4be441b7877c86e441e1c7ddf252171f699,llnl_mgmol
239,253d7bd7c8e60aa764bbda25cf49b59e9955ebd6,llnl_mgmol
240,253fd99f0f5ee02d18b56b3053875bc8ed9c71d2,llnl_mgmol
241,256ebc5702603dca803c32af08b5075531c5b346,llnl_mgmol
242,2610a33c3676da7ef622254e401373011157c84a,llnl_mgmol
243,261300e8c52ca57c1d7ed48e8a80703af6bafc39,llnl_mgmol
244,26609c9220a2b62af06ec8098864201bda96ecac,llnl_mgmol
245,2667d348776f91c726afcd6eb04ef26443d1d236,llnl_mgmol
246,26e1a18c3ec35f1fece4ecc5b3f827f31b51cbb9,llnl_mgmol
247,26f84e508c1428fcc0b043fc989eeeb0ab2a6a8d,llnl_mgmol
248,26feee31fd1b7f7814e1b22a76cde5734a15711f,llnl_mgmol
249,2707b7217c495857ff0eb7e556c820619c1f0d03,llnl_mgmol
250,2737a45ff9529636ef21b4a9de0e3f7e5c1cf713,llnl_mgmol
251,2743a94032f7635912c3560a2c155c5bb41e0cf3,llnl_mgmol
252,27466ce366dadfa0f388e373f002203e89938095,llnl_mgmol
253,275b8df10082bc3bd070b0d91649d4361e4f3501,llnl_mgmol
254,275f7b254f1bf320ac61ec5cc6c96afc8ded37e7,llnl_mgmol
255,27cfd0205da9225caa4e904d3b662fb4c7d3d28c,llnl_mgmol
256,27ebf6666eb0727939582e2fba120bdb7654aa63,llnl_mgmol
257,280df21217b0a690c0e909e04862d9aaa42c16f0,llnl_mgmol
258,282e6f6dbcf87444427b1ac5a7a9bc2847979de0,llnl_mgmol
259,289096bbe299e4bd17115d5ae35d946b873c0926,llnl_mgmol
260,28a110aa31486d2dbd5cbbc852823e2b9e877fff,llnl_mgmol
261,28b935b3c2e570801291520c596de29afffad118,llnl_mgmol
262,28e806b7462e5629fd9e8c0ce0d97c483b4dd61e,llnl_mgmol
263,28e8d73443b4700a5fd841b230e36f21e7b6074f,llnl_mgmol
264,28e948c4fa8400a5b2dd9b239d0a08e6bbd0621f,llnl_mgmol
265,28f920fcd2f1e3920c3b8cf112a059987712a93e,llnl_mgmol
266,292dff984cc86696b1ac50c3dedc576576c78e4b,llnl_mgmol
267,2945e7fea78d43ffcb6a7fb7a9a1cd4387403b63,llnl_mgmol
268,29a4749a58f397fc9194ecd3916fb13c8d3a36d8,llnl_mgmol
269,29b9f6a34497540ab5b129ebcb324d300d5ef91b,llnl_mgmol
270,29c250254c80eb6b3188437b5a6b7568ef9dc6d5,llnl_mgmol
271,29f8ba8cf20c7a18dfe6307a0f89a0edb8261d58,llnl_mgmol
272,2a2d1c29d44a112a896c9f3bfc73bb5f3d240d34,llnl_mgmol
273,2a650213d673da8dfdf900b786f9c38f736bcc8a,llnl_mgmol
274,2a9cf0287d79952da5c2b38538b6ee9a10de6e2f,llnl_mgmol
275,2abcfcf23eacd3635c4aaa1151645d7d3a4fdc0d,llnl_mgmol
276,2ac3e9bbbe74e04e3e8de3ecd00b3631736433bf,llnl_mgmol
277,2b0c4c31c907792cb5a6806eb57b0b7983298dee,llnl_mgmol
278,2b16be1a50c27defd18f7d1ae508d31c2a6c569d,llnl_mgmol
279,2b257421fd669d1e9ff5a9d186c58f197140195c,llnl_mgmol
280,2b5368351829b08268571ed806634002f2132141,llnl_mgmol
281,2b62d76f3a8fec15adb5baf7bd32407ea1e17893,llnl_mgmol
282,2b80f1bb56e3619ccecbc38106d17c3610a01de8,llnl_mgmol
283,2ba0ff995db2f51ca530ba9aca5b432e338acaae,llnl_mgmol
284,2bb915c87cc4daf16af502d6a11534c05288a0f3,llnl_mgmol
285,2c10eb2ed129e697625951633fcb7fcf5d44973c,llnl_mgmol
286,2c3c0308da6ef661ad1f51c6db353794e710e6ed,llnl_mgmol
287,2c5f4a29f36d78e83b9d3d7de2fdc6a2bf562a7a,llnl_mgmol
288,2c7fc8b4f912727ea0b13ff72b806472e1470a14,llnl_mgmol
289,2c8324a368e1da2fa3f5e6396de39ee664f4f6ef,llnl_mgmol
290,2ce5a052632d629eaa8d622a1e3b76a3e3295734,llnl_mgmol
291,2cea434d0a39dc0c96e6f75d01c6a11b910ed424,llnl_mgmol
292,2cf542203df5ba3008eab0912f33f60d782de52b,llnl_mgmol
293,2d266f9b01aea09d873c756dbcadf536e16cf9c8,llnl_mgmol
294,2d2798be5e68703bcdef2b10e913e05dd7cc3d9f,llnl_mgmol
295,2d484cfded8bb7b41694b7e8ac5ee33bf0a6c85b,llnl_mgmol
296,2d71f3d5c71835193d49aaa8b034643b7abd9655,llnl_mgmol
297,2d78838a5dd37a2265c22e553e77adb38e05aeb4,llnl_mgmol
298,2dfd19729bf33269081f1ee48204b08cf82bb66b,llnl_mgmol
299,2e10fe1cff7738f21e11ef80036b068590f07bc9,llnl_mgmol
300,2e3285cbea1081538a49a981605daca413217983,llnl_mgmol
301,2e737d81d3b6a531138efce8fffae722b74b3eed,llnl_mgmol
302,2e842469243ee58d89a6c5340d6edd1b01d4f561,llnl_mgmol
303,2ecbcb92e42e04b1795981ded1f49a563e984343,llnl_mgmol
304,2f1c16feb8603c62d6ffbb239831d46b4e8a5ff9,llnl_mgmol
305,2f4edbead75452da14191f9a90097d637fc570a8,llnl_mgmol
306,2f50f46813c7030b44093ba23a4e4a59b6f2edf5,llnl_mgmol
307,2f511b775505a127869107d8c90a30cb212ad591,llnl_mgmol
308,2f79fdb31dcc54956aae32ad0c1c3efb1865c842,llnl_mgmol
309,2f85df445984600bbdd594a01fcd57d85dd94868,llnl_mgmol
310,2fc062f0672468cbd13bf80e95a09513d3bc146e,llnl_mgmol
311,301940cc0ba5a68fb559aa17f88cb82fcdb016bd,llnl_mgmol
312,30195544ed4509d3a80ef95d68f463bf9cc294ff,llnl_mgmol
313,306a8c55144f87226316c7a6739120edeff461bc,llnl_mgmol
314,3097696a0d55b71b8b1c436f0fce140ea8d9a35c,llnl_mgmol
315,30b544c0d2f9ba435704b5d6f142b77ac7567a8b,llnl_mgmol
316,30d82927b54201a6627f713ff1028205ab87cf74,llnl_mgmol
317,30ecbf18f1ef88dd5e9ecec89bba5e8fa34082ee,llnl_mgmol
318,311591dcfe2abd85462ae3d5dc2a2e0d2bf3cf15,llnl_mgmol
319,318325cfbd74956392942745d0975e175ef5040e,llnl_mgmol
320,319943228932428ef4c4e87d2b1e65584cef13a0,llnl_mgmol
321,31c3e099cf6e9a1251fa096b95d6feccbc1af822,llnl_mgmol
322,31dc29d3956f218b65a429fb9503b6a67dd25d1c,llnl_mgmol
323,324a6855ec995a77871f6fcb731060f3395f1f85,llnl_mgmol
324,32a3b85add3253bf65c8e5d66e6d2b242de4c033,llnl_mgmol
325,32ae1011841420b7612741192acfa5d2bd6ff8c5,llnl_mgmol
326,334150d7945e1727657cb80ac55d77b284313e15,llnl_mgmol
327,3350b3934fd657d9c083ade11f8b1c27c9e0b700,llnl_mgmol
328,33862b4476aa5373a76a4c24fc4887cff9dcbd96,llnl_mgmol
329,33870c27596aaf00d892a63d30c0b0a222363a3a,llnl_mgmol
330,33d4b0cedc79a48ed76946b71263c4f05ff6fdd4,llnl_mgmol
331,33d9ddb15e8a5f249acdd46eea1aa0bf68c181b0,llnl_mgmol
332,344ef912e3433534983030eb1c1b4155d7bebe79,llnl_mgmol
333,3462e7383f0cd40569c09a157c9c3599d6be9075,llnl_mgmol
334,34e033ff29e736761c0f965581ca64d07b52d02e,llnl_mgmol
335,3509fc241f35f25fabfff8981421ce99f20c8bcf,llnl_mgmol
336,35376df51ce8103fdd85b255d7400094c4b115df,llnl_mgmol
337,35814c179e0732adeffa4d5c1057d4368dedcfd8,llnl_mgmol
338,35822cd7a328caa28927e01f73c84600244a58c8,llnl_mgmol
339,3598639984c664618f02c25b5a426515330f187f,llnl_mgmol
340,359d5181130723d969f44502956de268129d7d2a,llnl_mgmol
341,35a614ebe2804b4b77d90518d876c22f2c2319bd,llnl_mgmol
342,35ba70fb9eaef3cc3f5e089cc59ef761a9cad0b2,llnl_mgmol
343,35c2987281efdbf0b9b4b7c34d41e2b628681e94,llnl_mgmol
344,35e6dd1b31e84a9e248ddfc4dfed4a67f31d56e9,llnl_mgmol
345,35f9a099a08a10d7087ad0ea09aef1e20f301506,llnl_mgmol
346,35fe071ce182a15f14a18c40bdbafc57b34f7794,llnl_mgmol
347,362366a78650ef2f3f70cf6b88d191172db86b55,llnl_mgmol
348,363ca973c843ec54b98495eb43f8826419720125,llnl_mgmol
349,36504b7cbc2aa77ba5e2d9c6d8f0ed0deb79f47f,llnl_mgmol
350,36b92b6be26f9d997e517fc58d3f9268aae1679b,llnl_mgmol
351,3733e42c96b22451ce9a020afac3118431fcbf75,llnl_mgmol
352,37499f83fa5174b7c4775bb7a0ab09720e914008,llnl_mgmol
353,3759fe60f6d14a8d729a3da0083e88c3e06e79ad,llnl_mgmol
354,37724f286e281438fab3a983cfaceff1cf14f044,llnl_mgmol
355,3794c716a1bbd6d33956b5079cd0ed6feaa81597,llnl_mgmol
356,37dea4c6a4da22418af8b9d9ce4a5bfbf362174f,llnl_mgmol
357,37f853514251584ac2ccf2ccca6f86ffbbdd1699,llnl_mgmol
358,37ffe257d8eb9976d7e2f8fb50fa9d5198dbdd6a,llnl_mgmol
359,38a0511a8af15bc02d7efe80bb77847595c8fe11,llnl_mgmol
360,392477daeb65413ad798260106933d1b2c48f77d,llnl_mgmol
361,392f6ec8404f492dfe3cd986e1e88cb7892af928,llnl_mgmol
362,39390a875bf6f1ce929145a3019c36a32f659e1a,llnl_mgmol
363,39607f38727c5b4045adc32b300f483a7fbd7598,llnl_mgmol
364,39d503e655477cd999663278c13e782ec0a379b5,llnl_mgmol
365,3a48d3d75596e0fdbe6f98fd64b9826636ffdbee,llnl_mgmol
366,3a49a32f0e3f0ace251cb1a4d21bbaa1b127eb20,llnl_mgmol
367,3a6af6446057c3a87c282e8320eafe3223f099b8,llnl_mgmol
368,3a75fe87cae376e717e3a7d9e51079ab0cf75b0d,llnl_mgmol
369,3aa62582ddea8bdd24873d469ae7dd6229866567,llnl_mgmol
370,3aae9181723b68eda2ce29db2e33c7241176ed37,llnl_mgmol
371,3ab1d795397a4ea22985a0bd4c06c78637a968b5,llnl_mgmol
372,3aba36cb8bcba76dfba7e96ae112e674b7ea3858,llnl_mgmol
373,3aba6017012c5a68fdeca066f9575ed3c42bed3a,llnl_mgmol
374,3acb5e69726d86ab51a995ce94e2f8abd0ac72e0,llnl_mgmol
375,3ade181669799a2db0d271d2c7200bca32c92f2b,llnl_mgmol
376,3b4d688a4c23d3e764aa77c8e7da3575225036b8,llnl_mgmol
377,3b6548f81c2b67dd411bfe49414f87b98f46ac80,llnl_mgmol
378,3b759348c1c7cf34245b692e98cce8516f7b7e5f,llnl_mgmol
379,3b7ab66aa07a04c236beebd46adb98f1186e09bc,llnl_mgmol
380,3b877084adb46eac102ac24f442164584fee0db1,llnl_mgmol
381,3bab44a804a3a5064009480765f3b2befbeb02b7,llnl_mgmol
382,3bbdb4c9375b68485265b6e51cefc73a1b69c072,llnl_mgmol
383,3be19978d340cfa27485c2b4b12d791f7ede542f,llnl_mgmol
384,3bee1a8ed3a3a24b8a3b877abba9199ab8cddb94,llnl_mgmol
385,3c111219eb07558c4f6f2784b0b9ddd387742957,llnl_mgmol
386,3c5a1358f2860c1b08ddf6f0127cceb33d6f10d9,llnl_mgmol
387,3c845b96a9464dbb1aaaf9b57c83cb8305c735e7,llnl_mgmol
388,3c8a6624231c1cd681d2e832c0dacf076491441a,llnl_mgmol
389,3cc23086924d424ebd174499984f53dbae469995,llnl_mgmol
390,3cd53dcf413ab2d4bb8a933f071bf6a35a6e50ba,llnl_mgmol
391,3d1e2a610fffcce241146f68fcc9e937bf9f36bd,llnl_mgmol
392,3d99e08cd65f158d4478a97458a04cbc5562b557,llnl_mgmol
393,3e11eaadfd0da8e47385ae791e96efede4819da2,llnl_mgmol
394,3e2ad6ba588ad07b54dccaa90bbee02249406d9b,llnl_mgmol
395,3e31f71df827a834f524a9b88887c540b7d7b030,llnl_mgmol
396,3e32934264a391c35d3ed07f7d8865a01f0d4647,llnl_mgmol
397,3e48c8bde94eaa14a0ff736c4497b87247a3b652,llnl_mgmol
398,3e5cf8fd8c405a25bce149e1cbdccfdcb9c88d6b,llnl_mgmol
399,3e63eff31e06f50d5c1049d2a65a3f0968873373,llnl_mgmol
400,3e683f175a0fbf544a095d1811cebb32cd09f4a6,llnl_mgmol
401,3e9d05f3f60ade8aaee900abf34422b012c42ba7,llnl_mgmol
402,3eaf5a6a021374474569950c0c2eedcefa796b38,llnl_mgmol
403,3eb52d68f09e997f21b93de90ef7c5a1401e731c,llnl_mgmol
404,3ecd4609192ec3dd0ee5b8330cc2fbf4c2f6df8e,llnl_mgmol
405,3ed3b624228bd194a0e7d5398af05580bc9d3e4b,llnl_mgmol
406,3f0e80f0103657809bcda9371e1090fbf7eaba71,llnl_mgmol
407,3f18631307b3c527c3fc56b0d11710be5b0e1b0f,llnl_mgmol
408,3f4e90c89d6f07fca9b30852c60567c6dbaebab0,llnl_mgmol
409,3fb37b9c7dc23c20c794911ca5d798e72270ed31,llnl_mgmol
410,3fb98709dd7dde67dd424091a6b3863ec1d16f8d,llnl_mgmol
411,3fd6a236f82efb8880d44799866ecd93d546bd92,llnl_mgmol
412,3fdd101483b8dfd93fb84bb3827fc5c7c7138740,llnl_mgmol
413,400d88ffc28e227810961484df4f544a71091d31,llnl_mgmol
414,407894f73ae1d01f305d27aed439557858507c19,llnl_mgmol
415,4087d593bb37dbf9c9fb6860f5f31e61e52fa3cf,llnl_mgmol
416,40ccaea2dfb378a1f4e0301c6f5c4ab998980ced,llnl_mgmol
417,419d6a4a27b089e09f68a44fb0b67971975826f7,llnl_mgmol
418,41b632cf2f399fa30105eaef21d56faf00802e44,llnl_mgmol
419,42117444b8f79e6dfe031d5bb32eaef7a92f07cf,llnl_mgmol
420,426139b2331f1d4ca235d49b0339add0bed2cacd,llnl_mgmol
421,4268c82d263fb50cc5e4345da32a5347c6753fbf,llnl_mgmol
422,427c9dc977c3cd4672cfac53c56e47746563b8c2,llnl_mgmol
423,42b899cb23225dd5a9b74b13c9305b21bf65658c,llnl_mgmol
424,42e6dd9c83f140c904c7490857529972f73802b7,llnl_mgmol
425,4337144ff16f22ddfa6605607cfdfe982a90acea,llnl_mgmol
426,434dd7e2cfb81a36898980afe4b036d3c171d349,llnl_mgmol
427,43544778f4175e4dd812b38031bb6af60494b2c8,llnl_mgmol
428,436f40cd59d433c5e01cecc568f1dd2e6cac49f9,llnl_mgmol
429,43947a4a30f9b676e5c2b49f06c75eecc014509c,llnl_mgmol
430,43bd080d5fac59f71c228ef290d44495d5cdc5a7,llnl_mgmol
431,43e2b94144a9f62bf93a9222870ac7ff373dcc6e,llnl_mgmol
432,445e439fe937a55df370b09abb9e539832bfb7e7,llnl_mgmol
433,447c4355340f85f66377faf868f42522a48a560d,llnl_mgmol
434,44adacdf1f619d81d831c0d936172a17335a8afa,llnl_mgmol
435,4526455a417e39aaf067a663f25a937b54f7bf65,llnl_mgmol
436,452e9a47e054db6c8ba048b8868f867ec8aff939,llnl_mgmol
437,4548bcb7a2f5801e08578da4adc53053e0977338,llnl_mgmol
438,45510dba4f65b070c04de89f2b907f57c2c03113,llnl_mgmol
439,458c40c1d0d2cfbf6e0d22aab172146ddbe67261,llnl_mgmol
440,458f868fc729f731e97ea2bc15a31d5b4f4f8545,llnl_mgmol
441,4595f9998aff6680f658f8ba3bd05fee221da6f8,llnl_mgmol
442,45a2c80cd6199da0643adf787d04831650e57d07,llnl_mgmol
443,45c8ec131afc344baa7d9a2d38bb04797cfbe5af,llnl_mgmol
444,45ed3eed76500771f70e505a40d9c51dc9f9c65a,llnl_mgmol
445,4604229d881359d700ff32f8c8be32a1f442ca14,llnl_mgmol
446,461a454f797e8bb198e14bccf0ea87e972a545e7,llnl_mgmol
447,461cd7b39e5ca5e301376856b810ceee7827e2cb,llnl_mgmol
448,465aef90d77cf85ad8982c54e4e8e36ed06b8e59,llnl_mgmol
449,46704e2d725de5db4ab515fa7340f8abfe6ad0af,llnl_mgmol
450,468d20906a5afab274069a1be9dff869d27b2edc,llnl_mgmol
451,469916c005853a6b38147d0ca872558e17b11963,llnl_mgmol
452,46ae6a7dd9fda6ae077b8740445872021cb58518,llnl_mgmol
453,471fff6ee32cabf204472be9854197e3077058a9,llnl_mgmol
454,476deb30b68b274eb569a322e13b17f746d7129a,llnl_mgmol
455,47cba98972fad2cc08e704e1736bb13ebd9fddcf,llnl_mgmol
456,47ce99e33b0a4d87671d9de729e2b97fda070b10,llnl_mgmol
457,47e63350f01676f4992316b2b9c6d8bcf0786b52,llnl_mgmol
458,47f0898f026ec20d6123de899afd3d573dad53f7,llnl_mgmol
459,4813846c1b282f43f5865840019a288b1f7e68c0,llnl_mgmol
460,482353cda2f799fb93efb719f2c167979e44511d,llnl_mgmol
461,484b85b8e0013de553b81f1146450706533c67fa,llnl_mgmol
462,488c9610fd84b7acf61804bcf023b5ab68e89bb1,llnl_mgmol
463,48ab8e0f89f0b77e9747e4229b5663f3f3f9f40e,llnl_mgmol
464,48efd645d004263d5490ac53b2cb29c6bc0899cb,llnl_mgmol
465,48f7ce23a9079408317016a00baa3c5acbf4ad65,llnl_mgmol
466,4902195161472fa925fc9b6a621446219c53f350,llnl_mgmol
467,494e46c9df82b1276b6553304699d534a0caa706,llnl_mgmol
468,4956daa08244708ae0a7d97162150d19ffff760b,llnl_mgmol
469,496a3fd21b458ed16289ad55ebb9f520e3f813e9,llnl_mgmol
470,4a00f5db9a9f01f9ef0d022ea244da36fc59e813,llnl_mgmol
471,4a17e140a4b10286ad5fef702b8d783d2a259b37,llnl_mgmol
472,4a1c0ef880d7ae54b116c3ea9b62bedf914f73dc,llnl_mgmol
473,4a247f1554f3dceef6a4cb923e508f21c567c61a,llnl_mgmol
474,4a3bbec1b49b4e9156631fb4e485e19a14ff0294,llnl_mgmol
475,4a4ed453ff09dd89adf04ba7d3fab6b202d490dc,llnl_mgmol
476,4a5feb20a0c0755e2ccc3dde755a7e03fcc85901,llnl_mgmol
477,4aa526574febb1a91fcb1efa5d6c7eedbb6513bc,llnl_mgmol
478,4ab78985077aa8131b274d1d7dabc5050af9eb09,llnl_mgmol
479,4ae35994862453bb0e7badf6230b11bcc88b17bd,llnl_mgmol
480,4aeada537e3600b49c3261c2a6569c54dc2160e7,llnl_mgmol
481,4b091f8d61c2905438e7d995e29287f0c2dff05b,llnl_mgmol
482,4b720936a5facf1c597c243a4b18ac50de3d7c0f,llnl_mgmol
483,4b8980dd627632f39c848112b4253952a81fd239,llnl_mgmol
484,4ba692734c0ced289036579dde832c544afb9ebd,llnl_mgmol
485,4bb42b76c095651b79f82476023a1c63cf507e4e,llnl_mgmol
486,4bbb64e9c9138f56b6d8377e9480a515d22c1145,llnl_mgmol
487,4bc6f8d7faccd56ae57868298bc6ae32302403b3,llnl_mgmol
488,4bcd7aa6fb837af78453288f6e04e7ce19e656ea,llnl_mgmol
489,4be2e515afd555a162aeaf2e10701525737b987e,llnl_mgmol
490,4bec07cdd058f89e124d6da6d2e1a979a8088ea6,llnl_mgmol
491,4c325c0f9c06e6500009c7bdfcecb1e722809012,llnl_mgmol
492,4c3fd61c6b055353990751fe995850c59e4d1063,llnl_mgmol
493,4c940e61a7815c08791738a43d489e44c2c6f258,llnl_mgmol
494,4cae27399cfd6c804f2e17fa913a8483664a9ebf,llnl_mgmol
495,4cb14b824461772968771a0386a68a0c8abd5886,llnl_mgmol
496,4ccd9018da134182fc38b6085131792ccf59d6a3,llnl_mgmol
497,4d4833ffc808025e7c104292d9a5b3e8a46d4f75,llnl_mgmol
498,4d54b99a79aa133d3e74856f3ba0c7dd1d3baf06,llnl_mgmol
499,4d9cc7fb9a1661f15558e2afaf47fce02dad0d73,llnl_mgmol
500,4d9ef9ec3ca32962261ceb0e458ab9cabdf8c754,llnl_mgmol
501,4d9f5f3d2fd70161a1f71a3a93f8fa5faa1322cc,llnl_mgmol
502,4dd3770b89cac1aaf7e7d41552c139b54f099ccf,llnl_mgmol
503,4e39b257b5e5515f276cbe77278c28604b1a65e0,llnl_mgmol
504,4e64a1fa4ad63e7717e67ff5502049a2c5585e0f,llnl_mgmol
505,4e79bc32c14c8a47ae18ad0659ea740719c8b77f,llnl_mgmol
506,4e82239a124bea0128562e627b15a82d07ec2bcb,llnl_mgmol
507,4ed88217c42bbe23f7f8654a7f538022066f49bb,llnl_mgmol
508,4edecff4f518d3e36d4817a93bedb31b2053aece,llnl_mgmol
509,4ef8f550532093ce40730ead593a1bcd34bc99c0,llnl_mgmol
510,4efb34c5e2e2283043faa4f8b612e195570806bd,llnl_mgmol
511,4f353a951dd50f8aecf2d8e7756745906bdcef10,llnl_mgmol
512,4f683fa390a2a0220f68b0d9f22765e4f0ab3bbc,llnl_mgmol
513,4fa68eab4cbf0e8335a5bb5c5f7e5ee76f970a22,llnl_mgmol
514,4fb49b2cca1a9a61ce257b7becb88d37a7d1f754,llnl_mgmol
515,4fb96e623ce2b45522f4a912220112f92e1be2db,llnl_mgmol
516,4fdde82e52b5e0e3a6536c00894bb5ca05ce6f76,llnl_mgmol
517,5007de559c0257155986ccf16f857e07fc725acb,llnl_mgmol
518,501a235ca348ff04934dfd8920b629e2111e6c76,llnl_mgmol
519,504dccda74cfa10127b3ec8b090840cf265940e5,llnl_mgmol
520,50b32bfde84fe756609ea9eb048b66b247c61dfc,llnl_mgmol
521,50f8284e9d40819db9b04226c6fe564098332ef6,llnl_mgmol
522,515e1e34bca453890030bdaf299271972fc44da7,llnl_mgmol
523,5177b90745a51cb0b82013b9740d0b576e40ca39,llnl_mgmol
524,518ef00ea9fb4dbaf6f497dc0d70cf929d35cf2c,llnl_mgmol
525,51b93fc3d13a96badfe9fa05368c31a311e034c4,llnl_mgmol
526,51c125100ae666f359a56f6f2c70eee08889c8ba,llnl_mgmol
527,51cb4c0325cbe61f8a491bacf72c0dee558ea330,llnl_mgmol
528,521de6902df39bc02d232bbe264b941878c9353d,llnl_mgmol
529,5233a8db695c96c0a54ff4f9a6660216a1f3e97f,llnl_mgmol
530,526746384c2ef0b788e0faaef66bc832ea10b15a,llnl_mgmol
531,528897c86768e213aedac352240fa97b2211d9e0,llnl_mgmol
532,52999e7136a9c6faa46d6711a50bf2f22670e418,llnl_mgmol
533,52b5e78eea7a88ec885358da964887a8a55a6414,llnl_mgmol
534,52c83a52e0e1bd9f552e6e302e62d9d9f48ff6a3,llnl_mgmol
535,535ff0a200e09ffbf974353ddee77865714fc185,llnl_mgmol
536,53cdc4426bc39959bcd81963249263bdaea18e60,llnl_mgmol
537,5442962959a54c919a5e18c4e78db6ce41ee8f4e,llnl_mgmol
538,54588138a3bbb0e7a958c5649e14d41f40fccf57,llnl_mgmol
539,545cadf8cba9daa24335b6c81ba41092a9137de2,llnl_mgmol
540,54b9ebd1f46c56616f42f3cde82085e8121c6f7a,llnl_mgmol
541,54f3f1106f59f54cb8f08f3f11ebb65834ba4261,llnl_mgmol
542,558888c01e2e3143caa3688d0805f37931dec8b9,llnl_mgmol
543,55908eebb7cad82a56d7c074620bcffffbee310c,llnl_mgmol
544,5595a8d6c9d18669a7f821d9a2e37991949ebda9,llnl_mgmol
545,55e2bbd6ad8aaa963cc5bcde2b824bd657c2d118,llnl_mgmol
546,562cd7cb61f069b7b2de11eaf43b1fe83a1bb29d,llnl_mgmol
547,563a3db30f8515e39f616480042851b2496f010c,llnl_mgmol
548,5665a3cf4f2f64ba23a2e206969ebc3886164958,llnl_mgmol
549,5681929b0a5653775a0d341c12999234deec52db,llnl_mgmol
550,56abb917fcfc2a36a4cc59196df410681d0b2d6e,llnl_mgmol
551,56c7bc83c2fed0bcbe2881b169efccd1876ebde3,llnl_mgmol
552,570c5916c433ab07d061f33a2fdbe3ff6cdc67fd,llnl_mgmol
553,5716b99b30adc6e25dcd56bae087b66de9de3ce8,llnl_mgmol
554,577b70ae1b1ba5607bf4d0e714f3f001542b02c8,llnl_mgmol
555,580ae734e8e629ebb2903be76164b1b2070a01cb,llnl_mgmol
556,580f0206271d9ee36487bd29ea4e0c67000ffee3,llnl_mgmol
557,584c441d5a309691c19723927c44846be4ab42c7,llnl_mgmol
558,58990e5e562c88a2de43f56154dae3a58c28eb7e,llnl_mgmol
559,58a86b7ec0b368978bfc6cfdf4020f599537529e,llnl_mgmol
560,58b168da78c0d7d393ffbddea54baebf12881858,llnl_mgmol
561,58b9abe293a082893d7180c4f7826dcf1dc7ab51,llnl_mgmol
562,58e4aeb0793c94fc0a5796bad8b23fd09c193253,llnl_mgmol
563,590e503d414bc04e7552cd31284d528e1b4d8f4c,llnl_mgmol
564,594d22328abd2bd356dbcf989d5fe6cd5dd918f2,llnl_mgmol
565,595070581f7cfc57badde4540f7a2664c869b953,llnl_mgmol
566,595a3ad6ab440f4ce00d8043b122ccd7ab2d9306,llnl_mgmol
567,595ae029877f03504838024a5b619242dee21861,llnl_mgmol
568,5964b31b22f082c655fa01a830b9754048b950c1,llnl_mgmol
569,59682d834a8e3090d0d964a88d0008956d3a9031,llnl_mgmol
570,59b79e75b3f538c1f2ec6a76dc1806fa4d4df059,llnl_mgmol
571,5a2f8c11c217c9fede3280a983a9efb66b8ed0fd,llnl_mgmol
572,5a736fc879a7ee23745eec585fb5007680c70103,llnl_mgmol
573,5a7fc1619f6c23a53687f43414761ceb55e87957,llnl_mgmol
574,5a8b13bf52d236a94ef6a1fdcf2398cd04923c14,llnl_mgmol
575,5a8e4c5d2015e11f8c096bd4774e503dc029faa7,llnl_mgmol
576,5ab348558c59efde953467c7b4fb7a199a3c1b76,llnl_mgmol
577,5ab62fd6653c876e720aee7e275938f4d4ecb4e1,llnl_mgmol
578,5ab83498518ed9c0881622f3a33ad019b51b97cc,llnl_mgmol
579,5addae369be03e4133e04ee2b98dccbb2913080c,llnl_mgmol
580,5ae7f5a0e3a754c6a313ce669a4386721365f92f,llnl_mgmol
581,5b27da2f102b32ceca1015a0e766d1f809c8f5fd,llnl_mgmol
582,5bb3ebbe0173b7783f3a7882fbdc0aea2af353c7,llnl_mgmol
583,5bd99cb70a6407639986626a0dd29c50a18d5308,llnl_mgmol
584,5bdbaf6ac21bf3aeea0ac6f5f722f863d8a498ac,llnl_mgmol
585,5be0289602f23c2b98e2ef8ae13c4a2a97a83698,llnl_mgmol
586,5be616a8b0f9676ca174d1d1f7c8817590a00b16,llnl_mgmol
587,5bf8766e0992f439b8b0738c4f49ebceba830698,llnl_mgmol
588,5c212d1e71ca49b5c6edc502d1764461e4af8da9,llnl_mgmol
589,5c26c0db3f248e4078658e9282e500621f50e7c7,llnl_mgmol
590,5c4f383429d59181fbfdb6019893b7f7503db601,llnl_mgmol
591,5c71ba0955182775a558de3541d236549ac6e105,llnl_mgmol
592,5c75b603bdb7fda86034fb662da85e309e1fff43,llnl_mgmol
593,5c8812d519610daacf7874039f3538d2324e52ef,llnl_mgmol
594,5c8bd4b4eefd1ba221e002f95e39045b5dabcd16,llnl_mgmol
595,5c9d31b80384e83930a6244b1ad34bfdffc3587a,llnl_mgmol
596,5cce8517d208ff236ebd15ac02a2edc575d019fd,llnl_mgmol
597,5d021c9109a0b44851f7e9c8635b98ac25d4371f,llnl_mgmol
598,5d24bed05266609a92a8d3a51fddd2c5eb78a285,llnl_mgmol
599,5d66969898048c91f9c6bafd151c50baf338a001,llnl_mgmol
600,5d78ca555ae50ac3ffb1f0b2de49e5a5805c74ae,llnl_mgmol
601,5d82d12ab4cadaad90e3259da1d85fee02d9fa28,llnl_mgmol
602,5e4bbfb69c744e2e2bf53b5e46aed300040c19c6,llnl_mgmol
603,5e9fcb405e97c69d1dbc6c09a0e3932ae156f43a,llnl_mgmol
604,5eb5e8c4bce9ebca51d53104078caf7238340010,llnl_mgmol
605,5eb748fd0fc0767c7ee30db7abaa3547a457bb38,llnl_mgmol
606,5ebb09cfa6919eef255d6fd20735d2d526e16c03,llnl_mgmol
607,5ebfa0a9e93b894fb6ab44f065f39d3792d7e7ba,llnl_mgmol
608,5ec2dbedd62a3f674c3ce1fcaaf90950dcf01410,llnl_mgmol
609,5f2d07bf3e77c44261655812b19a03ad4e76e14e,llnl_mgmol
610,5f401fc57289a47579b1a1c60bfe227baa2ce491,llnl_mgmol
611,5f409dd450de049f2cfcd6baa6c68ac7e33f4c8b,llnl_mgmol
612,5f451a93f25ae0824fac33cef073a4052afa8f7b,llnl_mgmol
613,5f61b0ff971a4dd1e1f03a6c4a208be1ccaf6b7c,llnl_mgmol
614,5f675be33ea27c4bb88c2d456cef36c2ed747045,llnl_mgmol
615,5f74fb41f20c3101b75f659afaa1315e2917303e,llnl_mgmol
616,5f7b39e10184d53ea8b057f903ef27021fbf1a0d,llnl_mgmol
617,5f9faba59bb36ae470bfe449fc241b07788da09e,llnl_mgmol
618,5fdce1de2b8d63132bdf0739724c3f2601ea5523,llnl_mgmol
619,5fe933875d09179334134f16989a3bc23d51ad92,llnl_mgmol
620,5ff4a66b9e161019fb284c69cbc83d9f0b73f7ec,llnl_mgmol
621,6034e6c34627fd76d3eadab064719802ae541d2f,llnl_mgmol
622,60b524b33fdb683ff767e6328c64a34f991d25bf,llnl_mgmol
623,60bc16b439ae9ec42eeb6716067c33acd4a45d6b,llnl_mgmol
624,610d4c1d7e52cf6d29339687f8628c99f148073e,llnl_mgmol
625,61276db032ca26ef451e208b85c7f16149c1f3a5,llnl_mgmol
626,6135c29668cee05607a4d822a3424b312cc7bba2,llnl_mgmol
627,613e6d2d432600ff9ff5bceefb97f09bb87657a3,llnl_mgmol
628,61490208f3e982f90b5251e615bdd72e23181ef3,llnl_mgmol
629,619fa52e535c4074f8087020a66ccec6f7e3d744,llnl_mgmol
630,61c45c84de4a5acc797a7fde424f955757c09b1a,llnl_mgmol
631,61eedbb24a9bbcb5cad0d566351dd39307c14fff,llnl_mgmol
632,6242bb60bbb4ccb1c639cf6f7aa64e6538eb5ce0,llnl_mgmol
633,6282b0cac97b44c7334c24e46a5a3647ed1622fa,llnl_mgmol
634,62b758200d18c931bd3addea0f022ccc23af9e71,llnl_mgmol
635,62f214ddc2c279d1a7d7788e344d2fcf003ecd39,llnl_mgmol
636,63587f6cd5080a99286b757471ae4b1fa95bc54f,llnl_mgmol
637,63d5aa59580dd5a33316db9f0fe31ac7cd810626,llnl_mgmol
638,63e31f7c61c4af411c3ad0f1111c1101bff64980,llnl_mgmol
639,63e45d9857c979dde3791d6f1fe5c025755359af,llnl_mgmol
640,645fe0cece5198ee9765b536883305d72abfe459,llnl_mgmol
641,64adc9a7ea9ca5968bba8efd9868087a298b4098,llnl_mgmol
642,65012784152da79b5e03c9c848d8e1215fd6e032,llnl_mgmol
643,65939c549466fe407c150b404c5a45cf2c3feaae,llnl_mgmol
644,659b907d54cce69e6644db2d52284bc2ba6f35d7,llnl_mgmol
645,65a69df1f6a399c4ce8b006baf5e2efa7941d4e2,llnl_mgmol
646,65b366717b88ec8c93cedaceb1b063551849e1c9,llnl_mgmol
647,65c7b9b43618657989799d5503a118f70f4d2774,llnl_mgmol
648,65ed5631d29c6afce488f73ace138fe5e9eb6a21,llnl_mgmol
649,65fcde648ff2d01c8d0a1f8efce9fce34867c5e9,llnl_mgmol
650,6689c20d96b78263b0302f80c830bd2505ad6b03,llnl_mgmol
651,668a8ff76633464791bac09eef6a8dacba0a4c51,llnl_mgmol
652,66af28223bc608b029376d8892ba745e5434a574,llnl_mgmol
653,66dbed174dd8b2e0222cc2944de8c2153bfbed03,llnl_mgmol
654,66df09a4fc4b9e16e681b85ca893e702a23c24be,llnl_mgmol
655,67365b8462bfc714cb16945361abd089d0c22efd,llnl_mgmol
656,674b58acc554b5462ddac1c540f09dbc775ae1e9,llnl_mgmol
657,678f4f7eb14768d8e79be96e8d5279e565edcd6a,llnl_mgmol
658,67bd783f3f7d5a75274866f4a6bf904326829e28,llnl_mgmol
659,67f952f040662d4fb5a03f52f16d435323690aa3,llnl_mgmol
660,686db3b323dee5ce1a127f03f348858da0ff4dcb,llnl_mgmol
661,686f973d35ed68d9975667941e0a8899a81727bb,llnl_mgmol
662,6896149914d4f30141d47d770b5c290b4e797384,llnl_mgmol
663,68e6bcaab8b05cd75bd8c74e9c6634e2f9d40296,llnl_mgmol
664,6965fa86beb029b2e7be9fde361d32143b91d5bb,llnl_mgmol
665,6968a5c0111b18e22aea74d20c9d5a641a0453e0,llnl_mgmol
666,699528f1a3b9b2ac5ca436ca2568628ac47c760e,llnl_mgmol
667,69a0ccee9abe438d033d0d35ecb86351e24f2f36,llnl_mgmol
668,69d9ec832039bb01809d0ba3321a5451f5a62e39,llnl_mgmol
669,6a1d55e5bdbd0d50ec5a8662af48446dd2800204,llnl_mgmol
670,6a36e2de1734185ec07893fe5d4b956a4203bac9,llnl_mgmol
671,6a5c2c40be9fb9cf5ac31a225757109ea10a4f68,llnl_mgmol
672,6a64f7e05be5544ca2b0ee3276565db74419231b,llnl_mgmol
673,6a8a1d135a4fc7ba9326713d9221b4a4c39c5bc2,llnl_mgmol
674,6a8cd8c72e5ccd9a27919baf572ce2f408122915,llnl_mgmol
675,6a98f96b9b5233cd777054fc841862470aaa43a4,llnl_mgmol
676,6afeed9ebfa86e0b10dac5e822c703ea918e2d20,llnl_mgmol
677,6b024ff99f81a65b9370d491e2a64dfcb38da84e,llnl_mgmol
678,6b2b1bf007d9a2bbdf320c1006d099be5666d9d6,llnl_mgmol
679,6b2c0b53518a61a5d2d4c351431e3132fa09ae18,llnl_mgmol
680,6b38cad620e0747cf6ef06ce9d9b113db07137b3,llnl_mgmol
681,6b569bb345ea884d7a58439cde3f69cc6011529e,llnl_mgmol
682,6b8f438c447e319f6d64655a8f924b899df68f78,llnl_mgmol
683,6b918995de023297c2e9bd905650319ce3c8b5ba,llnl_mgmol
684,6bafc9d859abd11ad4b724053456bf3ae01c29c0,llnl_mgmol
685,6bcdfd9f5c6ba17688e9b9459fdeb280db89da45,llnl_mgmol
686,6be2ace60ea44225490fa05bd70174be2b74c7a5,llnl_mgmol
687,6c75cbf36ac299197ef6306ada40eb877b54001e,llnl_mgmol
688,6c7d88a446871d5e1df1d1d23e997aef89ea1878,llnl_mgmol
689,6c8ecf752203e0f6783d5faec105177bad976732,llnl_mgmol
690,6c9b969ef47244c0852bc38c8ccf3281af7fd797,llnl_mgmol
691,6ce790cf8b8dd32c938b1637adc1a363be2e099f,llnl_mgmol
692,6cfaf790dfdafb0ba03a5e892362cc17954a0fab,llnl_mgmol
693,6d37b1ca15298290aec4e3e8ccaa4b51906bf37b,llnl_mgmol
694,6d5df43357a1822ad172915b323eb9e02468ef6e,llnl_mgmol
695,6dc6067436a51a6dd40ca145b1153bdacb0073a4,llnl_mgmol
696,6deb5758d68c673a4ac086ae05546a9e6198a5b7,llnl_mgmol
697,6dfe6693b811d0166be100edaa5f8579a5ccdb86,llnl_mgmol
698,6e0113ba02307d488f8108cfa520d0a3c37d34d8,llnl_mgmol
699,6e4249bb0b404a57b05a287d47574f0ca2827c9e,llnl_mgmol
700,6e48bfb33246ebd0264ef46771cbfc02ca2e55e0,llnl_mgmol
701,6e83b2aeb32630b4909b0f8f5c5bd3ef8cf7d0ee,llnl_mgmol
702,6ebf71391c8996654dbb366e8e414bf7a29c35bc,llnl_mgmol
703,6ec9883c85565812f982d6ab8fb3600f9438ccbc,llnl_mgmol
704,6efc08fed38cd0b03982ca9beaeefc16cf690c89,llnl_mgmol
705,6f17b253e39ef990c9429c2a0594fae4f6441910,llnl_mgmol
706,6f20933391138bff5a77e13ad42dbf830e616ebb,llnl_mgmol
707,6f719ec50de9252de36f8c3585b331622b018714,llnl_mgmol
708,6f8f1fedc8fa2e3d8c4be4d8bd8c5763e465cd22,llnl_mgmol
709,6f9665bbe8af623d318ab07bd467339174ab62ca,llnl_mgmol
710,6fce1b2ceb456e35e8b1404c890551904146cc95,llnl_mgmol
711,6feca4fe5776f2c5303bdd144d92d31947e78784,llnl_mgmol
712,704c9527c1f7ac4edb0185d285f3ff697011e9fc,llnl_mgmol
713,70598d1d2754efbf7e71e543c237c323981f41a4,llnl_mgmol
714,707301a7b5621c73161314d9a80c32df0f5a0437,llnl_mgmol
715,707574556182d5440c4efadd04c2f49e16945dfb,llnl_mgmol
716,707929d91d8e22fee4ba02e84372648fc7d2628b,llnl_mgmol
717,70cc5a2720d5f31210130b08b295466119ef3b94,llnl_mgmol
718,7116d1bf92320c6bb6fbbd0e31284fe912a70def,llnl_mgmol
719,71315a2e1b13b6279caa29d19a500f4d83cfd1d0,llnl_mgmol
720,713be2bfb0bcf7f6fa5556393127fc24d6e7c30d,llnl_mgmol
721,714cb96bdef4448c86e30e9d02b373061cd02419,llnl_mgmol
722,71925da9e3309ce4d95473e9a2fb3a39cef373c8,llnl_mgmol
723,71965a899a5877c24c481d2d36392cba5316bdd5,llnl_mgmol
724,71973644a21659983e557827991a340952b66437,llnl_mgmol
725,71ab082ec267e1e485eedf870f603e9d675887bb,llnl_mgmol
726,71d4a5362a582b92ca4706c278df5d1fd09ed6cc,llnl_mgmol
727,71d8dbdfeed73f1d65b4328d951ac61a105f94b3,llnl_mgmol
728,72242f7d621c24269b059a83618d0fb37ebc019c,llnl_mgmol
729,7224b219e7533e5609932b82b076ce715fc6ec25,llnl_mgmol
730,723d276439a661e3d0550e9853d2710fcf00c51b,llnl_mgmol
731,723d86e74b5b48783ab7be8fdff30fb529ed982a,llnl_mgmol
732,732df4be0627df483f07f183a31ff23c530ccbfb,llnl_mgmol
733,73331d076cfa03b636f54b0141cf1cb3d5141033,llnl_mgmol
734,734f4b476dd45a6fecfc90a247525a8da4afed58,llnl_mgmol
735,736a0b2370bcc2a42988fdbbef0bbfe086434219,llnl_mgmol
736,73bdeaf1f5c6a27d8d29de23ccded5b15dcab02b,llnl_mgmol
737,73c6ce7764e1aee0ca02a0186bc043d1e55e6e05,llnl_mgmol
738,73d4623c7f481e0e96f2c171c11de624c44bc7f0,llnl_mgmol
739,74181aa6ba9237c84c5d82b07dd12d4f1619f011,llnl_mgmol
740,741af36c4a3f662d9aa95c8bf195dda0d80196b6,llnl_mgmol
741,741e87aaf397b72378fb5f36920e87adc45e1c93,llnl_mgmol
742,749d8b6b20414eb2529fc584d99bc26cceab74f3,llnl_mgmol
743,74df16b359d7f86db918323d06a823506de5c91e,llnl_mgmol
744,74edd72a6a851dd51a9e56e52dd97b3206134ce5,llnl_mgmol
745,74fc5d4e533b8ae63ead3126527495451c73ef7a,llnl_mgmol
746,7539a600becdb000434ffd699764d0e460eb98a3,llnl_mgmol
747,756122837e0da07fc43c1ff165790df4cdea3288,llnl_mgmol
748,756dd00c0b11f6da47df663f2b11a83222eb9f1f,llnl_mgmol
749,75b41753a092281eecec38468f93064e47c01d4e,llnl_mgmol
750,75d2d553a4d1152384e168941d253504b4d69619,llnl_mgmol
751,75d95d3b87aa8a83b0a47bf44f6e1af32b83b5c2,llnl_mgmol
752,75ea7855b878794012205a518aa2a6b27633e5b2,llnl_mgmol
753,7616984014710f23c5c02e9e0f1be426ef26ae88,llnl_mgmol
754,761a5dc220c5f6e9433553d6f2f1b03c10e8d12e,llnl_mgmol
755,764d849472727dbe97cffed6c6fe3bee761056d4,llnl_mgmol
756,7685ce9530e7b561e995a8feba96ad2250e702fc,llnl_mgmol
757,76c06de8474765fc178f748ff44a661568dcc3a5,llnl_mgmol
758,76ddcd781530e8baf987f5592339cda18343533c,llnl_mgmol
759,76de4f2c6795f1a050682f64bf6648035a7c28ea,llnl_mgmol
760,7705fd918005fff52047aa6ea57eba32bdd5bfb7,llnl_mgmol
761,7757f0802bb72f3460a1f97a1f1b02548fd7897f,llnl_mgmol
762,777c28a454037d03d3ba298d8dfad8e6d0c49417,llnl_mgmol
763,77856d4e0a0572e8a954030b252673f28d6a1b2d,llnl_mgmol
764,77a7ed1f80f0ca462a3c6527a6cfd651310147ac,llnl_mgmol
765,77b43097011652e48e9fbe0c04e6676496dd3750,llnl_mgmol
766,77bd87ef256623ee5d95866a75f601417e559ca7,llnl_mgmol
767,77d02df2cf982e7f899438a8cf70166cc0b29dfa,llnl_mgmol
768,77f8cdebd04305ff8d91055503e7c0e0bb51b4d7,llnl_mgmol
769,77ff46fc1680cdec1b06b92e2953a376443dda37,llnl_mgmol
770,781d7e563a53fb65ca15b9e50813164a2f322f44,llnl_mgmol
771,784345aa1360a1b2c87c0d860ed45fd2e2bdd91a,llnl_mgmol
772,78568376c50b3425c6534157b226e43a12ef585a,llnl_mgmol
773,78682e532b0cc6affe5859294f477f57c2ad8a15,llnl_mgmol
774,786aab32dcfabfbd48a275fdb8d43749c9e1b25c,llnl_mgmol
775,7926aab1e4b65a34e3fee6ec664db8e4492f5f1d,llnl_mgmol
776,7929efc1d0aee3a4ceb9c000eebf771eda72f6ad,llnl_mgmol
777,792fcebb0c4bf46921e62f3acdd17781595d132f,llnl_mgmol
778,7947675347f7ec8e745c8fed313f2404d26c1ef4,llnl_mgmol
779,795cbfa9dc8b34eed87bbb3ed08b1efcd0ce2745,llnl_mgmol
780,7968056acd1b6e9d2c01da9d3552d2040dcae1fa,llnl_mgmol
781,7982658b4e091366d68635383ed0faaeb617d6a5,llnl_mgmol
782,79869de70737ff80890b93089a8a2ab587352bb6,llnl_mgmol
783,799c98113349a060bcf043e3e4be0f7f5c0ce3b3,llnl_mgmol
784,79fcccf8b7d6b73c8d7892db5565c654220e523e,llnl_mgmol
785,7a1215501bc48d34286d5f241da752b66fa0d214,llnl_mgmol
786,7a2b7ebe5f8b229f323cd3038451befc056cf955,llnl_mgmol
787,7a3391ff7586784cb0181d9834dd8a2072d005bf,llnl_mgmol
788,7a34594f194525fb918b5eb68d09cec2b4e190bb,llnl_mgmol
789,7a3aa6dd5b058df70dd48d79f41a89df53b3bb58,llnl_mgmol
790,7a4303781255b87d266f75545ae955048bae0c3e,llnl_mgmol
791,7a590b87b3cbda5f14904ef5710f7476622ff5b2,llnl_mgmol
792,7a657192122732e83ef862ed44eb8ca204576ff5,llnl_mgmol
793,7a9aa29e78d20317276e2e74467be5bc0e51d3bf,llnl_mgmol
794,7aac379a2bec8f532772a57ba3a0aebe5b8d9cff,llnl_mgmol
795,7ac691c7126e45223c5ea33d043f256de1a52519,llnl_mgmol
796,7acb153e7115dc4b5d32ea46b92420a82a647ab6,llnl_mgmol
797,7ae3ef74359754ac7a332752b0e3516e2144cb49,llnl_mgmol
798,7b1224c7c96ea7e2dc5d4ba88699ca63d008fe2b,llnl_mgmol
799,7b14575569c959f0c824601673d84843bfed3c57,llnl_mgmol
800,7b282e5e175747c870da36821bc05fd161f012fb,llnl_mgmol
801,7bcd787a3a9fd5344c73adedb69cc9f91a2b613f,llnl_mgmol
802,7be3a05a35cdd2ced11478b583a44f80e8e780bb,llnl_mgmol
803,7c3c295ae9288fcbb53049eb8db61d78c34a701c,llnl_mgmol
804,7c531d8a794d6bab2cdc5c85ad5cc896129e461d,llnl_mgmol
805,7c5a8111c0fa43f432f479208fa23aa7adbec548,llnl_mgmol
806,7c7d3377d83a5578d254002277105f84b8d79ae0,llnl_mgmol
807,7c7ea1c1ecdfa57995da3b401bea7a3475dd4396,llnl_mgmol
808,7c976e70d652d8b0aa5332386f8691603c5d6e77,llnl_mgmol
809,7ca1f119eb703c82720f9b9af5d09af8d8a56773,llnl_mgmol
810,7cca2b65b18eea9d2c0c78bc5bcf8fc60f56dab8,llnl_mgmol
811,7cd20bac34f21ef4e8aab495f4a59359d4e88e82,llnl_mgmol
812,7cd81a5a361c368373b4517cd68663bbb4ac9aaa,llnl_mgmol
813,7d027c8398c5e4cd149039b5ebf7801c954e9a9a,llnl_mgmol
814,7d5191f036cc23091532760394deb69777785210,llnl_mgmol
815,7d75678b88f147044c7ef3deb12898bb94bd5276,llnl_mgmol
816,7d87447a27720b894afc4c8af60a786923e629b4,llnl_mgmol
817,7d89625fd44c9035284f7c8877c26184d8e3f0c4,llnl_mgmol
818,7d9a428e2d43133bb5bf5816e2becf193e4f9be2,llnl_mgmol
819,7dae033d28b139c3f7132953cc7607b3d33fc245,llnl_mgmol
820,7dbd3796ddf2a133614374d3925a6eeb85d60319,llnl_mgmol
821,7dcb61d0ef8fbfc6ad3d0a7f72904bb0376a5486,llnl_mgmol
822,7ddb74c9701907d398571a47e30851894ec0f336,llnl_mgmol
823,7ddb877f560ed700acf5881c9815a5baf82fb842,llnl_mgmol
824,7e40f79e9d93e80c25212dfd214eeb948bab891f,llnl_mgmol
825,7e5332f6fe7c68444238b44c1a66f7444dcc861d,llnl_mgmol
826,7e6648e5296af9169f319694224cd44f864b7094,llnl_mgmol
827,7e78ea1248189bb4895e686c76e46296977b8af1,llnl_mgmol
828,7e8cd0b07a18b2af08eba246e2b7a707b0eed35a,llnl_mgmol
829,7ec0f9ae1f5a45b131346d7949d37624de33833f,llnl_mgmol
830,7ec892b10db472fce20b64f138d2ad1d1dc47889,llnl_mgmol
831,7ecf50aee3aa7d2fb3dba14df66b1c22a087b2ac,llnl_mgmol
832,7f22da6bc27f578d89bf8a95358874e60c13b1e4,llnl_mgmol
833,7f9295879dd0e010897b62808eb80d03694b5910,llnl_mgmol
834,7fa101950fa3a44f94fb810e5275ae9501842127,llnl_mgmol
835,7fa2b795d74d4f17e4e94c59bd7fee9d6b19ed04,llnl_mgmol
836,7fbfe133c1ebd4f0932c9464e4e512ef8228d8d3,llnl_mgmol
837,7fdde5853d9bf687a836cbc15d5af402b1c4800f,llnl_mgmol
838,80039167f4350a6492df639abef7ac891bc0ed26,llnl_mgmol
839,8003d70f5758f3cef4d74724f2b7d3a04afe7964,llnl_mgmol
840,800ebaf6a87fc0fa318daddf0692414208fecea3,llnl_mgmol
841,8036917aa1b56106a74ae50664470229b75ced91,llnl_mgmol
842,80845b68c02708b5b9a842d8c7bb98ab570f9a7a,llnl_mgmol
843,80b5cd11e1346d990ce5529b318cec08c02c30c4,llnl_mgmol
844,80c6bfdcf17dac0cddf7cee11812b1c488b2caf5,llnl_mgmol
845,80eb952026e3ed00c34af9680f878a047fe07241,llnl_mgmol
846,80f3f21d145c0cb6b42f12a696649138efb79b81,llnl_mgmol
847,80f822c82f1b567a5a8081d9d5014ea621b40d49,llnl_mgmol
848,810d73649f88683d86c69f1c14531ba3dc6c7ed7,llnl_mgmol
849,812ffed51c9e6980993be3d7157a858cb6f948a8,llnl_mgmol
850,8130a7726c66a1c2d31cf7b3f43b69745cbb4739,llnl_mgmol
851,814118c98c6a308c2367accb4a09e7ff3eeb2568,llnl_mgmol
852,816621cd04129504d07ea6fd3721cfc2161f11b2,llnl_mgmol
853,81ab133cffa4c33a4be4b541059de2a07f785b4c,llnl_mgmol
854,81bbd0c640d7f81f7f6122e9da2f58e82b4547e6,llnl_mgmol
855,81c98df52bfd11ebe5f189952eea8e1c7a870762,llnl_mgmol
856,81d254315fef84bcbf204741cdac2933e9fed68f,llnl_mgmol
857,81e91a7585ea424afb0e44a72b8fd1c6a106c700,llnl_mgmol
858,81ef394775103832c13c053d099384f527058b5c,llnl_mgmol
859,8231cdbfe65714816619843de491719193438d57,llnl_mgmol
860,82576384beaa62b70f7280a81663d9131d0f4a1a,llnl_mgmol
861,82682934933eaa55f97287a11c1c152098c5390b,llnl_mgmol
862,828ad1cc686b4c4a5897b7e3f07903a6cad3b980,llnl_mgmol
863,828c50049d20fc2670c7c78415ccfa4b5c5f2bb1,llnl_mgmol
864,829395f94c837e992e42b90bff439e1a71f4f7b4,llnl_mgmol
865,82abde535734ffd00bc45a53b4f5014d1438895c,llnl_mgmol
866,82ac165f168c4fe421a7c949cfffaf9f99636e7b,llnl_mgmol
867,82dc1944553cbaad4a2ec9175d4f0234bde6ceb1,llnl_mgmol
868,82e3210d856304529d924c07a66891fe456048f7,llnl_mgmol
869,82e8f43101952701bbf553eec407e500f9b99d41,llnl_mgmol
870,83269752c3740eed35c0cf889b8fe00d6acdd168,llnl_mgmol
871,832ff173535dcb71b82c9660f91341ad3e8e6833,llnl_mgmol
872,838916361e4975da2c100a915ba72c70bcfd847e,llnl_mgmol
873,83d8960c37596c84dab5d1ed7aac39b3ea6b3ccb,llnl_mgmol
874,83e3e14befcbbd3aa8bad0cca3b15a14d7af10ad,llnl_mgmol
875,83f00f3a881b54d4d6fe43a89e88f5d22e17eb6c,llnl_mgmol
876,8431be6254ede2b15f792554bd3873db80d3d3c5,llnl_mgmol
877,8444565b78c337a9c587e6974b2e98d081f0e99a,llnl_mgmol
878,84446eaa9163ba7f986586e61e9a1329dfb62786,llnl_mgmol
879,846a066c7ebf96917cd64db0459564d35ccd0123,llnl_mgmol
880,8484361be78ca5a09e6890a036c5b96a44e11109,llnl_mgmol
881,848906ca4f46d085a52cfa86effa5349603c7e6f,llnl_mgmol
882,8494558c3d8374a889fe9dfb02d78394738b3b14,llnl_mgmol
883,84bf9ff7d35f4cfa6eec2e63477577d8a146d46a,llnl_mgmol
884,84ed87c7cfcbf61f32c9d41eb80a11015a9813ea,llnl_mgmol
885,84f6e7df356e58e146c2327bdd024a49ff8569d8,llnl_mgmol
886,85266781fa6755f2fc9aea35e37e220e2af4e381,llnl_mgmol
887,8529acf368c833cd62c78d852317638210eaf59f,llnl_mgmol
888,854cff9879788def1a881840066d8843bbece091,llnl_mgmol
889,857673f8219c16724e39119685f5bfd9df86e9c4,llnl_mgmol
890,858bc0b7f886c435e59b043e13763ab57b7302be,llnl_mgmol
891,85c22f1fb4c172e327c063fb8a564a52b637eee5,llnl_mgmol
892,85d65470f35c054c579a8f4efe155bd2c2d8f275,llnl_mgmol
893,85df9515dfd1c30e9f644245ac53dbc56bed1d1f,llnl_mgmol
894,85f231ed5c2a59573991fdf9c43ef349ed86c814,llnl_mgmol
895,864695710bd42b11504962da6633819387c508bb,llnl_mgmol
896,865709bc3550948d9fff94bc8be71fe7b29ea2d0,llnl_mgmol
897,8659de303dd91bf78d723dd87ac0aa102aaad1cf,llnl_mgmol
898,865af3feccb5054fce8c0330016b33ec499dcbf3,llnl_mgmol
899,867837aa6f071724da1c31db6701005a42a97bd6,llnl_mgmol
900,869fbd4dfbf82eb7bd8290f3dab864e2e222a94d,llnl_mgmol
901,86b874beff27ade41e8d86afb0c02966faa4c822,llnl_mgmol
902,86bb79fd9267f1b5c7fbe20122cf74bb7fef9232,llnl_mgmol
903,86bd9c2d460f8f7449ec18b491380fe956fadcc1,llnl_mgmol
904,86d4947fd3e58bad0e39297ef3ad7d645f058861,llnl_mgmol
905,86f0f6ca6b92a9345756e26fe260eb035b8dfaed,llnl_mgmol
906,86fd52c5e32711bcdcfd32ae58cca7061a365c15,llnl_mgmol
907,8733d9f40c202a82c8818d92d1422e240af425c8,llnl_mgmol
908,8745d80c2f820c46e7b2d633b4630452d822fbb0,llnl_mgmol
909,876e71f5e28abe671cb6ca0503eaa86c85132578,llnl_mgmol
910,87e35a96bbbef741f61b5475597349f00f385452,llnl_mgmol
911,885c0370c7a14c8fb9f037af236cc506cef382ed,llnl_mgmol
912,88947fe23ac515d19ad7bf75ef9849c07eed01f5,llnl_mgmol
913,88ce42d53f4875d396b5b2913effc70964989a27,llnl_mgmol
914,88d882ca1ae56c85cf7bedf2db98876266166c97,llnl_mgmol
915,88f253521c331f1150e7ef9f5e8a99ffb5aa2b73,llnl_mgmol
916,890e7b02af2b31b02c485a8f4add3c5146f53df5,llnl_mgmol
917,8917f2185911b59c84be071a7352d9de20a3c1fb,llnl_mgmol
918,892e09f3d1d6d8e5ba9d0124af341df1461f7ce0,llnl_mgmol
919,893c637d26fd3190cdfea7a84ecac94581301be2,llnl_mgmol
920,8941b527641c1997abe74c948ddb4fb4ee468924,llnl_mgmol
921,89630b3fba8e8f0c998bc53433c8e4c904274b2e,llnl_mgmol
922,8980e33a4b7b0182d4b7587baabce524a69b2680,llnl_mgmol
923,8982809e346f06a3f79f0ca454f17fc73bdd77cc,llnl_mgmol
924,89b13d171c736ee3b0e90c5bf0b09423b6c02a8d,llnl_mgmol
925,89b29dcc742074edd85a8f28d1e9131dd883847d,llnl_mgmol
926,89d502e776bd8150c8e127fdb9980741e73ab713,llnl_mgmol
927,89d68eb079836ad42c904dfd09a3960c74edd447,llnl_mgmol
928,89fc0c3d05e064f376059909f8b34d823b1ee56b,llnl_mgmol
929,89ffef3a147b31f4d6d353c96eba0a0ea1cf9127,llnl_mgmol
930,8a1ccab1ee519b55bd59ab737ddacaed6c62ffdd,llnl_mgmol
931,8a1cf0530f2a2246dc62fca1db5b145919330101,llnl_mgmol
932,8a2687965d538179129ea9aed22d93129a7ac1c6,llnl_mgmol
933,8a3b8ee5ae9c4d963f36a3b42d90283385c1c716,llnl_mgmol
934,8a71e9176bb8812d63b6308c28abcbe2f5083cee,llnl_mgmol
935,8a89c006cf3600eb5a8b15f76a25dc02bf44e4e5,llnl_mgmol
936,8a9b7b4c0d2740efc104a87ed4d9d044884240d1,llnl_mgmol
937,8aa9b3b228ff37739254c07543fa21cb61ed8dff,llnl_mgmol
938,8aaa6047a7c892eeb918a2ff2c40debb6e60aec3,llnl_mgmol
939,8ac6cd60cd2c06f87c8be6a5806478e316f33c53,llnl_mgmol
940,8aea956e032588ddd5de63013b2ca873f5b00f3e,llnl_mgmol
941,8aecb22feaa87e53aa746145b20740d574f72ff9,llnl_mgmol
942,8b08191282eb8a890296a5b9acf2422579fe302f,llnl_mgmol
943,8b1465ecc84c34196e0c24d4ff7512655ecc7aa8,llnl_mgmol
944,8b21f6a72b9fbeb62014c8b3f63b52c47429dda2,llnl_mgmol
945,8b3d1eaeb55d2d2011947bc3d9a78e51eb246beb,llnl_mgmol
946,8b577ea75f805f6288e0c9e91fba75b960a59a39,llnl_mgmol
947,8b66e86343f21a7ba40c7ac1c159d9a11757dfd3,llnl_mgmol
948,8b6aeb147b801acd932d1008cc927d2bd18d4e82,llnl_mgmol
949,8b84de49791659a4d874c617f71a920fb08e9138,llnl_mgmol
950,8ba3f57b7d55e1a4fb3841932012fccae8125e15,llnl_mgmol
951,8bb794ee3a5094a4f083ee9e05e36cc6ce7d1913,llnl_mgmol
952,8be0c2dc1f8cca8794bc620d32116d71f9896c7f,llnl_mgmol
953,8c90753af3397a076c143b509eba85cfbe0373c9,llnl_mgmol
954,8ca59d6adb580fa0fa9e23d160759a5daacaadf1,llnl_mgmol
955,8d61d8a9b5d908697dcf5ab0d90ae23a6471125f,llnl_mgmol
956,8d739bec39ee5288ba70998ebacbe35aab05d7de,llnl_mgmol
957,8da0d329ed7dfbc94c1f1e1e4e9f11c50589a6ee,llnl_mgmol
958,8db75e87b09e170deb951a6e5dfc94daabbf61b2,llnl_mgmol
959,8debcd56ec926103c427512435b330f8f60c2a97,llnl_mgmol
960,8e10f13ab455aea8b7667ee69d88c74c9eea7116,llnl_mgmol
961,8e15049dfa397fff349ee9220f39a63315357772,llnl_mgmol
962,8e7333cbca77b9b6b8f517dda0a50f821eeeb110,llnl_mgmol
963,8e964f59c7932668e099580cadb072c12d08d39e,llnl_mgmol
964,8e9902496efee68dee56cb98da4598147ac67f47,llnl_mgmol
965,8e992a25252ffcb433a5a6d63de3b2e11ad2d132,llnl_mgmol
966,8eb73d7bf50ccb720b2f87b8f522c05bd8c3c87a,llnl_mgmol
967,8ecb58f965fc2b98899fc88bb1980edfe4507038,llnl_mgmol
968,8eda83e52d9132892337daf92383522bfee3726c,llnl_mgmol
969,8ef833b0a46dd76e298eb37af77db89db2103504,llnl_mgmol
970,8efedb9f4d950f051a32662e8634a9c6f073fd72,llnl_mgmol
971,8f031013ab2ba6a15d1301ebfa4d932822d4eb7d,llnl_mgmol
972,8f03cb607ae0a612ff86c8489f4ad5ac19a16d9a,llnl_mgmol
973,8f2c99365aecb6dee16050a20c4ec431cafa49c7,llnl_mgmol
974,8f379ac7c44769a54a233ded0509cfb67f0934a6,llnl_mgmol
975,8f615237973070d980b8df7ac2e514ec7ae6cc94,llnl_mgmol
976,900b3c863f5de1216f736397ebc09238647606cc,llnl_mgmol
977,901603d2356a35221f7ee9edfcc6c75a9b00755e,llnl_mgmol
978,902f7afb91fb9938fbe58fc6dc13a2ae043d14bb,llnl_mgmol
979,90524d79ccfe383b8e337d909dc6d873385ccf91,llnl_mgmol
980,907517cd1614b1ceab38fe0b0b366bb0ebca6f0a,llnl_mgmol
981,9080ac27c4e54a6cab4d64522a6adc840a01abb0,llnl_mgmol
982,90cbd47852f912b0a42c98e99980fcf224e965fe,llnl_mgmol
983,90e114963ab1f5b25ec3720f959d226e99a4af14,llnl_mgmol
984,9167b55cd39d83d39f534c65d85f34362a65ca0b,llnl_mgmol
985,916e4b11e38fe783b2f7c0fefc1523272c48d597,llnl_mgmol
986,9170f8a086fbf41e37334bdc4aa37e1da074613e,llnl_mgmol
987,91a5d71774b17040a09bcad67b8dd0ada58c0c72,llnl_mgmol
988,91ddaae5cf97de0b55c61b89f8c46329ac675906,llnl_mgmol
989,91dff49b9c284fcb0713c801e4d043c180b652c7,llnl_mgmol
990,920c4c6d2218e5db264438309da449689cd80b05,llnl_mgmol
991,9222d40e60a9319ae7427a3b13703271da12d2f2,llnl_mgmol
992,9232f4db2d4a7d2a34503ff8638b9e7a47be6ff1,llnl_mgmol
993,9255d5d86316f57917947bb3e605ec2103d880fb,llnl_mgmol
994,9277f2da7c53539ace191e72e7d180363b0cfe4e,llnl_mgmol
995,928f53572c84b37f335e7179ca9a70e927ca2db3,llnl_mgmol
996,9309258ea59e642f59b973e87ed866c64c31ff57,llnl_mgmol
997,930d31b121ee261e70138e33a012172b1ca4a193,llnl_mgmol
998,930e9f0d905eba4d0d1999ca11a14c4b3f7b52e5,llnl_mgmol
999,931856cafafb1e67f7702a7b69094a8e92240dac,llnl_mgmol
1000,933e9a811d57015b472b71e3891d4d9468defc1f,llnl_mgmol
1001,9380ac31cace1985305e1a42a012eaba4027298b,llnl_mgmol
1002,93a5067143e213493e568fdf179f246eaf5fd820,llnl_mgmol
1003,941e45ff63b425878227b4cadb9fd0119663e453,llnl_mgmol
1004,9441b3fb3bd4bb28769859f6de382da9754581c2,llnl_mgmol
1005,946556adccda5f06ee32d30954ecb3b8f9274231,llnl_mgmol
1006,947c762c2c48ec35e927550bdab0c411355f2f59,llnl_mgmol
1007,947e4f7d7b866d2da862cf8800ed9559b078440f,llnl_mgmol
1008,94b38d5a04902b957e83af5d4f049af8b6d410cb,llnl_mgmol
1009,94d3349b29b323f490fe78970956bb7622f7a958,llnl_mgmol
1010,952b380b15d3f9430b1f9756b37bfedbe975db4a,llnl_mgmol
1011,956e77a9cc637d8d93d4560b165d0535a9d921f4,llnl_mgmol
1012,95aa9c8ccdb3907fd9f23d7da711ea69dac2a296,llnl_mgmol
1013,95fc4bdecc0c3daef2bf4bcc61a4feadff51db18,llnl_mgmol
1014,962297e28a02a98f4b761ed2e908773d9f4f8cce,llnl_mgmol
1015,964139c521d17aa6a60644b42af1e62dd2e424f4,llnl_mgmol
1016,9654f734496ce0a6dc9339ab2e3c2b55bcd5c135,llnl_mgmol
1017,96a435795f86eacb4402ba1d8de1c0294c11bf22,llnl_mgmol
1018,96ab8f0dc0d5da10bf4c0d02342d56baa2239e67,llnl_mgmol
1019,96ac5d06a5926884646abc2b1dec366fa96fc897,llnl_mgmol
1020,97055f18c9c108d0a6bcc1ad5f06c0b7e54db1a1,llnl_mgmol
1021,972485d9bb09af21eb1f298f6ed7a905027a7ae5,llnl_mgmol
1022,9748c6247700ad2ceb7b8a5ef01b396d684d635f,llnl_mgmol
1023,976fbdd752d94973bcf26282684dbe559167404c,llnl_mgmol
1024,9790138fc3d1c99f68862236bdc58a740bef20cd,llnl_mgmol
1025,9796181c3cdf7a1d278e481a70a6d7b056adcd95,llnl_mgmol
1026,9858419a8141cd17ba18392ad166cd42ace32a52,llnl_mgmol
1027,98931b717d45fceeba0fa7d1256e323010dbd896,llnl_mgmol
1028,98a79dee2df4c5d653e088fde18e4ce691262b2b,llnl_mgmol
1029,98c1cde075d4e34d43777d9b01cddc3c7c873560,llnl_mgmol
1030,98c7485273f55bc0cdd0b7d9a2211141be7209c7,llnl_mgmol
1031,98cf00e21bc39cb92c887479902d4bb91f603a78,llnl_mgmol
1032,98d0952fadaaea1e67642c696a335c7bcd45aec0,llnl_mgmol
1033,98ef8f2fce818d0360cf14a961fab284333705e1,llnl_mgmol
1034,98fdf422b60ddbc7bc8823be72cf0092f153b038,llnl_mgmol
1035,99012134ad9b5abbe76c4b250c45e2be2ef34bc1,llnl_mgmol
1036,9943a23a6d87f5aebe1612c2f7c4d29efbdfbe68,llnl_mgmol
1037,9a1e7c6cbf2777999c14ef35ed3256f387be525a,llnl_mgmol
1038,9a265040e30715b28cce7b798bdc53a771fca780,llnl_mgmol
1039,9a31ce4e3beffca2075e8509fce8a65e8e33e9a5,llnl_mgmol
1040,9a4c361af5e60ed8228fe606aa383b04930bb26d,llnl_mgmol
1041,9a535687cac04c3cee8d23dcfc7869cbb26014e7,llnl_mgmol
1042,9ab65ea97a7a1a597c1d212fde0b021a7748fd4d,llnl_mgmol
1043,9acca3f479be171fbeffec43843d1650d27702e5,llnl_mgmol
1044,9ad93435e0421cc7cfd1cbb22d1df629bcf42135,llnl_mgmol
1045,9ada46d15a498aa7b8d401bdcd9e9622e16706ec,llnl_mgmol
1046,9b030d37fb876d5271b7851cdab27e456ec9bd59,llnl_mgmol
1047,9bf0bccfe9284ec457a2f13d62724569600567db,llnl_mgmol
1048,9bf34eed57abf46bd0c46793d6e7088f6e9c1c6c,llnl_mgmol
1049,9bf573d9733cb0862e40a194473cc97030849f30,llnl_mgmol
1050,9c11c3efc415ab4e22d8188d7242cef4a59ee969,llnl_mgmol
1051,9c5bcc494d64884b099fb04400122aaa0e555e74,llnl_mgmol
1052,9c69b87c7a7cf126e0c8dc3b3b22fdfd0a2cf38a,llnl_mgmol
1053,9c90675c994288c249bc86eb85003f7e84290169,llnl_mgmol
1054,9c915168ecdbd1c325a945c49a968c8d30cc2d38,llnl_mgmol
1055,9caf5a35984227845c82d8f1b68b4d1c6deb2900,llnl_mgmol
1056,9d97ff7059a98315fa7229eb6b8729f0ca4bebc9,llnl_mgmol
1057,9d9d145380e0cdaaedd9306b3c83361d5e87bb31,llnl_mgmol
1058,9dc5d7a44cb70aded21b13a5f8e9bf25d145689e,llnl_mgmol
1059,9dcee175cce4c2350de7579ec6da2f1969ca4853,llnl_mgmol
1060,9ddb3f4d87399fa9b31e04dcd5ed076de72de681,llnl_mgmol
1061,9def69f165f33545b1ecb0ce13be471788cd6d35,llnl_mgmol
1062,9dfbc28c88f0a5b2528002bacd1a177056d13048,llnl_mgmol
1063,9e6f2308500b2d12896b607a54aa2e21dcc5334b,llnl_mgmol
1064,9e967af16130a0d76183ba85560473e22377b582,llnl_mgmol
1065,9ed01a7fcd3430d6d2e43cb4b00ac9603a4a148b,llnl_mgmol
1066,9eec5790c21fc9f79184495bfb13f3d8b91bd392,llnl_mgmol
1067,9f146faf5e9d251b148fd8d02df2457914a3e987,llnl_mgmol
1068,9f1fc20a63eb19e229a9f502b30d3271b264a3fc,llnl_mgmol
1069,9f2cd64804bc71dbb7c15f878f2309c5f4d4bb1d,llnl_mgmol
1070,9f31b7defea0b53e27480bd1ac77b10f35461b0e,llnl_mgmol
1071,9fa0656d9a01032f9a3b19b1d2277ed5993d0918,llnl_mgmol
1072,a03c891b19f8f888d89959e45230a4dfcbc61bed,llnl_mgmol
1073,a09ca14943e0581c267c0fc462a9d1b847cdff8c,llnl_mgmol
1074,a0a01829bc6ecc33578fed1a9c095b816cb747c7,llnl_mgmol
1075,a0ad7072adff42ea74c2dad366e6cea211e91084,llnl_mgmol
1076,a0bc3ef091a2ab30a56b6b5b28df45b66659651f,llnl_mgmol
1077,a0db70bde319d597350112e65b9b0f43a820deee,llnl_mgmol
1078,a103a8712f70ea6eac0a94c4970a5a0e6417e6f5,llnl_mgmol
1079,a1133677ffd3a3d1a91917d2d0fc2229ec01a427,llnl_mgmol
1080,a12c0cc91fcb2e4fd21e6394afa800b30bbad498,llnl_mgmol
1081,a14db577e9563c3ecb4f0a38ff93897a45834a6e,llnl_mgmol
1082,a17558828394c1b27fb8d79fdcd9972c36c8c873,llnl_mgmol
1083,a227c04a43d32c932d9bb8e2b3a08695e9ab084f,llnl_mgmol
1084,a2421cd77881373488bddc3ab34cd4b44a1f82de,llnl_mgmol
1085,a263766b4b467873d631b7ffce73bc87b5c6d8c0,llnl_mgmol
1086,a2777b89ca10abfba5de9ec507adbf209e9839c9,llnl_mgmol
1087,a27efbab7c8cf4e0cccb6c837abbe80e93c6f3d9,llnl_mgmol
1088,a29e9b5e3791994dc94abd0ba7b1988bdfebc28b,llnl_mgmol
1089,a2ece1adc7c16334d03d785c63018259cd80208b,llnl_mgmol
1090,a3029c8b458ec64831abf7dd672906bbcaed3e50,llnl_mgmol
1091,a35497b2d471c3cd10130a054b42cbc4a0bdfa27,llnl_mgmol
1092,a357eb82f72a4c8079c5f09205b0c4cd8aa910f9,llnl_mgmol
1093,a36d2c7016a5eaa49ee7cf4c7cf6ae89dcd97da0,llnl_mgmol
1094,a38c3e70514b290e498abcbe8a8fb2438a4d6060,llnl_mgmol
1095,a3a3641b185e59622d983e2007010728ccb43740,llnl_mgmol
1096,a3aaee310ec0508db5ee076c3dc72d9044c5e7fb,llnl_mgmol
1097,a3c1074d83ef3c852062bb6a9147bda516393e8f,llnl_mgmol
1098,a3ebaf284b4211ed2a482f8c2a2fc00b00deb95c,llnl_mgmol
1099,a4455fc2d12217c79a263d4f8e366485cf7cb37b,llnl_mgmol
1100,a4567c79d31e170efbbc9e9eb53d101134a677f1,llnl_mgmol
1101,a471d7a6bcdb40b089a8cd5bbb215190538fe08a,llnl_mgmol
1102,a50b67c9f8b88df038c197cd7ae82393d80e6fe4,llnl_mgmol
1103,a530cb73a6868b5cf165bd0ca616cfdc36bff68b,llnl_mgmol
1104,a545fcbcd0e246b3be793ac5ac464667479fb704,llnl_mgmol
1105,a54c22949c2999ed1dd2156754f5842cc2030fad,llnl_mgmol
1106,a54ef66d1dc7b47949e739b963b9c76ca2c6bc5c,llnl_mgmol
1107,a59b3afb931c7012227d11926638f6651433562a,llnl_mgmol
1108,a5f6f3a9906c8e4cee1bfe7a7ce2197531ee8f83,llnl_mgmol
1109,a69582f31acea4d9a0f2bfbb7d4362321f07a31f,llnl_mgmol
1110,a6975189442b1e07110e043adaa991d6e53ad898,llnl_mgmol
1111,a6c33376718c5283a964c5280b899ee92d4a12ad,llnl_mgmol
1112,a6ca9cbc8cdaee93413f49e52c4cb997b9285bcf,llnl_mgmol
1113,a6e1263cab066ab303c3bb45eb2dc928ab631f8b,llnl_mgmol
1114,a733973bc917d0fd02a6d0d56dee9179e039374f,llnl_mgmol
1115,a7478331b9fc73b6d99bb5dc7a0facb3b9a566d3,llnl_mgmol
1116,a7618807d7d0e3df93207cdbbda6d12856889e43,llnl_mgmol
1117,a78cdc14f344002112602605b1c2c97e9e4303ff,llnl_mgmol
1118,a78e260d4e19416217cd68a1e72d0f4a422ec5a6,llnl_mgmol
1119,a7b498b16151b51f11278d47411e5b0f01680ff7,llnl_mgmol
1120,a7ecca35b0d877e3c93ab25be46d166e7d144717,llnl_mgmol
1121,a80300d1e13395d48e5e1b0fb42a4b6394f17077,llnl_mgmol
1122,a8be389ff3df7f15070d1d29344b7e20c7145ee0,llnl_mgmol
1123,a8e2a60a06374f5f1d210e1a129376304920af20,llnl_mgmol
1124,a8ec88bbd66c51a8f4bf69ba28846ab4688b7e9b,llnl_mgmol
1125,a952ff6d3fee9cbbb566a77c6c3fcd506f2a3bc4,llnl_mgmol
1126,a9a0fc71e9d9af52d05aeed3b42daf2e7a2228f7,llnl_mgmol
1127,a9e76a5bcc90ce0e0740d0f6f71fadb39857488c,llnl_mgmol
1128,aa07e7c672bf6439843ee19cbebf1144d2c0147c,llnl_mgmol
1129,aa0f8b8d9ba790713ab5b7b25b0cab392404fd04,llnl_mgmol
1130,aa901a4376acce7953e745a9fd335b889f13850d,llnl_mgmol
1131,aaa37ff99095d3267830a98f907572c506c045b3,llnl_mgmol
1132,ab05e0f3cde2e5547ad7f15fb8cf996afec5b984,llnl_mgmol
1133,ab2ff41dbc9cb3f7d24741104e5f46068766c788,llnl_mgmol
1134,abedba905bad3a742dcd0a9cf1798732c9a8d926,llnl_mgmol
1135,abf62e76b8c8e2362474a32686652476693fe863,llnl_mgmol
1136,ac016bc9fe72f1554c16a70b2fca37907300fa96,llnl_mgmol
1137,ac6b4feda98a259837bc02932a01e1d9bdaea9c8,llnl_mgmol
1138,ac7fff008392a4a7a892202629f6bae7d26add90,llnl_mgmol
1139,acb197faf9ba53060589ecccaefcd954793bc03e,llnl_mgmol
1140,accd11e326fe54bd2a33c62fc31ee7badbe6fb42,llnl_mgmol
1141,ad2afbf3ce6cfd78390a25ce60e5d27645fdb5ec,llnl_mgmol
1142,ad4f36aebd1de95662d3ebfa9d315df7a4821daa,llnl_mgmol
1143,ad5b86ac5c8890355989ce38ca1f6afdef4a5dbd,llnl_mgmol
1144,ad767f9f4d0430d4e1dc86415f2cd2d5b20b72f0,llnl_mgmol
1145,ada91611a1429678dcee6232dcfba09b66f134cd,llnl_mgmol
1146,adc24745c95c7fc70bc1c67d313ce20374a0fcbd,llnl_mgmol
1147,adc2c26a0ebcf8d784a6e84cd69d5a9b80c22f8c,llnl_mgmol
1148,ae010e66aaf0703e3a7c82441ec1e46b5408fba5,llnl_mgmol
1149,af9590a16947720842d1b407dc150b49557bbafb,llnl_mgmol
1150,afa07cbdc9416b4a0aab2b3678f18baa3e376783,llnl_mgmol
1151,afbce9e41f85f6c9ce676fcff893ce98f604ef97,llnl_mgmol
1152,afbe7b86a549f1eced85ba9a28aebae77aa5e1ce,llnl_mgmol
1153,b0270bdecde6d615a673070d03eeda437e6ad422,llnl_mgmol
1154,b04ca0d3d744de8304bd37c96b3c5bf26296a223,llnl_mgmol
1155,b0533d089f5e3e6923614b2985736585f2c666c0,llnl_mgmol
1156,b08ac317688c8f20c3494b862544e58e87db553f,llnl_mgmol
1157,b096747482fea475b470414b2361d62a74828f15,llnl_mgmol
1158,b096a47e19de57c69a96dd33331132e418276c39,llnl_mgmol
1159,b09a20f4f0526cb777ab6dcac016452630323db4,llnl_mgmol
1160,b0c86354bd2ffa235c18ffb93287edd071e454e7,llnl_mgmol
1161,b1847cc401d76171a651ffd6d2a108b1cc512d80,llnl_mgmol
1162,b18c6adf3ea56f6515394bb0245316fc46534621,llnl_mgmol
1163,b19b4697d0097f1b8c559e8e10071f8885d07560,llnl_mgmol
1164,b19b7eb25d160a22f7897515d93bbdcedf477c9c,llnl_mgmol
1165,b22ba027104e4c996a625b362f91628521db3a94,llnl_mgmol
1166,b23d37dffa749c7f16ceb31cf4cbc4a55cf2e39b,llnl_mgmol
1167,b24c73c2454342d4b6e37c2f25dcde5bbf5b0f5e,llnl_mgmol
1168,b256429e0482d49bb8915a053f167c2717c315f7,llnl_mgmol
1169,b263532e4f585267d8eab837abb86076bb044195,llnl_mgmol
1170,b280335e56edf0eda2d2448cacd53af3ed7c7545,llnl_mgmol
1171,b2bc316e14bf0d657e13ee0a37b827d4169e3276,llnl_mgmol
1172,b2c32ccbe141c78ef61b20b99f9d08bf50de260e,llnl_mgmol
1173,b315d084455af337d03bb15449936691f84b2ac1,llnl_mgmol
1174,b32d6868f87179afd825a9d2450262ddba3b7f9e,llnl_mgmol
1175,b33348abe014671a83a8d5b23611aeb7c583c5b5,llnl_mgmol
1176,b348f1a2ff1f56deeb76221f71ac7ca7813f7778,llnl_mgmol
1177,b36c39082cc378ce03f1ced3e2a3d20771cd1793,llnl_mgmol
1178,b3babc44330fe908e557026152d372e5fa9a47fc,llnl_mgmol
1179,b3bb0ed623d061950923df5b72593c14be205309,llnl_mgmol
1180,b436fe5fa586110581cffecc8d8ab481ee5ebab9,llnl_mgmol
1181,b4372d1d08ff4bccb598abb7ff08c118a2d7b665,llnl_mgmol
1182,b4708f14e3759e2290f8674ff7a5fa836637a8e9,llnl_mgmol
1183,b478c7eb12a42a29e72fa09a8ed437eadacd9ede,llnl_mgmol
1184,b48b826c9720b19578338fb0b6c0da108bd19fe5,llnl_mgmol
1185,b4dd03cc5e47485ff8d0cda99017c1fa063dde61,llnl_mgmol
1186,b4e0d9202e1f5bf9a61b672daf2d1b312a172601,llnl_mgmol
1187,b55dd9f4b73c2db879d4234d7f865c807363b58e,llnl_mgmol
1188,b56d4d51ff5d853d179b85a697f201ddff5871c6,llnl_mgmol
1189,b616e8e24f5af01c7a25436aedc375e4fa2f459d,llnl_mgmol
1190,b62167bd2d86d0f5e6c7457bda2427d2e020d7ab,llnl_mgmol
1191,b62a593b62936d544625f7b10dffbfe713a50b70,llnl_mgmol
1192,b6698fcc97fa3a57214bce7fa5be5655f09248e8,llnl_mgmol
1193,b671efe296d6dfee8f25b20740e552ed0d294365,llnl_mgmol
1194,b6794d42f12135bf92eaa1536af343a354f9b99a,llnl_mgmol
1195,b69e4b262cdcb3bc95280634cd33355c7dc2fcd5,llnl_mgmol
1196,b6cf162eac41663473659d44bd04c087d56e5fdc,llnl_mgmol
1197,b6d201729723a1e8f6957f760bc229c587e3f8f2,llnl_mgmol
1198,b6dc7fc564fd3b9926a9e39532a38aee194c14db,llnl_mgmol
1199,b6e0fdec25c1e2c49e17c8f8ce255fa5240b0cd0,llnl_mgmol
1200,b6e710cfb4201aaa1dbf9c736a67bae61c567683,llnl_mgmol
1201,b6ee200076e1d8e327b4e86f030b74695e5c8898,llnl_mgmol
1202,b7242f3fbf3d32d1d99630910b4ae144671924af,llnl_mgmol
1203,b7754450ca0625b9e3ae9ccd36cbe6407d7148c4,llnl_mgmol
1204,b7cd5af571e158bf502000bb4e2b5b245a3f54a9,llnl_mgmol
1205,b7e75a24ede116397a26edd7ce18388cd9024267,llnl_mgmol
1206,b7fd60ed6a1ea5c0941a391ca5aa201f3468887a,llnl_mgmol
1207,b80d5fac76048a7262cd6e95fd9a8dad0d4abcbd,llnl_mgmol
1208,b83649e5dbabe20e6736e767fd72d53cfe69af19,llnl_mgmol
1209,b843ae5f65ac4f24f1894ffe363216987b0091c3,llnl_mgmol
1210,b870395f4f7f696566f0b2f2c429303c7706ecf4,llnl_mgmol
1211,b90c56ae3665efca021390474313db8894993fbd,llnl_mgmol
1212,b95ca674012f270ee454c969224e0429dd2a1068,llnl_mgmol
1213,b960c03b3b9b23d6c6b81ba91a617baf81b1a71f,llnl_mgmol
1214,b9910171277ea4ae5c5e212ce72307fb0e1ecab3,llnl_mgmol
1215,b9958705291461e807334318864a068fac6620df,llnl_mgmol
1216,b9b836e6fc0b8f2e042f273a1bcad8830c9b2786,llnl_mgmol
1217,b9cc86ef5332a48eaa4684a91857eca11c39dd1a,llnl_mgmol
1218,baa3205ec781ca4fa31d00993f19fdb2d979238e,llnl_mgmol
1219,bab3de746ddab2a4b925e4d83044134a1e0356ff,llnl_mgmol
1220,bac554a63695d4ad18add927772a5432ab7cbbf6,llnl_mgmol
1221,bac5e227830ea17358dcfe1a7c6c0989259a6bd8,llnl_mgmol
1222,bad80d13fcb1a525aa65351787ec86f75d2daedc,llnl_mgmol
1223,bae5f32fced6a6e01c1b646cd432bde841915af6,llnl_mgmol
1224,bae627afd5dff908a6483707c651b01234ac6057,llnl_mgmol
1225,bb8051d2cce7299c4baf61f863a51488476aea1a,llnl_mgmol
1226,bb862d73869070f5a801555d3128e102d2250c20,llnl_mgmol
1227,bb95a190349b8c0d074476f49ce58cd4ca716219,llnl_mgmol
1228,bbc9f15afb5087ca0217e139c49239144f19b36c,llnl_mgmol
1229,bbf98bf1ee63ad9bdc569ea57cc71fbe91c0b097,llnl_mgmol
1230,bc43b775e7265f1946130a8260542b4fc11ed57f,llnl_mgmol
1231,bc5992dedefc33d3e556ec0831deefb4df099f67,llnl_mgmol
1232,bc897c6fbb7dade0d0991ef1d8691866eb3aa270,llnl_mgmol
1233,bcad1127e11f4cedec5a21f774b661589b4eb8b1,llnl_mgmol
1234,bcaeaf45a7e9096b2d2413452ec55a94b2085e7f,llnl_mgmol
1235,bcdce565f578acaa8ccc60d6ab13e93d8bd44b55,llnl_mgmol
1236,bcdd6a11269c427feeb6f4c328c89cd66ffefd35,llnl_mgmol
1237,bd0086c764f80de19a881ca5bee43c8cd5296ff7,llnl_mgmol
1238,bd3455a0ea795cea0545192610971285be7b19f8,llnl_mgmol
1239,bd34c9ea6a84cebc1f1d893f140900d86d9e5c33,llnl_mgmol
1240,bd408e429586f2fffdd1272cfc0afc291dbc1e0d,llnl_mgmol
1241,bd42f9f924eebfb7955a36c7a39493546622d34d,llnl_mgmol
1242,bd43cf780d9093d34ed265b217019448dfb161c0,llnl_mgmol
1243,bd702b06f728093d0d1c0d5d723ec4645a6eda4b,llnl_mgmol
1244,bd8393a5568d008e3010cd12583aa8950ebf694c,llnl_mgmol
1245,bd887d55ad9626fcd5841d2f7e4d70d0e07c29a5,llnl_mgmol
1246,bdb47fb1119a9a86006be0116b87c5f0455a6f63,llnl_mgmol
1247,bdbd28280dfcea68e4c4ab3dc30a8382d4b8b81f,llnl_mgmol
1248,bdc6343a238434b71762ab6af8b85b704a09b72a,llnl_mgmol
1249,bde85069f875ef3e410b7b5a24269bb914a2e7eb,llnl_mgmol
1250,be4f3b6f91110d93c2a9603c34e6d462ae8db353,llnl_mgmol
1251,be9308627bb83584646df38d129610a0bfe3066c,llnl_mgmol
1252,bebaaddabbacc51ce602f0a7bb740c6c9a691501,llnl_mgmol
1253,bec71a22a932b901e9afd97362a54a0d8b1660a9,llnl_mgmol
1254,bee1fe196fddb53bfed5eae1293264779f15d7ee,llnl_mgmol
1255,bf0b922d31e548fb25bc80070a601ac0f09eb198,llnl_mgmol
1256,bfa6b17dba73543bcdbad42451344b3aaf0fca04,llnl_mgmol
1257,bfb170121be8008097968ed227b33f445dcdc3b4,llnl_mgmol
1258,bfbcb48289201ec3775e6ccf12e7bf7c35ba9301,llnl_mgmol
1259,bfdc87be6cfeaa223c00f415fee42dd47d79088e,llnl_mgmol
1260,bfddf6369c894797707563379e1e3d76410afb50,llnl_mgmol
1261,bffc514d1941346cca10ee5a9dc5b5d46cfe97c0,llnl_mgmol
1262,c03edd710b6e0f45f642cf40d101c72107b8b43b,llnl_mgmol
1263,c04408695d519f25c2dd0928372b26a8028381a0,llnl_mgmol
1264,c05ba7f4cccb1077faa226e9bb79fb7294c93130,llnl_mgmol
1265,c06d8e64399635daea006aa97dde54ec0bd3a334,llnl_mgmol
1266,c084c65922fb28a0f779dcb80438983e4a1d4557,llnl_mgmol
1267,c092801d875eccb8c76204dc4785f1a00732ad98,llnl_mgmol
1268,c0bc938925ca0485d6dda3cc67bd4cdf904944e5,llnl_mgmol
1269,c0c53d496e71aaddc667bc187a9b945bb3b04f03,llnl_mgmol
1270,c0dd3b32b157fe47e12286745afef2c63de63715,llnl_mgmol
1271,c0ef565b8444a71005d23953907abdef3f765987,llnl_mgmol
1272,c101d3e772c24c5b96842d252bafd0600db643a6,llnl_mgmol
1273,c120dda7a677d43f18da93ae45832effc6731efa,llnl_mgmol
1274,c15e435957c6b21517b49d13fb5e75341e4f1aff,llnl_mgmol
1275,c17eea3e929ee74ae39542cef1e9346b35f54419,llnl_mgmol
1276,c1d46bc129b8b0ba532676892a08a93a7f51f5b2,llnl_mgmol
1277,c1f4575eb755a3ea1100fe87a4db2618c36d7ca9,llnl_mgmol
1278,c2307d0335e904f9f33c249037a9748ffb4efb65,llnl_mgmol
1279,c232ec87d6271248c3535c86c23a5aa2f6b1c3c8,llnl_mgmol
1280,c23329915d3052e8406b0374b9ee492e05291cda,llnl_mgmol
1281,c23476ddf7ac3a87a42cebd6837f640d06119771,llnl_mgmol
1282,c24bc3277577164fb954365637ab4bc42a59cb5f,llnl_mgmol
1283,c255e4179a00e74ade08245ab2e8fbc996f1b81c,llnl_mgmol
1284,c25c61400b6ab6bf54579e04a2ad90e19d677252,llnl_mgmol
1285,c2a49277152b73b0e3c3ccef9aaef33bc8ba178d,llnl_mgmol
1286,c2afcd9bd7ef9f8a6490bc454c88fa5330edb16d,llnl_mgmol
1287,c32b4a46dec041c21fac313bd89b62172df8e1c8,llnl_mgmol
1288,c3c3ab23783315ffadcf84e7613037ddf640972d,llnl_mgmol
1289,c3fe5406c62f620f5634621c91f8ac7ad97a92d8,llnl_mgmol
1290,c40089b1a76b244bb4d989dced9b9637ad70fb94,llnl_mgmol
1291,c40e14bd444e7e180200f7e5905ab5db8b8ba9ad,llnl_mgmol
1292,c416bd516a985fc9e864e1f47433fd308fdc2973,llnl_mgmol
1293,c422cef73cb0073f071d37751acc15fa3ef93602,llnl_mgmol
1294,c478820d4369dd20ffb3abcec5d85f599ee3ab87,llnl_mgmol
1295,c4817b8a1028923d71458a69a95ee05cd9486826,llnl_mgmol
1296,c48c8ff9617c3d059c952c5f1e29297dfd3930b9,llnl_mgmol
1297,c4d438d7b3e0a794b8d05175bfb676a79d053379,llnl_mgmol
1298,c4e27a03812864261ee467b2cab1d799496b7018,llnl_mgmol
1299,c5053a541ef5847157afbf8e542923056c48aaa6,llnl_mgmol
1300,c5235a54bcc82ef5a54ed33ea554a83377592104,llnl_mgmol
1301,c554b54b180905cecedb0b5a7dffae4c5b762820,llnl_mgmol
1302,c55fa80d53406b933af47cd6ff7c6b40fdb516fa,llnl_mgmol
1303,c56463ce3b59efec9c55b072794c2af74c420118,llnl_mgmol
1304,c5d28b2882162e265aec400568a082194f492e12,llnl_mgmol
1305,c5f16fafd0361144153514eb1f87c51c617150eb,llnl_mgmol
1306,c6157416217ce44db2325c53d7957ca20569146a,llnl_mgmol
1307,c61b48d2dabcdbe291b1545eeba338c56889cc40,llnl_mgmol
1308,c63a8f691809c004f69f4452b09783bbd236bfd9,llnl_mgmol
1309,c6620ec6658e73df41e217656326b10c6263ee11,llnl_mgmol
1310,c67a20dadaa62bac5c563a26eb853cfa1af4c6b2,llnl_mgmol
1311,c67e63fbe64ea1d663247ac6c853e1a74be57e54,llnl_mgmol
1312,c684ff0bccdc44a5c89dbdda39cb0944abcb7040,llnl_mgmol
1313,c687ca29359bdf45d689752f152986da27249120,llnl_mgmol
1314,c690bc5bb8998a1202ebc22a16ebb3ffb80346a6,llnl_mgmol
1315,c69f2af46c077aac70564bc74839f07ec3d842c8,llnl_mgmol
1316,c6aae59bf3512a30ffe6dd2d951f8451095d337a,llnl_mgmol
1317,c6b6678127012a52558988457d69e1616613763d,llnl_mgmol
1318,c6bec674eb8b341eed4ffc8ecce2e69c03d2bc38,llnl_mgmol
1319,c6cd61e47dfa44457ba93494ab73f2a35921a656,llnl_mgmol
1320,c6e3c18a66c48c0f8b80cde39156ac7ccc147b06,llnl_mgmol
1321,c71e9dbff582fdf89e92bd2bc4db365075cb5463,llnl_mgmol
1322,c72747aa2f25d787f77490db04cad04bd7231b34,llnl_mgmol
1323,c74c25651a9ac817148bfd694d29dce605072b97,llnl_mgmol
1324,c752f1de697802e0fbf8f29f02a4856d5f954575,llnl_mgmol
1325,c753825a4d29cb7215d72c61e2be5303532f1f8e,llnl_mgmol
1326,c772a645e3790570a3cd7748d21f955c8ee8ace8,llnl_mgmol
1327,c7ee4b6812e27255248c1a775bee64d6c23e23f7,llnl_mgmol
1328,c82d387763eed792fe45320c224a3f56ee940e3c,llnl_mgmol
1329,c8c46c06d9cd0a42429226bdfb81d286be993d73,llnl_mgmol
1330,c91738fb0684107b8ce13c9f484bdc20d3487fa9,llnl_mgmol
1331,c98ef2029e2cd0e2cbf7a4d55f9e5a8c9cc4fc12,llnl_mgmol
1332,c993bd5dc3cb9ed8f42b5df1f160a5c304080900,llnl_mgmol
1333,c9a162f5a6de8d444bea4ffe6cd674b66eb80c02,llnl_mgmol
1334,c9a7e72bfbd9005deb4dc514a2c20490eb3b47cd,llnl_mgmol
1335,c9b4a1530deeba2fd5f79d34808c94c2497ecb4d,llnl_mgmol
1336,c9f6c40376d19ad9ce2b7c6eb867028ec306cd93,llnl_mgmol
1337,ca0bb6fa25ad7aa1605d98af4c041cece3654bb0,llnl_mgmol
1338,ca512642d1e1b80af97e5595d7a7968845aa8bef,llnl_mgmol
1339,ca98f42c1a67a398302e657abf52952bc84e89c3,llnl_mgmol
1340,caa87e5f7998852e427661d588453edd7bd1f2b0,llnl_mgmol
1341,cac12ac50ef55fac9c8745ea15915374be2312f1,llnl_mgmol
1342,cb3b8773a48648c4df7665ea3d270fab4c1a23eb,llnl_mgmol
1343,cb6dce3431987c3156c0c568af7239f882ff5120,llnl_mgmol
1344,cb9b33a530ceda4091594f48943df16212a7580e,llnl_mgmol
1345,cbf901ece2190678942736c314bfd47c127c8740,llnl_mgmol
1346,cc12d0f4a3c8fca0a68118c39a4b3cc7151331d0,llnl_mgmol
1347,cc34d83521690433dbbcae8b471757b1c7194eb9,llnl_mgmol
1348,cc6162532c16bf381976daf0889a1914fa89c1b7,llnl_mgmol
1349,ccc5821c78a342f0244da68023ce2d30a58fd479,llnl_mgmol
1350,cccbd7b129820a2dabde1f5c690b45dfd5e8fc39,llnl_mgmol
1351,ccd8d0e53f12004753006361355d7090c02bcc2f,llnl_mgmol
1352,cce45b987b15a75a19853c2158eaf7242d3522e3,llnl_mgmol
1353,ccf4f0591aabd9eeb5929a62dd5a6c8c4d0756d3,llnl_mgmol
1354,cd244d4dc09fb22cca24c2a53fe9afdf7e439d51,llnl_mgmol
1355,cd2cc89df4154447b6e1cd63e9e384722a52021f,llnl_mgmol
1356,cd375c1f4ca2b0020726895a45a71afd3b6aa622,llnl_mgmol
1357,cd796dd6a618256e8a1a8423b5e4ed24bd7917c0,llnl_mgmol
1358,cd8508d3ceb5c44321889dbfcf430a17b699408d,llnl_mgmol
1359,cdb350ef4ad86be0aacea763ec878a3c6a3eedfb,llnl_mgmol
1360,cdbf1ba784083944e8c9635511f231e8e840232d,llnl_mgmol
1361,cdc20206ec91854218f1cbb08698f15f31750c71,llnl_mgmol
1362,cdc68924f6394fa008c7aeb6b3018ff257b42b75,llnl_mgmol
1363,cdd20a22f2cc6d2b4c1c2dc9157ed1f59f91589b,llnl_mgmol
1364,cde3a7c6f2384467b376963c605db0483a8e6150,llnl_mgmol
1365,cdf38c8e6597231ee7538f84f4b87a544ff6f2d9,llnl_mgmol
1366,ce80bfeebe42df32e881532757f03701c287ca7f,llnl_mgmol
1367,cecd294959e926a4d6ef5dd64cfdbe96e16ae48f,llnl_mgmol
1368,cedc4ef2381374d93e060ef301f8960236375a80,llnl_mgmol
1369,cf089280e8e066d9b063b4b761b94c1cc439d387,llnl_mgmol
1370,cf0fa2ac5ac4a344f7129b469c5caec71cab80b5,llnl_mgmol
1371,cf1e2e1d853a9d3e890abe9d7d14995ec24e8529,llnl_mgmol
1372,cf4797d9774a1689d5dee651647147f8f0f19c00,llnl_mgmol
1373,cfb8fd743865d3a14a96b39f97442c136f2d4ee9,llnl_mgmol
1374,cfd3a3b6997d60c0b73831dcdc7dfe81b1a39b71,llnl_mgmol
1375,cfeb61ee088216f8803d62f9d4b4e999ba0b0cf8,llnl_mgmol
1376,d008ed5a5a6defcaf0becb579e2b217fc26b7287,llnl_mgmol
1377,d032508b06e27a7f90efedbda4afc653ce7ace34,llnl_mgmol
1378,d039dfa5df269337dc7654d2ac6241c0d020e339,llnl_mgmol
1379,d0e05a304f203a8bffccbcbbe5d3577d39c61c9a,llnl_mgmol
1380,d1ab3cb837b05c993d158fabacca07f836845db3,llnl_mgmol
1381,d1b98f1e078f2ff7ff4d392352c62c7c72770a0e,llnl_mgmol
1382,d1d910969b454ace5d00300887e8185180affc6c,llnl_mgmol
1383,d1ea888f9ef7968ef7107599c60110b38a16aff2,llnl_mgmol
1384,d20b0eabb176d9dd75e75999eee370b622073ac7,llnl_mgmol
1385,d20b712dfa8473496e8a4dff762b8ec0cbeee651,llnl_mgmol
1386,d2130a6ea2ec07feefb2518f7379d6272b77b4c1,llnl_mgmol
1387,d29930fcd60e8008beb0444e49cb24559c24e4b3,llnl_mgmol
1388,d2a913d85b8a3485395a3f49fd54bba967d07df6,llnl_mgmol
1389,d2ecd2390e8ff4baf821312f073c52173115c850,llnl_mgmol
1390,d30c95d0ee86be72c00880d78163010e176628fc,llnl_mgmol
1391,d311553c11210b40041bb8b220244531c9fa22ea,llnl_mgmol
1392,d334a1739352cc1679d237a76602a307e976951c,llnl_mgmol
1393,d43c35272d19922e26675e9af118de9bcd6d613a,llnl_mgmol
1394,d46c35b57cf2658455f4296f8cf91d99444f071b,llnl_mgmol
1395,d46df9c0ca9d5927ca0e9cb42cff8c10481b2e87,llnl_mgmol
1396,d4810766b3c0c94b8cecb32d27105d3e17972f67,llnl_mgmol
1397,d4b8a4c5842782ee79131caae33246c119655f72,llnl_mgmol
1398,d4e2aacd800ac1fb3cfa23a25eb48ae8d92604df,llnl_mgmol
1399,d53e19b93c20f38316095c7ed1c50ab28dde7e8f,llnl_mgmol
1400,d547c089674c9d611f87196ad030b811c04e2c77,llnl_mgmol
1401,d5588db15744fe26a03dec74082770f96af1c27a,llnl_mgmol
1402,d578bc8d782af7457698baf9c484247bc800b8bc,llnl_mgmol
1403,d586891b203c5f4d5bba339f37fa660b7745d52e,llnl_mgmol
1404,d58d9cf2319aaa6d87ff0915fdd088ccfac9876c,llnl_mgmol
1405,d5eb7342df079d61811e671b45e86605f2d1dba8,llnl_mgmol
1406,d5f9009838aac82966cdb8236e5d19e4e9573bb9,llnl_mgmol
1407,d6094e41245500a3e27d2a0f02129b93361fecb8,llnl_mgmol
1408,d6628530bf793f7eeae5a42b9a897d823218c743,llnl_mgmol
1409,d669889755a8b7a5257d08484dcc47e2fed69f5e,llnl_mgmol
1410,d669c8a2aac622be332234cbcac462b79e661670,llnl_mgmol
1411,d67956f3ed95b928fa845441986f0ff4a34d5736,llnl_mgmol
1412,d69c9a5579bba25216b965f53b3b0c1b5e17c27e,llnl_mgmol
1413,d6c73a799037456a248ad21a00ef2193d42b2fbe,llnl_mgmol
1414,d6cc7380650a3e68c3fbb4dcb12bf8d7bae71cb1,llnl_mgmol
1415,d704f941e37b148305057d17211e0000ad3afc56,llnl_mgmol
1416,d712fb29b07adb7ae150a5966844e6ad99feee8d,llnl_mgmol
1417,d7152b0e39017e76d8681d5160c6521f0e96f2f8,llnl_mgmol
1418,d75c7aad6fa188bff1110da0fbe2de71948facb2,llnl_mgmol
1419,d77facaa8d1cb0ec3b1929905266d8c943442b37,llnl_mgmol
1420,d791c1ea32093556f1f4323fb3125513e7b9ec8a,llnl_mgmol
1421,d7a34b410214771a1c4d4a51442ec628d060ae62,llnl_mgmol
1422,d7ac1c09f143b8afe67939671b05f9b62b091321,llnl_mgmol
1423,d82e3880fc40579cbad361041c6d59d9f1f2ef09,llnl_mgmol
1424,d8995951990eaca16545cd9bee46039d08a6d5ab,llnl_mgmol
1425,d9a6fcb1744d0b6641944b73554f502005dedc22,llnl_mgmol
1426,d9ba6f09c6c29f9da7565370a9f1b172b3b691cb,llnl_mgmol
1427,d9ccf500c30f0ac55a5494ac91e0edb052fa0c73,llnl_mgmol
1428,d9f03b6cd12764ca776e0cbf8e146ea8e227bf19,llnl_mgmol
1429,d9fc2bb8066e5dd999056ca5d385ff4958418277,llnl_mgmol
1430,da03593ae928b029586ab208ec78e903a2859d76,llnl_mgmol
1431,da33f942676e7a536743fff42573974f0690abb2,llnl_mgmol
1432,da6b1ad55e1d2515e95553011e1df92c567e22fa,llnl_mgmol
1433,da6e19a03b2b9a860b6adaa7ff1b333efa4696bd,llnl_mgmol
1434,da842ab943e53070d47fd9143481ea8c4f9060cf,llnl_mgmol
1435,dab57fb6f157f3d81eefe55845f634caf8ec25e1,llnl_mgmol
1436,daed02cbf89d993a7fbbbd71816b37bc49c63a06,llnl_mgmol
1437,db5f308113be30de4dd7b94c094beec0f972d9f5,llnl_mgmol
1438,db776eee8f473b8905f11a38f82ba036b83a63f9,llnl_mgmol
1439,dba0997eb09b24bb63b03ba006bddd0e888eb504,llnl_mgmol
1440,dbe231d7177cc7f309a263f42bacb7a12c17291d,llnl_mgmol
1441,dbf95abc5a0c1dfb1693a8009e68480d79f6b1ac,llnl_mgmol
1442,dc081377e105dde8cd99ca231e101d00f02b6ccb,llnl_mgmol
1443,dc1d89ec789fb63a5485f7be5e2988509a1a5053,llnl_mgmol
1444,dc4d5bb594e1c190c1a7c97d581cd58a26d1bf2f,llnl_mgmol
1445,dcb21af1e9c099e985e790ca115237a07ddf51f6,llnl_mgmol
1446,dcb6237df4eb6b6008c3334c30d16461eab60b6c,llnl_mgmol
1447,dcdf638ae8975d7b1f22ebeedc9b2a49d3863d22,llnl_mgmol
1448,dce61ffb1b03519a6dc794ec09f5f29f8a03fa85,llnl_mgmol
1449,dce67c636cb77f6447b822c1a00172bbcb450a9a,llnl_mgmol
1450,dcf443f9b3c0233979409d6b884405e6b96fb89f,llnl_mgmol
1451,dd076ebe9d7e80affef0df744fb4993932ae7ce7,llnl_mgmol
1452,dd0b4cb4eeed821a2f55d781d018da6102569512,llnl_mgmol
1453,dd33cce115c28f4d20660d2eeaf6417bbffb40eb,llnl_mgmol
1454,dd730df0f77309b02c11a0ebfbd885740b801134,llnl_mgmol
1455,dd76f893141030eec02e0c2a02c0c99fb1e6cddb,llnl_mgmol
1456,dd8c364080867f2c199612a63c30a7cc3ec167cb,llnl_mgmol
1457,ddd5261f1157fed3c91b456bf368c3bd4d2339c5,llnl_mgmol
1458,de1be3b23a3d5ac0f8e19bb64bc71f8b5c48ef3e,llnl_mgmol
1459,de20173d53754cb3d633041c821a49db888ef4e4,llnl_mgmol
1460,de21e8f3ed0075394718ad4ba7397bb083eee9d4,llnl_mgmol
1461,de3decee21bac8c2332ba3826a00e62fe42f343c,llnl_mgmol
1462,de6eb6baa56577fb73217d175ac1d7c6df6c3f5e,llnl_mgmol
1463,de75383255d6a00a4ee4fbe848604c48c41c7ce4,llnl_mgmol
1464,def7b15f87650a0ea74eafea4e46118468cc6846,llnl_mgmol
1465,df0a13f55c4d4429f4a1a7b3356db17c6e12bf34,llnl_mgmol
1466,df3e8493193afbdefdf8c7b4e2c8fd367fdd2f84,llnl_mgmol
1467,df501e58329e541178d9546890a0fed3e35a4dac,llnl_mgmol
1468,df7e68fc14fafb976b07aebc1670f47b492c4f3e,llnl_mgmol
1469,df9b54c53231632d5423b6f7001f302787cfa074,llnl_mgmol
1470,dfbfc641372a4af8fd35f8feed01123a8ebdb9c6,llnl_mgmol
1471,e04420c6ef4bcdc546bd834af42da03a2044fe83,llnl_mgmol
1472,e080559dbfa0635068a052435c47ae4dc8b50ea4,llnl_mgmol
1473,e094fe03221e7b11a89495ea1a361457ad461739,llnl_mgmol
1474,e0a7e22a74521d20708ce7491db9e7b584f1088f,llnl_mgmol
1475,e0ad1a9604ccce6baaa57b4b5d6a34c1986f4d15,llnl_mgmol
1476,e0b370cdb16bc7e293178d1cfd73eb695b05698d,llnl_mgmol
1477,e0b7729c3e423e348b6406a34b211d51787a0e3f,llnl_mgmol
1478,e0e0418e2ced13d42ebb2ac34827400de648bdb2,llnl_mgmol
1479,e0ec52b53ec0e9cce8e1eb9c8f73f11d53818ed3,llnl_mgmol
1480,e102e8d5bb20ecea02ede31ac822b04cebeac4ae,llnl_mgmol
1481,e1343be3dc6c3cf22af118adb692ef184491edea,llnl_mgmol
1482,e174812c2b7a66389a8a3a32c02415a11d9546be,llnl_mgmol
1483,e19a8709b2eeadf87702d04aa3bad6bc55b8b656,llnl_mgmol
1484,e1f3d0ccecadb7ad910a714d1d88a1f2a3de0a89,llnl_mgmol
1485,e1fed75961e69827491b96008d883da670d458bb,llnl_mgmol
1486,e201a47ab8792da1927359058326d5f868734e13,llnl_mgmol
1487,e2538aff995c191db959101bb5fb3d9f00168ea6,llnl_mgmol
1488,e2656f8c51c326761ef1deacb537a7ed6f04541c,llnl_mgmol
1489,e26b631793bb7175fc03f52957daa1fef625bcf0,llnl_mgmol
1490,e2a0acee391b8afcd6e2c1f2da9999a7d273d71a,llnl_mgmol
1491,e333d5468a77c85e2eb8e1fa8dd778bef1d8deb3,llnl_mgmol
1492,e353cffb1cdf01be5062f433d9322b8fd6b54f8f,llnl_mgmol
1493,e37983b9a11a5ffca035254f0348fcbc246a5a75,llnl_mgmol
1494,e3f1af0bf3e6d24226507c10c44e603da57b018d,llnl_mgmol
1495,e411ee9fc1b687451eb1df17ec370c3fd42c9d74,llnl_mgmol
1496,e41a759fc5f832e6d0e50fc3b7ddaea8193b361b,llnl_mgmol
1497,e428bbacf01991e7b4bfc543f327ab45a1266a11,llnl_mgmol
1498,e430a4e4d910bd672e2862afe9950962541c33f4,llnl_mgmol
1499,e43a0dad8dcd70c06ef535d0e23a4a6a1d57aaae,llnl_mgmol
1500,e4809272ce38eca60e59bcc70b28d67fafe427eb,llnl_mgmol
1501,e4832e24fe19d4b8f5e7b0f35e0c60d466885b37,llnl_mgmol
1502,e492204e4912eaad4d4894c86f67d002d20af81b,llnl_mgmol
1503,e4abbf349b4c47ced34e3e69812eddf33f2de075,llnl_mgmol
1504,e4b1aca731f307f430350a8a07ba132ae04a97da,llnl_mgmol
1505,e4b399e1e19c6d4ccef89ad849e01e7fc9bdd88f,llnl_mgmol
1506,e4c102bb7b4777aac3b18bc728daa4e36a07ac21,llnl_mgmol
1507,e4cbde3d12a13e64fce492b993a4ab29cd040c2a,llnl_mgmol
1508,e4f71a601059dfb44dacbe1f5f4ff2bb25a4b85a,llnl_mgmol
1509,e52caf0bd1a569bb6fa87e9a54a9c7188945b53f,llnl_mgmol
1510,e52d01749e762cb285b10901ec14558e63487886,llnl_mgmol
1511,e53f23270b382c5620ee7f0938ec1dab8bfa1a32,llnl_mgmol
1512,e541d85779663a6c1c6ed710d33b84ef27db6f44,llnl_mgmol
1513,e58a51f715358ed57d4bbdab4877693de60b0c1a,llnl_mgmol
1514,e5dc5cfb43e6aca9337d8d9f2ea0dfa3847e6d96,llnl_mgmol
1515,e5e41e173a62dfd5b61008ddfb953648b0b673c4,llnl_mgmol
1516,e61652c9d6d2f7febdf094c43c6fd02594efaa5d,llnl_mgmol
1517,e61ef31f5d49d96103ded6ecd5c85bdb159d64e6,llnl_mgmol
1518,e648d16d923fa6c35303986cb8c94729a6fe7798,llnl_mgmol
1519,e652a02e41c87a68673106086f8533e95f9f7c98,llnl_mgmol
1520,e652c3c9ee859f32cda48c8dc864337eb3e5fcff,llnl_mgmol
1521,e6664c1c64a7c32ef616913b4f6fb75fd744a53e,llnl_mgmol
1522,e69895b8bf1d7c2253d74e9f451b86881e614975,llnl_mgmol
1523,e699f4d3340189d57c6891576216bdafbff0bc12,llnl_mgmol
1524,e6d30766471ed912b8062b35a58854eac998ca16,llnl_mgmol
1525,e729756b7542b61eb634180ad2d370d7b6fa6764,llnl_mgmol
1526,e7b6b8c56760384e7d9dedbf73fe7b8f4420c769,llnl_mgmol
1527,e7db9436b97fb7dbeb9e596a498ec18d782129b2,llnl_mgmol
1528,e7dde9cecd22ad910a4e7c5f1f7a43f160796acf,llnl_mgmol
1529,e80193b2095ded2daef4c821961653f3df5dc574,llnl_mgmol
1530,e85f574922fd364cf7c291899263a3ba7ed3e6c1,llnl_mgmol
1531,e879b3003a08baae8fff5599de83b431effec0f1,llnl_mgmol
1532,e8c17c33c2a493d8a7682ede9ab883a54e876e11,llnl_mgmol
1533,e8d91364c10b45a45fd72c139b8ea313a70427b3,llnl_mgmol
1534,e8f8dd70485b85a10e2c18c4076376e648067253,llnl_mgmol
1535,e90462c02452fc820ffb25b3e74f7546284e45f6,llnl_mgmol
1536,e90e9e3306a1d654504e21e23c67d93842f0f652,llnl_mgmol
1537,e91909fd63919145ce2ca75a7dfd6a3ef9ee83ef,llnl_mgmol
1538,e971183fdde8ce802d9af59b18a91ed98a2e76d7,llnl_mgmol
1539,e9777a64f8875a21dd929f05d3e5cecfabf85bde,llnl_mgmol
1540,e991e3fe1013afbb84ef7233f8a8912d46065538,llnl_mgmol
1541,e9c3807c4294486f1b7211b7eb88e3f9a9b54540,llnl_mgmol
1542,ea0be71fa9435bc2c666d18f2542bff23cf013e8,llnl_mgmol
1543,ea1319dffddb9cb2946a5c0c9cd02447810e1abc,llnl_mgmol
1544,ea3082c51783752b6d99ec85312502813c292989,llnl_mgmol
1545,ea352b54b4f88bf9c42c91c31390dfd9e31c70dd,llnl_mgmol
1546,ea73837fc8e84f06a6931266ca3f56d5d9f58765,llnl_mgmol
1547,ea759449f91ed219aa7f6ce337528f0ac769aa03,llnl_mgmol
1548,ea7750ed97ae57f7969e9c397f539b1ed976020e,llnl_mgmol
1549,eaa93ea3e760a70fd00b35741d0df7efe4c3f49c,llnl_mgmol
1550,eaba2ad121a13b53b743829fd21beab968e96902,llnl_mgmol
1551,eac10ac3c4604760ef2361779932e3c08c463872,llnl_mgmol
1552,eaedc459f1c85957d81da2044b09bf98dbead4a2,llnl_mgmol
1553,eb0c76fbf800d48dcc8b9fc14626068f3629259d,llnl_mgmol
1554,eb1710a40cd465b05b1287af834ac5bfc4db2600,llnl_mgmol
1555,eb46bc26d29419dd0a1e8ef8a77f4d1722c9bece,llnl_mgmol
1556,eb539633b79a4db3386559408188469fb42163ca,llnl_mgmol
1557,eb6c997de40565a358019ae052eaa1c3a096c722,llnl_mgmol
1558,eb952654892f2606f369053c377e367f7b201822,llnl_mgmol
1559,eba467702553201620fdd270f09dfc14b18f0474,llnl_mgmol
1560,ec0cb30d91ad4b51c80aeed88d4228c25fde6b04,llnl_mgmol
1561,ec1f06efa46b080040e9c9041c11f6b982dee1a0,llnl_mgmol
1562,ec39e67797d36ded6eb1295ec43e9d379d179ff1,llnl_mgmol
1563,ec7e3fcc3b34a8ba6abd9cfd816ee7fea66392ef,llnl_mgmol
1564,ec7ea9ea2f3b647728aa01832e38effbfe10ba06,llnl_mgmol
1565,ecc1922c37366bf733c5937c2e89b65f8afcc0c5,llnl_mgmol
1566,ecf9e9811a53dc2be385b6d4a1cccc431de35523,llnl_mgmol
1567,ed1216d4724c37100d46be869296046a6907af43,llnl_mgmol
1568,ed150381fec9331b16d4f18fbfc853269225dc09,llnl_mgmol
1569,ed6c0bf84a83ebaeefffbfa434bb04e0f377349c,llnl_mgmol
1570,ed6e8b8a8c981900966a60d47606110c4c953ca9,llnl_mgmol
1571,ed70655fdcbfce9a31d8f12f77989ee6c3c4025b,llnl_mgmol
1572,ed7dd96e00b1c742d4ed0e65688351ed24e8bf86,llnl_mgmol
1573,ed93b31b27f07a070174870b7b223e915cd90ad0,llnl_mgmol
1574,edb50dbeecf6be9793b59f4203cd407ed035bd23,llnl_mgmol
1575,edf0236b11459ca9692c4b750cc0b71d50b6a61b,llnl_mgmol
1576,ee3a03d6df72f0ee2b41844df3ec1d0767d54f5b,llnl_mgmol
1577,ee4de2398ced57d82def9bddce4189c7ece98e6e,llnl_mgmol
1578,ee5c9a3286397349f140a7b2b5664efa61773fd3,llnl_mgmol
1579,ee7736cf387469d80b5e04f8b0152fbade8f0b00,llnl_mgmol
1580,ee7fc783e90444850da260e7188bae811a68a4ea,llnl_mgmol
1581,ee8144c40f3d730de785344c38b3153e126f4374,llnl_mgmol
1582,ee976ee2bff05522b620a32ecd3a097697a29240,llnl_mgmol
1583,ef2fab63e72ac2b0d95722d0b87bf23765022b84,llnl_mgmol
1584,ef81d16846b1bce65812fb3575e61f4eb49f0566,llnl_mgmol
1585,ef8f6a58a4ace92f7ca52728e07899bfcdf5760b,llnl_mgmol
1586,efae4438da72e4a70e93572302a0e335089a1f24,llnl_mgmol
1587,efd3dfbaf4a719e0e00893471789e93e18b5bbdf,llnl_mgmol
1588,eff6bd1a3d5f648cf7977dc78f61d03252cf542c,llnl_mgmol
1589,f0319f55732e4364ec0358e2f9cbb6a945f647dc,llnl_mgmol
1590,f04a0ee3c19b46d91e4868faff298a066eaa6cf6,llnl_mgmol
1591,f059e2c2e092960799603adf21d3ef47193aaa43,llnl_mgmol
1592,f060be751aea4a82f5d569456083171a643157c1,llnl_mgmol
1593,f08ffda0847e5d7a503f7b0968fa9d4b23cf07cf,llnl_mgmol
1594,f09ad0ef00e08efba3ad2c2b2043fc6de15cd728,llnl_mgmol
1595,f09c406d574e246ca684c9e1e2b7ed4736c2ffb7,llnl_mgmol
1596,f0b19a78378dfe2222370dd376fd0529303024cd,llnl_mgmol
1597,f0b6e6240b5c0e25600f1ab756a99ddde9ea5705,llnl_mgmol
1598,f0e2d22399133c07ffba1895edd9dccbd34c05f2,llnl_mgmol
1599,f0eaa2a6e81790e331184fa8215f36358ee26f68,llnl_mgmol
1600,f0f0ba0be34c61c4434e3839d310b7fb350fea22,llnl_mgmol
1601,f0f886a90e8a03e5c5beb5a7a05e14f7ba748cfd,llnl_mgmol
1602,f114c284b7b7d31a2b3a37252460e47ad13f83d0,llnl_mgmol
1603,f11a40aedc484453d2ad630f3dd8dbe3da9ec967,llnl_mgmol
1604,f11d25eaee2eba8239ee621822be032392192727,llnl_mgmol
1605,f13236f18decd2e7eb62d2a20f93bca86e0e0de3,llnl_mgmol
1606,f13d4261b07dc62a9d5a0946c63eeaa827a0a83a,llnl_mgmol
1607,f1802c9be4761fdd3dd84609d08ffc20e498bab9,llnl_mgmol
1608,f198397436eb7b4b3bd7e6a72d0fd5f47348623c,llnl_mgmol
1609,f1d42a312a1cde1f69bd766c1fe4c11c79d1d511,llnl_mgmol
1610,f1f97cf8cf38a9215192a41c078b2edfddb98226,llnl_mgmol
1611,f21e52509b48aceaecc751624c832a2e1ee1cc7d,llnl_mgmol
1612,f227544564fd91eaecc02a2d963052daf96866db,llnl_mgmol
1613,f2581aaad478126d0a3f5dd2ae8c97289989e065,llnl_mgmol
1614,f2616a8228a14351134fd0d2bd5c08cc2cd914c4,llnl_mgmol
1615,f27be719fa7c94a851ac1eeda83319b22191d203,llnl_mgmol
1616,f294d3c262801ff173e198113533413b5fa0e225,llnl_mgmol
1617,f298d43b5adbf4fcb88b5280af5e289180815034,llnl_mgmol
1618,f2acc8a0a957267b352f2186bb39a264bb47b57c,llnl_mgmol
1619,f2c0e7fcb2ed8238750ec83223effdc760690fee,llnl_mgmol
1620,f2c963c346ab4cb7bfdeab3e3b1ac633891a1d29,llnl_mgmol
1621,f2ccd6dbcd7761a9100dc4633049444f5ea70648,llnl_mgmol
1622,f2dbd5f948bd676e7cd0046327f9ff8e07300d0d,llnl_mgmol
1623,f2f1821485b731fd1a6daa04c7f00d010c1de4e8,llnl_mgmol
1624,f2f4fed9bf41c540009156f418c5f2daf3475b64,llnl_mgmol
1625,f33a8d9fb74bb5fa32cad32dbb3cc7d89dc4a917,llnl_mgmol
1626,f35da0d1020de4292dc586ac0d0a441a9f1bb510,llnl_mgmol
1627,f3b6c4d63325cbff55d64b382bec6795bd38ca22,llnl_mgmol
1628,f3bd8b81b33143b06b835e14815e6edb9f7b8f35,llnl_mgmol
1629,f3d6c750aa5cef54511512966cf2d25c50c82823,llnl_mgmol
1630,f3fcac22574c098f4b5e5ee139b8540aba0ffb09,llnl_mgmol
1631,f464bab7350c2aa7391c3f0c0e7157f95f744815,llnl_mgmol
1632,f47ff5aa820c38c99ceb6ef5aac8cd3bb9cc174c,llnl_mgmol
1633,f48d6d48b0a34587069ad5fd1376b518b96c354f,llnl_mgmol
1634,f5b84bb2a7cf15e3fd02525952d908c396a61743,llnl_mgmol
1635,f5eab8d772c1b701b096b28288cdac24f1c6d7a5,llnl_mgmol
1636,f6166d6441cd8a0ae7dd97fce156d035ae7809af,llnl_mgmol
1637,f644fb30aae68144d1e306365fa85aa1052925c0,llnl_mgmol
1638,f65576b9a9c5ba68c299c50d23f9d22a0ca86469,llnl_mgmol
1639,f6cbae904a3c72f6196ce795450afd499e46af08,llnl_mgmol
1640,f6eebf0963f9ab60bba3babbfb8f0485410b21b9,llnl_mgmol
1641,f6fd1218d694f98d243c4d0ce29ae4311b84d067,llnl_mgmol
1642,f715dd9961afa5d2589be19e9423a4885a4f8ac9,llnl_mgmol
1643,f73ba5e293863b6445a32839a9900c4c64982a37,llnl_mgmol
1644,f76ca7716848d836055c02524ca90c53ad76de69,llnl_mgmol
1645,f7a76e6c5197e3fe7478d1ca1ab16282c65d3957,llnl_mgmol
1646,f7af6b1d3b252eb5b2840ac378201dc0e4fb06fe,llnl_mgmol
1647,f7e1f22410e972823848e986a7b448d17717c1ae,llnl_mgmol
1648,f863d958fd989b97df684e2eb7173e5d17a96af5,llnl_mgmol
1649,f86436c2c435e7b84dec848a98d68912fb5c659e,llnl_mgmol
1650,f8753076271d2aea1f76f7ff8d4f1c71dad74f86,llnl_mgmol
1651,f87b33707d5662ec32c3a23076c77d673983712a,llnl_mgmol
1652,f8a2f1be93301def7ade57a658fe10ffdde41d81,llnl_mgmol
1653,f8b230dcd763373d8b2ab702178a83c46d8d7429,llnl_mgmol
1654,f8dae839fe9fe1346dc2856c320c6570cb7bd4fa,llnl_mgmol
1655,f8e83195c0887de4d95d6caffc508d832982198e,llnl_mgmol
1656,f9260b24bcba867a230ce3b3b551e5e0b90b7e84,llnl_mgmol
1657,f9297a2dd80a5821d4ed78e013eb189b426f0ed2,llnl_mgmol
1658,f93c25f6fd96d268621ee7c8e95f6b084d70062b,llnl_mgmol
1659,f943372adf8892452650f20ba40700bf1173eeef,llnl_mgmol
1660,f95d7cc4317a59965317b2aaa0896fdb08a8e70e,llnl_mgmol
1661,f989658650d2b69679075a31b26501dc6c5230b3,llnl_mgmol
1662,f98fefbafbe2be5c35d8b8775db7a4db13c07e1e,llnl_mgmol
1663,f99c32b2da58cecdf9fe290e39c05657a446c352,llnl_mgmol
1664,fa36d2f75db123b5935b6cae8c13b1ed6e2ad7d0,llnl_mgmol
1665,fa66c21ecb1c445ac3ceae3fded6bcb128e058f9,llnl_mgmol
1666,fa7c6a5f758c8dffa830fc4eb4cdf0a52f0a1d7b,llnl_mgmol
1667,fad06a7bf28b6f83f0b07f6d1e2fc5350c60b5ba,llnl_mgmol
1668,fad9b04bf8e63bf6f3afbf2b328f88a38905675e,llnl_mgmol
1669,faf4e562bd6d317c3d3e90a8cfb62e77d5c613dc,llnl_mgmol
1670,fb2c72d71602085f683788a4ce38eadaa43d3354,llnl_mgmol
1671,fba0173b8b959bc7a473b02177ffebfc34055f0b,llnl_mgmol
1672,fbe2d896c283f9f070a8a6adccf8e38e010bf112,llnl_mgmol
1673,fc11ca046baafe2c86af95f7a4db9304a2ca8217,llnl_mgmol
1674,fc4b94ec673f827e85821cde01a2b3ebc6a441d1,llnl_mgmol
1675,fc511501d8fbb89eddb93e9963135aa7f3814c9f,llnl_mgmol
1676,fc91b00392fbaca44004f7eb520e2e7ac4deb08e,llnl_mgmol
1677,fc9ce66e97dd091c510a1fe71a18c5d5338f2daa,llnl_mgmol
1678,fcc81cd722a275c5430b9ccdaf8da6b743c31970,llnl_mgmol
1679,fcda43c123073975209f2a65d19b0bb7965883cf,llnl_mgmol
1680,fd53e901d0432c64d078568308d18080341e7b36,llnl_mgmol
1681,fdb96402c06f553cdd1b826256aad1fb0608ff92,llnl_mgmol
1682,fe2fc04d1d61ff853e73a7d60ffdcb3e99e00e76,llnl_mgmol
1683,fe71fda54b230faca0d7fb74e7ab35efb24712cf,llnl_mgmol
1684,febe80717191680a47cd5496f5e7f3f00d8dd6db,llnl_mgmol
1685,fef612f5042bd23c67875840079b1c6bac31b8b8,llnl_mgmol
1686,ff172b9f1b0dcfa6ff57f86da6938f3447fdf31e,llnl_mgmol
1687,ff1ab81c50592faac76c5b88e2b198bd02d32ee5,llnl_mgmol
1688,ff2a65985588d894f807a7561e16b5e1efaa6c60,llnl_mgmol
1689,ff8be150df7a9da987df07439f1deae759476ec0,llnl_mgmol
1690,ffa39009c63ab21f3230569cc9337392b9922bcd,llnl_mgmol
1691,ffac84dcb66037255fb7c8cf780c818df92d9e31,llnl_mgmol
1692,ffc087cd7396ed0b9247a864cfe3df44794f5ac7,llnl_mgmol
1693,ffd2a8bf7ddc0199ea40ec57c330149f76cac361,llnl_mgmol
0,00d5a201d633caabdf2452978175dad43317084a,scifio_scifio-imageio
1,018d505bead78dc34dd69ed1c85153235e3b239c,scifio_scifio-imageio
2,025c5f4b75cd999ff7e99a1941bec464f5076415,scifio_scifio-imageio
3,0295aa7531fe5fe1f0bdfcec432fb2cee9dfb87f,scifio_scifio-imageio
4,0395fe3bd56cb8e67fec3a47f664c750bac234f1,scifio_scifio-imageio
5,040bdeaf602c9beacdc8baf0cf7d1afc2c913fc7,scifio_scifio-imageio
6,043b18d35af7c44a11b578c81668e2cebef80129,scifio_scifio-imageio
7,04d48af48992e2b0b66330d84095e44a4c2682a2,scifio_scifio-imageio
8,0563ee24dcb972711bc0fc5cceb1c549825c2f3e,scifio_scifio-imageio
9,05a7271d4606f9e350cb1cfaab66cf0ee072d54e,scifio_scifio-imageio
10,05afb58d78c02bda5f39821079b38eb6878036bb,scifio_scifio-imageio
11,05c3a625bd764a49cd2f77c07fcf242f3bf880fe,scifio_scifio-imageio
12,05f7369629e08042178d4bef4ad60b950c20e4b6,scifio_scifio-imageio
13,069fe7a394ebd2aab429b1cb0b537fa162d22562,scifio_scifio-imageio
14,06b7471622dda4b81b093cd82a24c6ff63f3497d,scifio_scifio-imageio
15,07c646a51add5319325165eb2007acb5e3172ac4,scifio_scifio-imageio
16,08181e693478ccb3f3ec8d5f1789d6baed5f1dec,scifio_scifio-imageio
17,09f8694ee9fee74367851d7e7e9eb537dc59ac5e,scifio_scifio-imageio
18,0a57768f10ebebba0b50d55c046394908ca4f6b9,scifio_scifio-imageio
19,0af019131839807d963c41641df86702b091816a,scifio_scifio-imageio
20,0c563353ea9c89f6024fe54ca7a3b8f254d36895,scifio_scifio-imageio
21,0f5c6dbe5549de46c27462feabaec265bb642711,scifio_scifio-imageio
22,0fb9a513a0404fc6419310259b078e24a1d35e91,scifio_scifio-imageio
23,0fbee69cf613b4e49ef5bf3d8fbc9d6eec31409b,scifio_scifio-imageio
24,1054ece893ee072bdb8124c45ce207de00af280f,scifio_scifio-imageio
25,105e78d1b44e48211d07565b81489955e007f0f4,scifio_scifio-imageio
26,1069996bd0dcc6f15a5864a0d61ccba17bb4fa66,scifio_scifio-imageio
27,10d18f239b08285a1d90a60853d49feb0b04b018,scifio_scifio-imageio
28,1276a3d4628ac82a84638f60dd151cb70a890703,scifio_scifio-imageio
29,142c0b430411c5a33a1e1c383db69a946435a211,scifio_scifio-imageio
30,142d7cb0e78f0077e71a482aaa497ff80031904e,scifio_scifio-imageio
31,147b341e36be2e4f3661271df9f11fdae84023d9,scifio_scifio-imageio
32,149b7f1f3863fa9973021f5017ac373470b86c2e,scifio_scifio-imageio
33,15849e80fd3534491a73d3f627b48227dc1d6399,scifio_scifio-imageio
34,190e31275954f4b07756928e9fedf6b0ad181c93,scifio_scifio-imageio
35,19b51d0fd775c9acca6d3fbfae3bc8e54d819717,scifio_scifio-imageio
36,19f2ca398d9565aef99ed739c14c7de1e3daacfa,scifio_scifio-imageio
37,1d8a2386921982962e58f1043b737aefa3bdb1e4,scifio_scifio-imageio
38,1d9ad975a4e5d8320658c8a8f9ea8467913876d4,scifio_scifio-imageio
39,1e341286e6d23d10b9907dc25963f11256afdcd0,scifio_scifio-imageio
40,1ea10857a1db26b0ecebba15724dd0103b79a8fe,scifio_scifio-imageio
41,1f89ab168e6e589b8cdde0140c4727e18a963b67,scifio_scifio-imageio
42,20b6615ad165c36a5e7baace8214308929c52435,scifio_scifio-imageio
43,214a78b8f9c4406a5510d2719f9bb9a2c96b57ee,scifio_scifio-imageio
44,21f82ce08699d999d943857d534418535fd1d09c,scifio_scifio-imageio
45,224793664d7135d5850f63f1b46f25507f086d72,scifio_scifio-imageio
46,22d162a9670d0fe355892c41394ba8feb970fd1d,scifio_scifio-imageio
47,22d3cd63a0331df3eb8744e808e8ae62025646c8,scifio_scifio-imageio
48,233880a49125afdd980bb8d7ca511cb08aab8dd8,scifio_scifio-imageio
49,247241f9b34b3c36e615d7a51cd2432294b33927,scifio_scifio-imageio
50,2489dbf3c3223fbccf1e89afb1b599b6a34e040a,scifio_scifio-imageio
51,250dbde3d2aecfc5c8ca54428b759cf0af309aa7,scifio_scifio-imageio
52,256afa2ffd7d71e5cb607a0f6b4b82d115681990,scifio_scifio-imageio
53,2653903b37b4158a0c1fe6fca7f97594b277ec64,scifio_scifio-imageio
54,2744aaf9449d5b5d20aa65668bbce2c3d408b3f7,scifio_scifio-imageio
55,28410cf19974fe12d02b46f6645ffdf175988acd,scifio_scifio-imageio
56,28ad3978d13792858ba6516ffe95031fdfbce840,scifio_scifio-imageio
57,299358464280d729052a33eccd887456335b44ab,scifio_scifio-imageio
58,29a6ac4b7a8a82c8ec64ffe3baa670ebc5e31b83,scifio_scifio-imageio
59,2a060e9dbfc7a5422b842f1eb5f9e223ea09571e,scifio_scifio-imageio
60,2a4c7c50216144265b8fc0510125f3dc7fe17acd,scifio_scifio-imageio
61,2bfad72cae6d7038f7302c59ea46fcb1a0e230f8,scifio_scifio-imageio
62,2c35556b0f2a78a9221ca6621adc836361c5c7c2,scifio_scifio-imageio
63,2d118534a7817f0a3878fbda2aebffe0065d011b,scifio_scifio-imageio
64,2e52456ac07e2c912e4407c64d21514f2c1547c4,scifio_scifio-imageio
65,2ee5129614bd5da729ff9412197167a4ab07cb80,scifio_scifio-imageio
66,304760f99f8095ebe506e317e96c5ce8c3a1ab27,scifio_scifio-imageio
67,30c6f8c61b500e68c165608f4c62d555ab0eb8f3,scifio_scifio-imageio
68,30f5109f3b3cc85d1d25b79a8c40777b4bd3bf10,scifio_scifio-imageio
69,31e9bdf99feb1bb737a1c8d3954058084756dbec,scifio_scifio-imageio
70,35821a5edc6178b7ed64e3d33d8df658da767a66,scifio_scifio-imageio
71,36b2924a06bc8d559d28af6a9e023bdd26bfa24e,scifio_scifio-imageio
72,380fcb84cb42fa08d6987e387dd92edeb028bd95,scifio_scifio-imageio
73,38b64b347b32a1a35c1923810d505dc55837d486,scifio_scifio-imageio
74,3a7a190f62accc829d977848a2b9327511c838e7,scifio_scifio-imageio
75,3b5a670e01b3ef021f4e0f52b0b97f1c0b0b983f,scifio_scifio-imageio
76,3c013ccba27a4e378fa1c0ee1ba5c151d0667f7a,scifio_scifio-imageio
77,3d870848ab41e5aeee41dc7155a92bec59ff62ed,scifio_scifio-imageio
78,3e3c2a039bda5b57c4c99f312d300b4a87d26350,scifio_scifio-imageio
79,3e76055918e70c8e97730d1e321ec59f15007f4c,scifio_scifio-imageio
80,3f9977402b4e677da9fea6ff4a1613ebc644ab95,scifio_scifio-imageio
81,416edbf7211cf778ef6955dbe103cf5aaca8b920,scifio_scifio-imageio
82,41de4ce10412d44eda9ab28a53d4e4178be2bdd6,scifio_scifio-imageio
83,41fa3986ad5bc02bf8f30b18e0989717bb6dc22a,scifio_scifio-imageio
84,42b30ee7d50ef6c91e0d3153f400b62bc114b2f7,scifio_scifio-imageio
85,4391143cbf7696dad5c8a15d52dbc46daafe7aaa,scifio_scifio-imageio
86,4720a14832c540249582f9969f24f455c8ba0622,scifio_scifio-imageio
87,475ca4bc651c628e51b37c1e68da1c041dbcce47,scifio_scifio-imageio
88,4785d12df81cc3be6d1f0c3adc77bfceb850fec5,scifio_scifio-imageio
89,48f72ed9781f0a8dc8e535e3bab704d39147f4c8,scifio_scifio-imageio
90,4ad160899871024ad16d730bf4ec4aa3c98b4002,scifio_scifio-imageio
91,4bce7004764f4286d799858bd1818098f047ac0f,scifio_scifio-imageio
92,4cba6523975932b60ee8c9134c938c009912d223,scifio_scifio-imageio
93,4e1bd5340f2aa5cc12234207264cb5440c1d7ca7,scifio_scifio-imageio
94,5081a00976cd67c782715a6df2bd4db1071eac3c,scifio_scifio-imageio
95,50c0e6726bc35586c8626ea4621338570c381e16,scifio_scifio-imageio
96,51360f7a7a753fe5e28960003123e0bd34b2f8c2,scifio_scifio-imageio
97,5199ae5c9aeb52741a431a11326ff39a3646274b,scifio_scifio-imageio
98,52a19d0d0f752f0f2995c98cac94be08890b957c,scifio_scifio-imageio
99,52c4f224299d1fcffec69c9cac4003e81ab0158e,scifio_scifio-imageio
100,549c7176c3faa65c6fd1bcd66cf7c6f9298a3208,scifio_scifio-imageio
101,55d3a6adf46bfffd24dbdaf47c5e841aff950998,scifio_scifio-imageio
102,564b06e6fd07d0f0d078b4401d726f9ca8ae84f5,scifio_scifio-imageio
103,5758965be8de0d0891f42cf82bc9fdc7fff81572,scifio_scifio-imageio
104,59798e3d80de26dae3fcf14a579f85c8e766061a,scifio_scifio-imageio
105,5baa6b28a5b56a9862fbb6aaac75ffd533852677,scifio_scifio-imageio
106,5cfe1c28b1a04bb334c9c95ffd0bd1ee8bcfd563,scifio_scifio-imageio
107,5d6ae579583b1d9af6e732db9cd27aad0d8d8bfa,scifio_scifio-imageio
108,5dec7366d3d5029592f181819e9879efaa3a01db,scifio_scifio-imageio
109,5e69ebc55137d21a06d1c461c42df62384906dad,scifio_scifio-imageio
110,5ea114902b8da5de6ccde139237b6e39409b7730,scifio_scifio-imageio
111,5f2ddcc63dedcfb1d157fa725095d2418bed3181,scifio_scifio-imageio
112,60444f02f228653209a470f686ead9f086fd2707,scifio_scifio-imageio
113,608623ebe36c1b3304381c6cc9e2124c5fcb036f,scifio_scifio-imageio
114,6138d0396bb5a821094d5ea616a6cac041f72c7c,scifio_scifio-imageio
115,61f52c5fbf199fda67d0ecbbe8578499e8a1e1d1,scifio_scifio-imageio
116,621b1e170895f9c95b333b99fa9fd08c9ad2a0e6,scifio_scifio-imageio
117,62e59b429c8907b929987d282cd4dd06d69cee41,scifio_scifio-imageio
118,62f5748fd223b4ed9c47a54bc8cf76f14af13439,scifio_scifio-imageio
119,6452d6e06d437225778e71f9b303bfca426455ab,scifio_scifio-imageio
120,651d653b5252196f5ebd9e518d9e298736ac7860,scifio_scifio-imageio
121,666f39984324c5edd0a0e882b54c374629ef6797,scifio_scifio-imageio
122,669e30248d534bc81e8fa03d309d3c947f3be067,scifio_scifio-imageio
123,67a4a9e9f4750084a73daef676ad497263e7e79a,scifio_scifio-imageio
124,67be5138c10769e2d9b09e96e2656ccf1d8c7a79,scifio_scifio-imageio
125,6a693ad5ee0b4057a0554072ad596583afcd62d1,scifio_scifio-imageio
126,6b4da7a056f89799c9a70e267524ba6a7c9dde6b,scifio_scifio-imageio
127,6c5851f060cc266cae07e4e385e6d4794fa23e97,scifio_scifio-imageio
128,6c5d3c968d60521e7b5e22992728ca613f8da1f9,scifio_scifio-imageio
129,6c7de7a9673c1b4faf5834c2d11d28c355334c63,scifio_scifio-imageio
130,6ce7630ea6bb4ef7588b12a3da4b9c53570f6c84,scifio_scifio-imageio
131,6e7806705a41bd6198cd474098c6861d795dc520,scifio_scifio-imageio
132,6f93ec48efb668618dd842bb6076430819eb6da1,scifio_scifio-imageio
133,709db3d8de1296ea1b129f617bf632840e99976b,scifio_scifio-imageio
134,70ca95f29947cc3c52014e6cbe121d327eed9c1d,scifio_scifio-imageio
135,71a295f5dc5a8ab9f5c2529ce746955a70bba18a,scifio_scifio-imageio
136,71a701054bdb6e19fb21d7195e5878fc01179be4,scifio_scifio-imageio
137,71b56a46e199e78e23414816b3da7c764fdea8f6,scifio_scifio-imageio
138,7230f05517e728602562064126b62b6ae781e4d6,scifio_scifio-imageio
139,747de0689074838f6098d6ee590dddc9ba37fe29,scifio_scifio-imageio
140,74db3142f78cb71ec2fe83a13080d020bc8446c1,scifio_scifio-imageio
141,74e2ed31fb301502e4c94d845e0ed5ccbe76209e,scifio_scifio-imageio
142,75f376e584bb46a70029e0be4a2f5cd59cff8614,scifio_scifio-imageio
143,76cc674b89ded113cedbcc8fc53e22621dac24e8,scifio_scifio-imageio
144,76e1d922d3128e3ac351348f8af83a05b7e3db3e,scifio_scifio-imageio
145,7785fba688cbd1f5c5d61402cb506d4dce230206,scifio_scifio-imageio
146,78107da85538fec51eec0da3f309873477f8f695,scifio_scifio-imageio
147,784ea365bc3c1c64439a4f54463f3940aa1c95f4,scifio_scifio-imageio
148,789c08071bbcd4341eba76fda10582a8d5fb7626,scifio_scifio-imageio
149,79092d7930ad15e6b39a1a64ffcb8aef72ffac5e,scifio_scifio-imageio
150,7925856ecffb9906b78159f02d1c4da0d5af4796,scifio_scifio-imageio
151,7a2f3b7d0a62190f4f2bee5a1502f3e7f0c47c03,scifio_scifio-imageio
152,7a67881eb3abfc8625dd54a9189dcbf38b18a2d2,scifio_scifio-imageio
153,7c14ccf6b1679a242d6ddf8f04de70813438a7d0,scifio_scifio-imageio
154,7c36af2467af53b9e22860ebe0231b9e467780d7,scifio_scifio-imageio
155,7d9c09c00678beb50ac739e585fb520160c38fdd,scifio_scifio-imageio
156,7e4c136bc81f9f9b0b6404936259456101023274,scifio_scifio-imageio
157,7f4355bc5301c9eeaef03fd07b0d1fab10fa9354,scifio_scifio-imageio
158,801cdfb29d9129767ad46150815f9b597b532294,scifio_scifio-imageio
159,807022b1f87b4c6bd0e4fcf53fb82f8016c4b20f,scifio_scifio-imageio
160,816ddfb23104193edae1bb49a9cf066485600a85,scifio_scifio-imageio
161,8177fd4b8328b066e6654af2756863873c86123d,scifio_scifio-imageio
162,817b0bffb76f99a03afc53893656f161ac069e8d,scifio_scifio-imageio
163,81ba10db4c382d62fff55eb3eaf30a671055a9e8,scifio_scifio-imageio
164,82d2292acc822d6e4c803cac7f5a43674d51a74d,scifio_scifio-imageio
165,83de482dafd702a17c5bd03132112f0b76769a53,scifio_scifio-imageio
166,850ef484464844c010e08fa822149439dc79687a,scifio_scifio-imageio
167,8533deebf417f1ef720f3b0e5d8e7c128b99889b,scifio_scifio-imageio
168,853c9e8beb48d6b62f6cffa2bb010f59b7240fcc,scifio_scifio-imageio
169,863e27ccac285b0897be02485eb7e3e0c7b98841,scifio_scifio-imageio
170,875b74d71051b44ea0c05cc11d6c8706465476dc,scifio_scifio-imageio
171,8811bce697efe0f3012b1f569e8603990cab1209,scifio_scifio-imageio
172,888963f944726803deae612553f2101ebf2cc82d,scifio_scifio-imageio
173,88a4d9f3db9c129d31cf9bd1eb9cc8b6c9ac1655,scifio_scifio-imageio
174,895bd1054337ae6116313813ea7e27ca8bb491a0,scifio_scifio-imageio
175,8a30da1dc3b4e3ec6ac82f2e0c75c046336ece1c,scifio_scifio-imageio
176,8b53452f7471c84c2579d8eb6dfce196ab281b66,scifio_scifio-imageio
177,8bbb3b8d596ccf726004cdc97d29b6a7d9dfccea,scifio_scifio-imageio
178,8bd6a73e9654626a084ab5f19b5b9d8e9a55c89c,scifio_scifio-imageio
179,8c29d3960b456704ed344f00afb6492a7d17097e,scifio_scifio-imageio
180,8f57470b5c65ff9dd3ae4ff901f894c96e51ce9f,scifio_scifio-imageio
181,8f7170eb2bf9501115008500ae081ebdec317efa,scifio_scifio-imageio
182,911983a668c0d56810275df8c05cf61a6314fbda,scifio_scifio-imageio
183,917e9dff17c9ff07e49b541131e73332c2ab3c70,scifio_scifio-imageio
184,91ee421c153bfc33abd87a2a7e378f57e38285f6,scifio_scifio-imageio
185,92a5d116fa055103e30c1147c416c1116860394b,scifio_scifio-imageio
186,932c9c2276cd299d7e5f7b48b31719679e75fe94,scifio_scifio-imageio
187,9346dbbf30b64645ebd9546fbf82f5438dc88a48,scifio_scifio-imageio
188,9356adc3872f6a133bd3d6f07a2f20308599f767,scifio_scifio-imageio
189,94e5f30aab156fc7f7487e11b7b142b913cd407f,scifio_scifio-imageio
190,9750d13c1b62675f7f368d670f5076fdd5b29d24,scifio_scifio-imageio
191,97d44b7440723d98905c53609a5f5525236c9233,scifio_scifio-imageio
192,98194fa39435cf337e46dd13f664d74941ce91ec,scifio_scifio-imageio
193,983ba41706a32ece6175be41d830704017243b6a,scifio_scifio-imageio
194,98ddc5bc41dd68d25bb824521c9b0bcb5bc96afa,scifio_scifio-imageio
195,999d5e18b051e6364d946c79b21d7fb22e79615b,scifio_scifio-imageio
196,99ccab489f9cd64ef4926cc4a539175e9207ac8d,scifio_scifio-imageio
197,9abcab53a6114a30a5ac640b1e931be676235617,scifio_scifio-imageio
198,9acd232f12b41d47e29480243af951e31109e373,scifio_scifio-imageio
199,9b14f5840b5abfeb3c1f1945a5972d059ffe4215,scifio_scifio-imageio
200,9b8711d6e5bb73b0492514ecd20271181f3d5da4,scifio_scifio-imageio
201,9bea5a201c9244739268055d198a21a20f2e1371,scifio_scifio-imageio
202,9c3a20d172e9030b61978a7a686c0a1b6b42e502,scifio_scifio-imageio
203,9cb93a368e2d431ee5b03e061ed210a07adb98a7,scifio_scifio-imageio
204,9d2a03d4c8bd56bb775105723773882b63641c42,scifio_scifio-imageio
205,9d79bf2d474499a7476928c1ca87408f773860e3,scifio_scifio-imageio
206,9e0ae14530502d6487377bfc5d7e887aedb23181,scifio_scifio-imageio
207,a0c8935ba7ca4f9be98981414ae4854e4691bcb3,scifio_scifio-imageio
208,a481b38f255ea75916f7922083165ecd917fbae0,scifio_scifio-imageio
209,a5a30ce63581f58f444d1a2a24269269f90390b7,scifio_scifio-imageio
210,a6cacbedb8202fbef74d5f2a62f4f94caaf7b66b,scifio_scifio-imageio
211,a6faf77d2903c68c799c68f36d4991b387948982,scifio_scifio-imageio
212,a94b0942952cfcfe853b92a05b5eb8a350917479,scifio_scifio-imageio
213,ab359b9b3a0ab45e0e73129f92b22ed2efbc3992,scifio_scifio-imageio
214,aba1e83db09399435c40b1921565b196b8ba5727,scifio_scifio-imageio
215,ac0060f3d296beab6e1e82886bf0d1c61aaab65e,scifio_scifio-imageio
216,adb0f662fccde8b1f6cb1ba964ca87cf9ec22971,scifio_scifio-imageio
217,adcd994a175ec695b59b9865cc21dc3fde746dc2,scifio_scifio-imageio
218,afdb97e363d28cf60905dfa014c365e288858709,scifio_scifio-imageio
219,b031f461b9d8a8e065c47bf77e98a4df0ac2d568,scifio_scifio-imageio
220,b2194bf6d1ed3df9518b7af55d118279b18bdf83,scifio_scifio-imageio
221,b268c19de72b5196a31400e51b79d5a4b4f087ca,scifio_scifio-imageio
222,b2c7edf735162e4b2c4cb748cf3dee306bebabb8,scifio_scifio-imageio
223,b2d09fc36815a1dd97e1524e6585c2a1c6d906de,scifio_scifio-imageio
224,b3bc4174d7e04394262d88cfcb70005e50751c31,scifio_scifio-imageio
225,b3d3f885790ca3e1ac63c20a1d9881d3a10755d6,scifio_scifio-imageio
226,b42d5ce6fe21afc61dc5207c5669105ef28c2df7,scifio_scifio-imageio
227,b4fe2d2ba4b5f0116a89cf3705e2900b0de926ee,scifio_scifio-imageio
228,b54a227a6311f5ea18fd844fa428a0e1cbc89637,scifio_scifio-imageio
229,b664ab3fcabb1064a63b7f35436756dcc100cdf5,scifio_scifio-imageio
230,b679158358af99c733812bc2db600506c354af61,scifio_scifio-imageio
231,b6af3c20f05598f9041665272b3f4ee51f0ea85c,scifio_scifio-imageio
232,b7026e2dfbb7691e34c3578e4b11b1695fe1e375,scifio_scifio-imageio
233,b855568d961fdb70b3d7a7c4df935a0109dc4c3b,scifio_scifio-imageio
234,b95a988053b3b83e326ad87bd9f4942276d39c3b,scifio_scifio-imageio
235,b98d214dfbab8b452c28c9f2778137b0d979f7b7,scifio_scifio-imageio
236,bacfdc4f14a2d0760ae160cd5dcfd230292d9304,scifio_scifio-imageio
237,bb41a86a58d6d53726cd914f4761c702039bd8bc,scifio_scifio-imageio
238,bbd25ea966caa225e402c25b18e9681d38e42b15,scifio_scifio-imageio
239,bbd3f634121f54d1b0b0b328edaac514c21f3e14,scifio_scifio-imageio
240,bd9a00ea7b02fff893f6ac07e81a9e5600a442cf,scifio_scifio-imageio
241,be0b3ecf40a8aaa817ac3ff25edbe2e5ceb36c6c,scifio_scifio-imageio
242,be3d99d1ccdb7bd7dc28fcc005da4664f8ac396a,scifio_scifio-imageio
243,bf08094064b5781b4e035b92565a935504562b40,scifio_scifio-imageio
244,bfa5d5a8791faeacadee6bd7a21eae56ee2675bf,scifio_scifio-imageio
245,bfccccafd2149ee1a9ad0b04089ba62984f77a06,scifio_scifio-imageio
246,c119a4cdebdcb207f31315163a86943170f0b685,scifio_scifio-imageio
247,c124b2b3354fb7b5644fa48df0bcde70eb78d974,scifio_scifio-imageio
248,c259976d9dd8541240fee9b37a566885ecb12fa2,scifio_scifio-imageio
249,c631969791f8b5b0afcc9d707c47e71f1dc01801,scifio_scifio-imageio
250,c8db9abaf0b92727a8487af3a7151668de6a9239,scifio_scifio-imageio
251,c91d6047050f1928f90defe00fb24d5f4fe43a85,scifio_scifio-imageio
252,c9d49f728479ca1c2f7efeb38987386c570d24b5,scifio_scifio-imageio
253,caab429fd08d4bf739a5f6518dedfc370a998ad3,scifio_scifio-imageio
254,cb11178962a011e46514bd718bfa5991632d6852,scifio_scifio-imageio
255,cb282a634d1e0d31280afbc16393cd9e3c758873,scifio_scifio-imageio
256,cbda47cedf2ff1662b688e47ae3b5732a9320e96,scifio_scifio-imageio
257,cbdc6087b145da56eeb35f564b6275a07ba3d277,scifio_scifio-imageio
258,cc15eccb4da2caeb970e1725cc6c90512cd9e150,scifio_scifio-imageio
259,ccb841fb628a755d00811b3c3290ffb7875027eb,scifio_scifio-imageio
260,cff89f6cc161e031e394667d4460f31d708ca311,scifio_scifio-imageio
261,d096456994e0ac0e0cde7f3356e5fdbfac55c95f,scifio_scifio-imageio
262,d0e1c4d65d57d5dc3b8d0b1790c517064dbdff1f,scifio_scifio-imageio
263,d2054ccbfd5eed65ddb5b7ae77e13b6cf569e6ba,scifio_scifio-imageio
264,d2ade7066a770399acb6824a82e73465837a2469,scifio_scifio-imageio
265,d35c0eac007d308a4fb691ad54b8c3eeecfea159,scifio_scifio-imageio
266,d5f311f66356208a6866909efbfbd7c2324752ab,scifio_scifio-imageio
267,d6669500060306a5b3c253481b1ba6b21745e381,scifio_scifio-imageio
268,d6a23304ddf2821a558c6b71392b75b2e71c8673,scifio_scifio-imageio
269,d6ce39d855d5078589efed93f785c7289769c3c6,scifio_scifio-imageio
270,d80332aa49c9110299ec1b3568676551f4493239,scifio_scifio-imageio
271,da6edd6bcefd8f107a3ed34ed663bfc69b3dc167,scifio_scifio-imageio
272,db26c22d5012ef221a03d61ab5ecb42a5af6dc96,scifio_scifio-imageio
273,db3d95ab3508c6c9738a5c9c1f4414cd368f0448,scifio_scifio-imageio
274,dd13865c928836ad1310c6d6667bbea45fc0eefa,scifio_scifio-imageio
275,dd849de0fca07ab06958b51339dfbb5f3d2f6583,scifio_scifio-imageio
276,dd9a6496313e39b3b389429f0404b5d0e43f6712,scifio_scifio-imageio
277,de320d41107c9a4abf641b9e718d4482efe75e0a,scifio_scifio-imageio
278,de3ce1e5c5c6a50ea99817265602c6733aa500ae,scifio_scifio-imageio
279,dfb81d1a4ea6e933f0e4343d30078b59228ac790,scifio_scifio-imageio
280,e0c8e2e71cf31f14b2f2aa236cee55121fcd0098,scifio_scifio-imageio
281,e192031809edbed84f67674093545d81ff88dc3f,scifio_scifio-imageio
282,e3b5273567fbac09a5e3c33186aa9a986a0c27de,scifio_scifio-imageio
283,e3f2dac0584121cb160ddea207b52319849099c0,scifio_scifio-imageio
284,e45efd375eaaafbb1bdf3d987b8314600afa6cae,scifio_scifio-imageio
285,e4b594014ddc17a3318b4e662d75f4259c3be8d5,scifio_scifio-imageio
286,e542819b6789b0adf864901f6eeedc99515217e7,scifio_scifio-imageio
287,e55d5f5536070648d9163dda2b838329324ffb2f,scifio_scifio-imageio
288,e69e9580dadc7b2fe638a40a5aab57fa9b5ee0fb,scifio_scifio-imageio
289,e764e2b11bbc2a14dfdf0f1da61c6fbae0349a39,scifio_scifio-imageio
290,e865b289331ad81e4e447e2bf68a594ed4afffd0,scifio_scifio-imageio
291,e995cde5308b8fcb3ce3c490233a5c5132ff856c,scifio_scifio-imageio
292,eb391a74e77b161e0f070539237193528c628f7b,scifio_scifio-imageio
293,ebd2fbb226dc8f5167f2d3a18df7d83914dfb5f4,scifio_scifio-imageio
294,ecadb6365ea429fdf93a3729f6af80e761d147a0,scifio_scifio-imageio
295,edb9c341756f03bee68d9b3fbcd5c4b47341ddb9,scifio_scifio-imageio
296,f00330e80d46a41ca421eda0d79ea2a12d05fdb5,scifio_scifio-imageio
297,f02cfe70e75e934cc45bf265c4f587d824d572d3,scifio_scifio-imageio
298,f0741bc69d2031a7fa7682ab5e990a6c126e2b72,scifio_scifio-imageio
299,f1149f07f7cafe84bf5596b48ea391e404044cc6,scifio_scifio-imageio
300,f137f61705ad0694979676dd72b5671238b9270d,scifio_scifio-imageio
301,f1c5d45b78e0a8613e42264b5bd6380edd5e3d10,scifio_scifio-imageio
302,f1d327e2dde05249631d240f60681cdc419ee172,scifio_scifio-imageio
303,f27bc5552c68ec11bb22e48e082a8e492d4489af,scifio_scifio-imageio
304,f361073559d74bdbece157acf62f6253af016e2d,scifio_scifio-imageio
305,f37d34b7988162e55ba7a701089786552746ccd6,scifio_scifio-imageio
306,f3e4eac36d2abb9e5522ef03baf52676c7b101da,scifio_scifio-imageio
307,f54235237c4c8b8be26be251fccb42f81b6b47be,scifio_scifio-imageio
308,f5e908e3b305e5d369e8981e6d376ad839620f62,scifio_scifio-imageio
309,f6916932ec283a94782aef6ff5af5ed80d3c5833,scifio_scifio-imageio
310,f7ad3cc999994921b717a66553e281f20d028114,scifio_scifio-imageio
311,f7bcbb65ded322507fa8f1175084e21c930baacb,scifio_scifio-imageio
312,f80f4b47a38497fa6b4a3e7b358794456d6834a3,scifio_scifio-imageio
313,f883b6a0a4e22daa4b21c4e5e7bd9697b728b97a,scifio_scifio-imageio
314,f94866ab689272306402a57607f0382ae5faa830,scifio_scifio-imageio
315,fa334d31cb16f4869087523258d79940c9c20d4f,scifio_scifio-imageio
316,fc672e2b397380ffec85f949a3221bb6d2beb90d,scifio_scifio-imageio
317,fd1e465d97499288b5a953a1c5c5d964bfd27d71,scifio_scifio-imageio
318,fea74f7899d9c265c7b937292c984bb92df6c312,scifio_scifio-imageio
319,fecde4a6c05f51485cc9504d2b99869ae7c8a25f,scifio_scifio-imageio
320,ffdc6c677102b6fbc9fb1a22df2fc110aae163c1,scifio_scifio-imageio
321,ffdcbddcc9a041f8e3e3c331b4ef477de815b010,scifio_scifio-imageio
0,00210dfc1ad143b8f42409037602072e99e4d697,smistad_fast
1,0039ea3ad2cafbe6b0cb321d7a1e9caa9fc9e118,smistad_fast
2,003cf7d48db3169ff6615541949922a5dc6d6d32,smistad_fast
3,0042429ac9692a300488a98738684c411596724b,smistad_fast
4,0048b1b0889fcda83aa7f9f0a40bdcb69caaa285,smistad_fast
5,004bcb71dcbee028b438756249e1d2e5b5ae1205,smistad_fast
6,005485259474964426d115333b26ef475d05d1fa,smistad_fast
7,005dee8e5e56a121828d1d43d66616b768f013e7,smistad_fast
8,006139b53343bfdcb8decf85387ff83da1824968,smistad_fast
9,007173f37b4bde0de1cfa84cbcbd893906d74198,smistad_fast
10,007658e7616fa6ae34ac5dd2d34797977b4b7501,smistad_fast
11,00775622b88f140567814dbeea1059f6b772f627,smistad_fast
12,0085a96a5993546ff014dacd4b99cd2db65284cf,smistad_fast
13,008a91af3b5906b5ce559426f05ca199ea6d25a5,smistad_fast
14,00931f54dc736c42692944b882751fa5a6d1f165,smistad_fast
15,00a3afaa4f1de244a19945e90fe7548abddc0f97,smistad_fast
16,00bd6f9bae5179fb34c609f1f70aab7cd61ae995,smistad_fast
17,00c2270da06dd13a7c920d869297d750717236ea,smistad_fast
18,00c8ea90aeaf272de3e0c20616ac6a584a78a47a,smistad_fast
19,00cc72da5974d6cf2ca5c1a2618f49b278535663,smistad_fast
20,00f398b069a821b1a1a4410ad2a1cf85c9812c00,smistad_fast
21,00f5e45802fc2ce7cc9cd74063a96ed62a62c692,smistad_fast
22,0101f9680cd6c829e77f6b65f90c154127bf607a,smistad_fast
23,01034d448d1d8eefc9ee10e6ad41d593d569ff8d,smistad_fast
24,011dd336d7ed0665d64c93556bf4b28e38bf9384,smistad_fast
25,011dfef7572312a55399c1ec8442d5f97886671e,smistad_fast
26,0124a64c8b65431f42a758b5dfb80e100ad5f7e2,smistad_fast
27,013a9ca58d527ea3439691fbd06c12632332db8c,smistad_fast
28,01440aa1cd757dcbc0242dcd68c6a6a2ff86e44b,smistad_fast
29,0158ad2a0e53d9cb2ebab82eba672c6b4f4e4a7c,smistad_fast
30,0172fbe9c9d0373f1c5d9106ff87d2c8ab0aa1c1,smistad_fast
31,017e4677a0a6c5edece8fadeb25340d3134d8f93,smistad_fast
32,01808c05a5e505b53a81aee68b7f8c697de74c82,smistad_fast
33,01876611f00fad20c1822d756e155736ead7d8b2,smistad_fast
34,019a556a2763f9c18264cb63f359f47fe5b78207,smistad_fast
35,01a33c84da4e4300f948ff93366583234d038329,smistad_fast
36,01aca68a8b5262a5e99def323db0e2f5e387bb5d,smistad_fast
37,01b72440d636623c434db7eb80592e01465054ca,smistad_fast
38,01c532503b4454ee5f7ba6f2f6c84d452bd29b21,smistad_fast
39,01ccbfc694d9648109b481d2c4253cec2a8592b8,smistad_fast
40,01d1e596ad5224861f542c094ff7575fcbee7ee6,smistad_fast
41,01dee879afe38fab6717c9a1a8f824d9c6775475,smistad_fast
42,02286a2ae4cf12e532a30354a7e8e40cd8ffbdda,smistad_fast
43,022e8c1f0cdbc54e6d09f9e734d9177e22537142,smistad_fast
44,0230bab01e231bfc54aac8ec2d77d3b0f4dc0b0a,smistad_fast
45,02369fb550c80f29f72624f9fd43e3d9b5e59e3f,smistad_fast
46,0242ab19e66be7e2b942268e7dd27f7a2c74591a,smistad_fast
47,024e13fcb2c72c620a77e8733882f1ba3436cf4e,smistad_fast
48,0254aff2649c41f412a7ceb698a7b7fc9fce4cde,smistad_fast
49,025b3ee07c9400f214c2a67aba59d7a9a36c3e0f,smistad_fast
50,02666c27304add1041c83349d4863e4d7808121a,smistad_fast
51,026a3fcc09af5f05901608ef98268e737860b26d,smistad_fast
52,027c7f79c18dad28a1d5c01f74abc35b65b4c0a8,smistad_fast
53,027d3e968c75407b52a10296b460111b2a9a2436,smistad_fast
54,02854ce1120661f7427bd2f1f5944d605fec9cf3,smistad_fast
55,0294dbfde53f4b1b46b75a175a5eb6ff72912776,smistad_fast
56,029abb849e77667638df62c3899d55d2ccc0abe4,smistad_fast
57,029d851a3ae938b79edb4617c2fe174da859b112,smistad_fast
58,02aa851d407770163a0b3234a420299a0efce62d,smistad_fast
59,02b0265d1f54193970792bfc2f4f5e7ca67c7abe,smistad_fast
60,02bdc1c9676d0c7c764c315cbcfecf26b62d3ae6,smistad_fast
61,02c430680f7114331f9bc5697fa1e15d1f677c9d,smistad_fast
62,02c73fab7f10e8d3072de665fba3873f299e0e97,smistad_fast
63,0306d6b7b20d180a4e179de5e483c2d79fcaf095,smistad_fast
64,03173e69590314c9d127998fd23394ce0d8e7c44,smistad_fast
65,0324f339f26cb6849061f508678c2d394e65466f,smistad_fast
66,032e1fc01e1c622457fca00d350473ca093c7f6a,smistad_fast
67,0338444b4d0b175cb70c89b2e23a9fe40d7e0f2b,smistad_fast
68,03385ccf9277bb700ed45ca6ec5eba449e5fd10e,smistad_fast
69,0355acf1e40a12f5b9cfbaa2d4b62337e0213bfa,smistad_fast
70,035a529e7c4fa4ec1dfad7fff4404444f14233ba,smistad_fast
71,035f62861c407795eedfa8f1b68ef7eea0e66160,smistad_fast
72,036479bc4db76c94ac89f45448fb3acb0d93e0e5,smistad_fast
73,036f82ea61113918ddd951915c7a52330a11c352,smistad_fast
74,0398d2a2a0f5ff840702095d25fcc38a9cdca25f,smistad_fast
75,03a38f5a0a6dd259286acbbd4b2f1c99f3cbdf10,smistad_fast
76,03b80e2f3e4e8e49e3fc596b25769eb2fee24f6b,smistad_fast
77,03b9069acbcb579d32072b59e22ec006a1a3b9b1,smistad_fast
78,03bb5e41cb777fd84a25827eaa0d7ca607979719,smistad_fast
79,03c9d46591f2bd14f03a92756ef87ff0baea182a,smistad_fast
80,03d8a3a02cc9d5b0576d0fbf7dc740d9daec0d41,smistad_fast
81,03e4a8a87fed6e6e2f55259032dd6490cd1236d5,smistad_fast
82,03e5c1f54420bb64c9caac8d2d69c82017250005,smistad_fast
83,03ea6ba553116e4b01bc7a8611ff66eed2643569,smistad_fast
84,0410ba8cac9d369a6c5dccab2d4b75bb1fb5066f,smistad_fast
85,04226aaf1e45aa3b71a99c75af4b15729cd15563,smistad_fast
86,0438acfdee773cb9e10bb8fc29f416be68a61a2d,smistad_fast
87,044b0cca1c542fc00d070013b460d3953c8f41a7,smistad_fast
88,044b34a2a878b8aa4b0820794385f642347839b6,smistad_fast
89,0454258376203478a2774016c8f0096f245e4883,smistad_fast
90,045eabe8d9a586ec2907945c7e5945f7f72da765,smistad_fast
91,0468f19360dd6f4e9673c83db54c8a3c27345ca4,smistad_fast
92,046c0dab42b59ce561bca26750f8dcdf6218120e,smistad_fast
93,046c6a805d3bf258cb177832e1a0818e10349f47,smistad_fast
94,048e6738e406781d605a054bb3a76157b7c2e561,smistad_fast
95,048fb6f4922aa5e98f10a54b5eacc9d9d2ce113d,smistad_fast
96,04a07dc74d76386c3bcf6baaabe66edef76e02ef,smistad_fast
97,04ac3eca7b1a1848fffda504f265fdb648996a03,smistad_fast
98,04bd7f242ad7b65ec65ad71e45de58e12a4b80e7,smistad_fast
99,04bec7ab114791326bc4c67119944b7aa2ce837a,smistad_fast
100,04d2ddcf01d5cfccc0610c9ffe9bf291463fc953,smistad_fast
101,04e74a3985dcbe0b38b3f5ace9a9fae554d9f4b4,smistad_fast
102,04f1a6f5ccf3a8f252c34514279349b7028944db,smistad_fast
103,051ed7274d95c190cedf0482f35858110097dfd1,smistad_fast
104,0529820d37f95cb027af4d80e59d19eda4fcebfa,smistad_fast
105,053be13b5b6e54689d81606ae8dc4a9322fd2ff4,smistad_fast
106,0556cc8d7752767ae5abf52d375b9d8eda7c49f4,smistad_fast
107,055f7c8e1997372a5849a46f4f785be8e381a40f,smistad_fast
108,056857f61aee8f2e6be92f983a3eca4026722bdc,smistad_fast
109,057b950a36080b810a53572206a6de7fbad1420e,smistad_fast
110,057fa5dca687c48b3caaba2db95ba0eb72200efa,smistad_fast
111,0581b78f561c79e7fc186880ee9084ae3b407e42,smistad_fast
112,058a509dda1854ec6a449e1faf93d7bb8e2c2cdf,smistad_fast
113,0598814726834fb504a299cec16211805cdd6b40,smistad_fast
114,05ebf0093d4349e3e1647c445cf0c089b6b8f04f,smistad_fast
115,05ee4a9d0a458f5dc1e38c4bc7d4a97e9b3ecee9,smistad_fast
116,05f3fbf06ad87b0e2d28e97cc917e681fe35bf3c,smistad_fast
117,060b92fe79dc92a78dd01b962cb5009f3f8c0827,smistad_fast
118,060edc4a3d95faf7938a48a104d1b9ab5f6ae805,smistad_fast
119,062e59fe8fa43a13a733c1c0767195e45ecece31,smistad_fast
120,0653ecf20711f3bb5258227458ae56099741aa1e,smistad_fast
121,065ea8eaf8515395f3cc74f9d6256d04b5e74148,smistad_fast
122,0663c4c3b17fb7807c7156dcbd137a042a89d6cc,smistad_fast
123,066edf9d84037b1fb634727f167db36583967f45,smistad_fast
124,066fac355fcd6acab44443ddbd451e4361945564,smistad_fast
125,06892047f9686387f1cc282318b2dd3b458b1a74,smistad_fast
126,068d5ab4807ab0a36e0da4fa2816264ef3488e37,smistad_fast
127,068e3d4c3a5314cfa81ca57a77db7e082fec02f3,smistad_fast
128,069c1fcf20335579c1886303abcfb9f196ffe0ae,smistad_fast
129,06a206598a967057c4d197420e61d71491235bbb,smistad_fast
130,06b121f0b3d57c821e6faa433f22161f7952324f,smistad_fast
131,06b6f843e0290fc02a63d6591b566a61ea6ba718,smistad_fast
132,06d28dc871ae42417d0376c7fe077d8edfe2e55e,smistad_fast
133,06d9eafa194ee2421c2d4f3bfd03d1fb9dae007a,smistad_fast
134,06de0d675b83cfe093e74436fdfe8f9091b788fc,smistad_fast
135,06fdc4f9b976c1424a38f84ae4cb36f958f07c4f,smistad_fast
136,0704f1661ac18fb0e00c9006ace1e96eb82d5144,smistad_fast
137,0705147d6eca028fd046e1f04a72953500b8489f,smistad_fast
138,071f0f20106284710a65210e1e5984b267dc8c59,smistad_fast
139,0722e994ff88876c1cbfb38c4fc2f4f2113280bb,smistad_fast
140,072322f4a37d381cb84f2dbde8f07826c3e9d402,smistad_fast
141,0734eadf90e3c36abe22f402c73ef0dabf8a866a,smistad_fast
142,073d22171a5765be6d1a25a6655009a2ad8010fa,smistad_fast
143,074f678033d4fda6a50a3ed5167854b8865bc70d,smistad_fast
144,07684a1a10c25dbc79f89b14c09d2dce71d2f763,smistad_fast
145,077c89dc6db3fe5de1156939c4a96e56b8ec8724,smistad_fast
146,07842b4d0a6007d7e27d9a5dc7016da89f3a9509,smistad_fast
147,0796876590a7085d1de66d95f0de64e49f01f881,smistad_fast
148,07a296d33a6bdb9182ac6096c291cf30d961e5d2,smistad_fast
149,07a61f9530e6c7a1b5710f2bafb937f18f41ecb5,smistad_fast
150,07a6af066114dc584fdbf4eb9822526f2aa7b778,smistad_fast
151,07c2d0a9c0b27833bd9c6d2d2f90e95dbaac7f00,smistad_fast
152,07f6e82a46c4a0ebacfce59631a2d77f4c7e1875,smistad_fast
153,0820f4d021affced7bfacd7cff6065a8298ca375,smistad_fast
154,08251b043315434fba4cd1a2ad29f714ec666f48,smistad_fast
155,084728500901545c94b3c0698107aa25f878bf66,smistad_fast
156,085650eaefd26cd50ee0fd43cd4d99f3d400c4f4,smistad_fast
157,085827081fed438db5acb959b31d8ebc0b0bcba7,smistad_fast
158,086101f19374aa987bc74521c213a3ebaa09aafb,smistad_fast
159,0874434230dabe0f80dc39ad39bdf937ab1a8937,smistad_fast
160,087ae9cb97e34816c8507ec00edb78a7632db688,smistad_fast
161,088bbd8bbc2517e6ab8811b38712fe2e3630eb95,smistad_fast
162,0893070b2b2f33868580703550b2cee5d380bc80,smistad_fast
163,08a00d2175c8c22cf2e567fa1e04ff0be5ae4faa,smistad_fast
164,08aa631258af5b38ccc46e290c9856c35ddd224f,smistad_fast
165,08c0abc08ace0cb13fb68c16b28b233edd4d69ea,smistad_fast
166,08d5effeb01f7f819c9f44b3805477aa0dab5ec9,smistad_fast
167,08d7e9c1ef19f313954ca369381db58bc51cefd1,smistad_fast
168,08f95c8eea883a95891edf2fa0ea85bf5aa65f61,smistad_fast
169,09001f6891fa39dffa0ac4d81317b04011925d71,smistad_fast
170,09021695e4b5fa0b4a9f7ba8a5ea6a5e47e4e463,smistad_fast
171,09032959396169bf590deca01a6eabb6b696d3a1,smistad_fast
172,090d2bc8b28a072bc8d589c4fc8914ebf2c06c08,smistad_fast
173,091cfd69f4a35a80b98f9db3dc7d05625666ea8b,smistad_fast
174,092a77b3688b217955f35a0f9925e2f73fa085ba,smistad_fast
175,092d193386bf41847ac01f3bbcb0b31f252d513b,smistad_fast
176,094b44ff68ad5c28b9cbaaeaea72f7696094ef30,smistad_fast
177,096ecd7393c25078b7e8d58c6cb39c19117248cc,smistad_fast
178,097137e79a67959078473f35185d83f7f0b319e0,smistad_fast
179,097b979dcf2d010f3c31bf4473002a0d020bd197,smistad_fast
180,098384038048678b13d743536280f434e1cedd9e,smistad_fast
181,09a0e51fd692df7fe6b6ea0c0feefe5304231a3d,smistad_fast
182,09a1f26bb2e7a39590fa5fea57673f7d06f0f6c7,smistad_fast
183,09a4d9eca6786b0d8071afd418b35dea13a3fe21,smistad_fast
184,09aee3c7684f6d1522239a1b63a72444fa57f21a,smistad_fast
185,09c8b324111b15d4ef42cc67f9f068ca3197536a,smistad_fast
186,09c8f1918e6ccce4d633a99a412337252de9bbe7,smistad_fast
187,09ca56953127d1b8308591cbfdf59562691c321b,smistad_fast
188,09cfa65bfe4374c601f86f8ff961845ca42a14c3,smistad_fast
189,09d65cfe49168a6efc8bbbf9a3993ba9b2f7d08d,smistad_fast
190,09e111cf0db5fc12e0f265f9c9f3355a5891e07d,smistad_fast
191,09e7e0b8358eb1f7c82cfb496e568fd6c102708d,smistad_fast
192,09e8d6c05dcc5747bd33b4b6014541a5ec5862c5,smistad_fast
193,09f54280bea834ea86d1e254addcc15f61a4dc2e,smistad_fast
194,0a0f903f53683670b7712e5a8c0c89cad3cfc861,smistad_fast
195,0a203a4154b829dc19bbd77019b4f7b32238e4bb,smistad_fast
196,0a339ad768299ba16878aea12b557ff39a423265,smistad_fast
197,0a3596e45fd6296b37b30ee4dad579513710e4a3,smistad_fast
198,0a3acf4c8fe33f4aceaf9635b9b64f259f76a44b,smistad_fast
199,0a3ea1c467a7042d3e06c46f5c7b7b357797e653,smistad_fast
200,0a4e5442d02851589b9a1bf1df5ac4a05f304f7d,smistad_fast
201,0a503d14deb2446e4b587dc8890d5c0a20215960,smistad_fast
202,0a8b361a78c9e7a758dd29313bb826dfb372251e,smistad_fast
203,0a8d17fe0bd0b7c880db9b8838ff5526f0595f97,smistad_fast
204,0a9693c7874c944bba5c1f125cbdec1b452a4aba,smistad_fast
205,0aa19dcfe71836dc75fa0b81a9160e10a1f54e19,smistad_fast
206,0aa27107be1a1dcff172f1c7688aa672372a7aa7,smistad_fast
207,0ac47a2b00aeff4a376b1b5dafd4797492cda2dd,smistad_fast
208,0ac7d5b059b98ff6c7b86356324da894225213da,smistad_fast
209,0acafd59eca0a36d82830ada08707445c61496c7,smistad_fast
210,0ad134691217c311f46289139b67f23b6ca27438,smistad_fast
211,0ad2ba13f7916f0688b79f83f746b5462676b720,smistad_fast
212,0ad54928e17f6cb04b4fcc1d49dfd376d16063ee,smistad_fast
213,0ae23d006dd3e9c416144626d17bd3b0514c646d,smistad_fast
214,0b17089b31aad919066469589fbb47e238e30ad3,smistad_fast
215,0b22695e60ff8f256171f0e318b8a2807980e9d3,smistad_fast
216,0b38fbc7734a1f3c158bd49bb12377d5568b6965,smistad_fast
217,0b3c8af684ff01ba9e6865d659966d8a515056e7,smistad_fast
218,0b5a900e9486a52716e5d6dfe5066da3ecb4d3cc,smistad_fast
219,0b876b8defec701f1fdadfff55f73182addf2b64,smistad_fast
220,0b8797fccc913cb0713af7310cf80e76cd4764ff,smistad_fast
221,0b88f03546a1987c54a51dc63747f54ee413fee0,smistad_fast
222,0b9240eefb51a07dde9c613db9b54e6603bdc3b0,smistad_fast
223,0ba2745b1e07de12512787bdad2cc5437e892252,smistad_fast
224,0bb41cafae63b5c2b8302486b9dd707c70288368,smistad_fast
225,0bb830518534dd965698e82e1e2d9dd9460a86fc,smistad_fast
226,0bc35926cbaccb94fae6908ebb0efaf352af9fb8,smistad_fast
227,0bd0f6177fe96de5021993468d538bb4cc05f209,smistad_fast
228,0bdb562f4fabc7c6638342228a88c9d2551873d5,smistad_fast
229,0bfb4b5a3123d1b58fd11371971280ac5711b95b,smistad_fast
230,0c2b3f65fe1008304fe7dd0effd2444e553dcbcd,smistad_fast
231,0c2c42398b425921b101d1467a59e7851566cd35,smistad_fast
232,0c353e8760e68bb0231fb2ba5946c4faa27fbe67,smistad_fast
233,0c36e7918eb1dd778904cde9f88e30b855386701,smistad_fast
234,0c3d0454bb291b637cc5245c7ea2dc8fea96979d,smistad_fast
235,0c53abdcb13389b009bc51c20f6bbb9ed4505b34,smistad_fast
236,0c58a5f0c8d4d78016886cc0ae93fc4e72209e1b,smistad_fast
237,0c627e36f3ceca74da224d6367e2e9bf4e4640a2,smistad_fast
238,0c85c2840834733d6d6638152a730642e4990d84,smistad_fast
239,0c93a01e015ca444a7dd9f30ea2676993811514f,smistad_fast
240,0c9e186a5d821b13f65c15f82c3dba37f4eeed36,smistad_fast
241,0ca770a35eda7a44c3a1d46f91f79b7c05c17203,smistad_fast
242,0cac42d87374cba4b2323f4d7f0ad1a52b8ef281,smistad_fast
243,0cc1c596c47921dcffe09265d3a8e81f31a42cb7,smistad_fast
244,0ccae256b45ed277a5c9341f6487f44a0e0a61b1,smistad_fast
245,0ccb20489977a9ab29309f0c4ec2ff09b680809c,smistad_fast
246,0ce42441bc9fa2f3c3be0504fc30963daf0c0336,smistad_fast
247,0ceb985786b4905d2b6cc9232c6a8018d7c7a673,smistad_fast
248,0cf00a9e15d6989f6d80fe72568af9a422aa42e5,smistad_fast
249,0cf2d05434ef0f569945722bdf84d22b1f98b19b,smistad_fast
250,0cf389e43146394f2ecb73e66a328ab3ca2d1f81,smistad_fast
251,0d06990a6b2d4a7e952abe26cfb2fc441e7fa370,smistad_fast
252,0d090cd96db551e1c5a03eb606e3583edff4bf69,smistad_fast
253,0d09f21b3e8dbfc5dbb79ad818842a5741aa160d,smistad_fast
254,0d14ca4f502846be91d132c73f63c79f8e54037a,smistad_fast
255,0d217321018965c7adbe8386105d87a070dc4513,smistad_fast
256,0d40d5b3c617592bc7b11065fa4becbbf4bf7239,smistad_fast
257,0d44142eff1454dc9a275c5c838208cca66c1dec,smistad_fast
258,0d4517b810ea1f4aa1577868293f6aa005b5c9ab,smistad_fast
259,0d49f6be70a990d2fc9e70ab46e40a67001e392b,smistad_fast
260,0d559efef07aff4c6718c945822bc68bafb3a67d,smistad_fast
261,0d57d99279201230255ba08c100d91028727e671,smistad_fast
262,0d5920d0de17c09ff701e3900ad0f34ca9e226ac,smistad_fast
263,0d790f383668f241d9531e90ca7aba6235007864,smistad_fast
264,0d845fd4c876a67d4311f25cee158dfd83bf54b7,smistad_fast
265,0d8f80ff4bdf1393158c75adf928dde83cf5c2b1,smistad_fast
266,0d93465ce36b6aca733642733323c7324ed02ff8,smistad_fast
267,0d97d690ab3a66f608c4dd2d6ec81aeb7f38620d,smistad_fast
268,0da53b9ac1703aed43afc5d252cfad7fab7bf19b,smistad_fast
269,0da85d12814da2d5a199a31e7fd485bf1cc13a4e,smistad_fast
270,0dca88ab98bbb0ad3e06e543595e4c3631536ee4,smistad_fast
271,0dfd7b04c7ab85ef0f9a12f710cc8b2f393bed89,smistad_fast
272,0e0e42e17e0372ad48015b264c999407270f561d,smistad_fast
273,0e17e6b568f21cf667916e6014f938a4de73ab6e,smistad_fast
274,0e1f79a65e268e79ca3752c046a638cb8909113f,smistad_fast
275,0e30c2541df79dcffaae8925cd48e8bcb454d3bb,smistad_fast
276,0e41d2479d92c24f7a6206bb0f2c9d27ccd6a857,smistad_fast
277,0e6948c97a5cdd17d9be36eef92f2254d62ba0a9,smistad_fast
278,0e815d48e40ea089c85f8db4f55a7244792eb09b,smistad_fast
279,0e8420e5c1715d82b0310688c8d7397cb5a5a5b9,smistad_fast
280,0e88501ca7d4fa122ed74d8f92e3edaa59a674c6,smistad_fast
281,0e8cf8825cdcfd86dd3da03372f579c853f9a9db,smistad_fast
282,0ebfa9d2b8edd51c2e24b3020e077a971aaa58f2,smistad_fast
283,0edab2704ce3f28a12b1a36afd1d1bbff047fbd0,smistad_fast
284,0eeb63efcc9e1f940f4ee4f27bdead4e2a4022af,smistad_fast
285,0f01737200d72ebe98aaa11b20740dcf4a56a423,smistad_fast
286,0f02670ca35c922f0a83560adf54a80ad8b8d374,smistad_fast
287,0f0cad9fd236184dffb2a0278ac67bc8195c255f,smistad_fast
288,0f215e8babdeac45e2d5745ccd952a1f57135c46,smistad_fast
289,0f28ba27a51a42bc7a0999733de32981998f07c7,smistad_fast
290,0f43a1a851048ec97bf72b3d8b2c41fa612be273,smistad_fast
291,0f44a00b74373b9fc245bed92a45979b911c2eaf,smistad_fast
292,0f572fa0dc67759fe1ecc91ecaecbaa29528c244,smistad_fast
293,0f58be87db34a8bd7263a3fcbb1edede18edfb2c,smistad_fast
294,0f58d8cd633c4ad0d74ba1fa7da411b3b962fcc4,smistad_fast
295,0f5c2a6629367e265a37b3d956543e599e56403b,smistad_fast
296,0f6ea4ad8550459e1c88ebff996187b6a7866000,smistad_fast
297,0f7a6e0b561dac347499ccaa95dcfa8f572c5b14,smistad_fast
298,0f7d96d22f13c25283571538024ce69109c75cd7,smistad_fast
299,0fb6ce06f7e176cbfdfabdf9889aacaf1794bd41,smistad_fast
300,0fd2242165428d2bff32a5bb88191cc597608aec,smistad_fast
301,0fec0ccc2dd078283d06606fac32a9f062e0d734,smistad_fast
302,0fec296fbcc2dfa5ca86b572ba0056e8718ffe9d,smistad_fast
303,0fee81bd5ab60ff296d0b641254c5d6966d4a07f,smistad_fast
304,0ffd4ccc31ad067275668e812ab38d32946fa737,smistad_fast
305,0ffeed579ed0367664b7fc446fb9d3592407301f,smistad_fast
306,100c5575c8d4d8fd8c15aa26bb3847d2cf3a9655,smistad_fast
307,100edf1f4b579dbb3fb50284ab77f6b99dca8344,smistad_fast
308,100f0e846d9749c17b205f4ae0b4888909134565,smistad_fast
309,1016e3c0d7d6ee2605cdd4ca086ad1095c800b18,smistad_fast
310,1050a27933d8ca18e96c0f9eaa5d349f75983590,smistad_fast
311,1061891ae27df93abdc834fe36ace962d2ca4639,smistad_fast
312,1069395d970d1ec03aaf7724a10d22a36e0bb959,smistad_fast
313,107c78426efbe26800b92f6171d6edaa72579195,smistad_fast
314,1090b1245ec2732bf745fb03e6bbf7d5d6ac506d,smistad_fast
315,10a37aed11661818c40639bd96de8ce5c8d770e0,smistad_fast
316,10c945d322d59f31f03e22155f20040c3e3da696,smistad_fast
317,10ca5ea7579edeed5e10eb40b221cb08dffb60ef,smistad_fast
318,10d7f6aeb50aa9e67fb5bd88c4688591b8fa878c,smistad_fast
319,10d9d9b9718e30fb2f4d245455edae531fd8df4d,smistad_fast
320,10e3c0668b823518da51df403bfc4104c9f47cf3,smistad_fast
321,10e58550f8ae34b532f8262d7377505b125b5a90,smistad_fast
322,10e5884d3865f1abb6781000183e44a0de9d3a98,smistad_fast
323,10ea16adf511197f4776fba5b900b4218ba32605,smistad_fast
324,10ea7e2bc6b618370a5017b5f8de0972a9927b75,smistad_fast
325,10f044fac2d2bbcd3ea5156d7829e7cf4ad088d4,smistad_fast
326,10f057d8dcc30b782728d5a47a700c4766e40570,smistad_fast
327,11041cd9a438729cf3cae099c7c515f427b3f759,smistad_fast
328,110cd3ea5cd4ca5b2312bb8abf4083e6220b3caf,smistad_fast
329,1111e190127f2556c877aeb3121100ca1f6d3e4a,smistad_fast
330,1115f8de18d4884d142b1621c4dacefbf4256869,smistad_fast
331,1142b34a145ed52eca6b60db07d4718cd56e3ba6,smistad_fast
332,1142de25f1529ade343d8ce55118210010fac336,smistad_fast
333,1164e945e034f821d02899e1e0b1c3d4361d304e,smistad_fast
334,1175540dce920d888e57c17f7e811d883392f957,smistad_fast
335,11926621ff8fc3da8a9af95b6d843f7dd3a8b179,smistad_fast
336,11a2e324ec48133d720b6a19c4b2def1d07193b4,smistad_fast
337,11a7d5a472afb3cdc66bfbb343f1db1f01667895,smistad_fast
338,11c120d5114f4ad997518a6c3820b457d44d0b28,smistad_fast
339,11d4c9416acd447c5d84dd97e0abb4b3abe3a590,smistad_fast
340,11e5cf246bd31a5f36af2cbcef902329dd7bd2dc,smistad_fast
341,11ffdb2adc52551896d569506fe80a994f94dfc3,smistad_fast
342,120691be907c358120d95bcb68852a52cad11a54,smistad_fast
343,120a948af5d11924e4fb293e1fbd3e7ee4d0d8aa,smistad_fast
344,1213f55bdb60e67e8de778b2e6ca8e8383ec726d,smistad_fast
345,121e68dc1f812aff2a395d90868328dab68cf55a,smistad_fast
346,121f35c5ca9bdc56b33a2a68e1410150b9ad1cc0,smistad_fast
347,1226680469f0d96f894602fa2916d8e73deacee4,smistad_fast
348,122abd8cff9ca9d52ca09022d76e7e05f6570bd6,smistad_fast
349,1233429d197be49988a1cc3ce9a944756a253b8b,smistad_fast
350,1250d9fa13ebdff61bed22596db572df803b22e4,smistad_fast
351,1257d4d11328bc24c2e7eb7c8c4ab58d98717950,smistad_fast
352,125a094e25fb230476d065d72ae9491ab5b06421,smistad_fast
353,125e4c3a30d0d4a75757463b116eabf465699e06,smistad_fast
354,1260858173cf609ad3b6178aeb7b376fe06997e7,smistad_fast
355,1265e7223e4c5df02b74833edeb3a96a7a4fc37a,smistad_fast
356,12789137506132ca44f8ad32b07a00253dce10fb,smistad_fast
357,12842b683a2214636a49bf3b19ad1612dbbccb89,smistad_fast
358,1290d7b2ce093e02e866649abdbaccc5598764f5,smistad_fast
359,12aab9c12662ce4ea917a579f78f8afda51aa2e5,smistad_fast
360,12b52ec4673a95d2f262f5cdf3789211a2471f3b,smistad_fast
361,12b7497c7c970e06f4f9d906fdce28566392d14a,smistad_fast
362,12d8e65d3609eff4e36a1d444203357b65df05d8,smistad_fast
363,12ed97d0f4be526942c34a95b685f7e9456cf972,smistad_fast
364,1303ca15dacc91cffb34a692c4c4147568ae6bef,smistad_fast
365,130ed0e6b093ce5236cf5ae483cfdac96cff4b7e,smistad_fast
366,130fedec0d3429c57a34f07a9d1436c64eb396a0,smistad_fast
367,13161e2391c3823644a22a1ea30c6ef73f1e4ea8,smistad_fast
368,131b78466e8a5f5811e86e62f9f973f2b69893ca,smistad_fast
369,132dc5504199d82cedb5442900e1957814738cb7,smistad_fast
370,134db79132032437823cb1f80824037418f1f636,smistad_fast
371,13513cdd349c691cb2a37234c49cc08785c0cbe4,smistad_fast
372,1358b943078e59bf3288dd34bc3f3efe14abb810,smistad_fast
373,135e38e989b3db36cb78d31db055b637bff12877,smistad_fast
374,1366e4b58c790837aa9b091720a39264befbc9a3,smistad_fast
375,138b554fc55cf4c4d6c6810abe5c98b6f3854e5e,smistad_fast
376,139757d4ef09bfe4d61716ea84e80595dbbb7e43,smistad_fast
377,139ce56ab407e08ac3df293da032c76ef4ebf8e3,smistad_fast
378,13ae1ef561d9ffa766458f6d421712d4497d25df,smistad_fast
379,13b5d7f71fade8923c9c25841826f9b6da29c001,smistad_fast
380,13ccf06cde99a431adeb82a1c4ecffc7849a48b0,smistad_fast
381,13d243d765fcc4d7abb5ee53c06bedd1ebcc557c,smistad_fast
382,13d7cec2bd3a94bdbefb586f0bd883acd0a52e92,smistad_fast
383,13ec6bb9a045b117db0ce47b66496d101be8cae3,smistad_fast
384,13f4854ad9790b07d4da1f297444fcadd47b17c1,smistad_fast
385,13f5ba5f21a39a0424f3c9c6e454b2df08a6a81e,smistad_fast
386,140134caa3be005644f49f0efa5af212acf2e661,smistad_fast
387,140d74f31d338d401f96b85545d2f65ec6e62100,smistad_fast
388,14302e5e231b222e9e7d7fc91e90fad27293726d,smistad_fast
389,1433092666de28e84889ea324ee159035db72c93,smistad_fast
390,143e09356d746e3f2e824bac5dcdb9b66bffb4fa,smistad_fast
391,143e6119ac50fd7dfd5e0925413323efc33b86a8,smistad_fast
392,144e48c03cb1be70fb3f4461e7320c4f4e1199e1,smistad_fast
393,144f23d48e49006d67933749dd3d7c4bd9251f9f,smistad_fast
394,14549e923ea430e0ff2a31ee286b374aca154198,smistad_fast
395,14556ab5151205362fa5efe04b078297e85d323f,smistad_fast
396,146299fe996e867e1cda083ea639357c3a58946c,smistad_fast
397,147b631b7618aec59930409cd1e84f55fa927e54,smistad_fast
398,14a38e6f4218fee593e6d1887eea2f9e52d9ebf4,smistad_fast
399,14c4276fd2e4dd7e37c2c32366f2d24b32fe7226,smistad_fast
400,14cb101ef716fb43515ec6b2a2a2bb1c7c5c0d60,smistad_fast
401,14d0713d02a55f351c2c0c6999560dda27ead5fc,smistad_fast
402,14dcac917ea865dd28933182dfdd9796a57f62d2,smistad_fast
403,14e530a22aa60d9ce8ee043284635ae77b572026,smistad_fast
404,14e87a0b57cdee8b6a2bce4119b7b05495ec7f54,smistad_fast
405,14ebbcaa9c8cb4800f9e27fa1c7f1ca90fc5d802,smistad_fast
406,151e98bb4262c9688298386ca9342d181656e0dc,smistad_fast
407,15284b49fb786c8194005e9078a9e8c215d1cbbf,smistad_fast
408,1535c90909eb1cdf8dbce73074078942f4f4931b,smistad_fast
409,154b52fc45e2b3f767129df02a11d26869c9c876,smistad_fast
410,155fa1b83ddb00bdcfcd09387e6b7ccee98017fa,smistad_fast
411,15a87d0fd94a846ff2f1aa22d7fba735746ca9ff,smistad_fast
412,15a8d0d35ee90257f51aee7f529cd19cb393720d,smistad_fast
413,15b2c38dc6c109f0f0b1f09bc0fdc64da7c48de3,smistad_fast
414,15c82b42f4dbcf639f3657759afae8c9c5fc986f,smistad_fast
415,15e5b07dbe883432560f923b0d874718fe13964b,smistad_fast
416,15e8f19c4eb2b9710bc7c82a1745482e2f3731a8,smistad_fast
417,15f4095a7d083698d1b8ea08aac91905c458bb5f,smistad_fast
418,15fdd8e617e97a34d8525fa0d989185191f990ce,smistad_fast
419,1604fa17457818e6dae6bda9086c8f02559744e0,smistad_fast
420,16054948969de054acc74c13e01244d3698e1f07,smistad_fast
421,161fa62f42fc0f11291138a545b3da18dd45d422,smistad_fast
422,1624a8f2b6f3b86eb10f02c56067c46fad4b2beb,smistad_fast
423,16282f96a1ccd0ea9cb781156f88cad0512aac75,smistad_fast
424,1628ce4e7c769ec30d3086e3e860be5e8b019adf,smistad_fast
425,162b8a07a55645bdbe383ac119c9b31350e8b2e4,smistad_fast
426,1642a81f7d7b26c0fd180f4d0acb07117ecc608d,smistad_fast
427,1643e7df3bf8dd48d0d8fb0d611ead5f60789b8f,smistad_fast
428,164f27444897998e9ae61673a20061169daf23d4,smistad_fast
429,1652c2fabdb61eba87b51494bde7e2a5e59f97c0,smistad_fast
430,165e8010fc40b6bb2786b0667e827a36fc88e26d,smistad_fast
431,16622ca0cfe15911b36e5dcd12120630b2cb5d76,smistad_fast
432,166352738675bcfb19fa5e10a10f05234204f7ff,smistad_fast
433,167f5cb6b3118fd73169817f0a0650bf654837b0,smistad_fast
434,16a266ade87bd86ac78cb2435318f194bddfb85b,smistad_fast
435,16a4c3eee84c5e526df2c7c41ce942da3218dbac,smistad_fast
436,16c0206ff1ad67af47e5ef93222322172d70fab2,smistad_fast
437,16c61499f3d18cde13561320d2d4604b4d1d30df,smistad_fast
438,16c7a02631673a77707149f030666f701306f4e4,smistad_fast
439,16cf32f22063ff049b72647dbd83a67b55789296,smistad_fast
440,16d1d1337cb0d96e0c50e30cb34395b546fe6219,smistad_fast
441,16e1b1a08059747b1888b19d19a44937cc265448,smistad_fast
442,16f39c2ee4d7927e2ba6b1a24be924bbb6b553e5,smistad_fast
443,16fcc40fea22f3f40b44e62eaf518211f7003b32,smistad_fast
444,1706675a1b2bf0b2fb6cb258e948742fd4f84cf9,smistad_fast
445,1725176f8012ce36b824e1dde0318a7ad1361a79,smistad_fast
446,173bb92c0c2f1c57aff9c26e06db290d80fbcf83,smistad_fast
447,174e04826094c321529b99db15ad778541d43de0,smistad_fast
448,1752ed3617272b77e373f209fdf496f5b10f3796,smistad_fast
449,1767cad0f150fd1b9d6fe74c8203965f3f02664f,smistad_fast
450,178f0bf057b14ced1b8104f1c1c4394c304081e3,smistad_fast
451,17a36320bc638afcb7f205842b03a64c31001421,smistad_fast
452,17c7c8fe094f36c0b3b43809ee5bee80799c013a,smistad_fast
453,17d54af4a658e4f97616f23fab25dfe9a0580b03,smistad_fast
454,17e5aa7df8220ceb68afc2b30355be003ac4bf56,smistad_fast
455,17e94b72518e8fc67b3d0224c368b39f8e9bd87e,smistad_fast
456,17f94b3a3e18ab6b952737ca05483da6c73637c6,smistad_fast
457,17f9e9fab3b2ee51586f312415160a3fd08a3e0e,smistad_fast
458,18047c052b498bdb8b783b415ab4bcf8a24a069f,smistad_fast
459,182582a4d554af8d80d1b1b24dbe2d73298c75ca,smistad_fast
460,182710dcc74905f3b94e36188441496e69c2461a,smistad_fast
461,1827140cd41a458af5736d9d130a0c2c021d0937,smistad_fast
462,182d2f1db8aa3c005d790105fea50e41f40afd11,smistad_fast
463,184228a7568c0e6557a3a1993b13eb5ab196fc70,smistad_fast
464,184c88889211cafdf0d4984f56c957724d80110b,smistad_fast
465,18581eb1184372969a44c405d8c85bc1b4f65203,smistad_fast
466,187047d4b10a4c1f3d80dcb92f320dcad597a177,smistad_fast
467,187560e4d1f67c0ca241860e6a080a552d7bfed1,smistad_fast
468,18a6c40dd17b5129409604ed2814e4d895f1df3c,smistad_fast
469,18ae0d04a70528d7f43d9cbbb413fec5d8949e50,smistad_fast
470,18c5d91bf14ddd079ed5795470da87fb052bb52d,smistad_fast
471,18ca29e91743d92911f524921146d57fecc55eef,smistad_fast
472,18e71d9b7c11529139275b9a29aa0507db31bf85,smistad_fast
473,190510fcf51c4d8b025c8fbddf32ea72859ac3a7,smistad_fast
474,1907e3c1a95937a7e06182cf6f45e76e51b182a8,smistad_fast
475,19151671c8d4a23e7f364b2d2d24933ff3fd438e,smistad_fast
476,191741f694843098cf813b084764e106729e8833,smistad_fast
477,191c2e469c55688999660861cf5c60dd7aca050d,smistad_fast
478,1921510f4137ab59fca3470a08ff9edeb17033a6,smistad_fast
479,194845c624a370f70763165b5a61c21275a99c36,smistad_fast
480,195110d507e5b0c948a42a9ed713295950b6612f,smistad_fast
481,1969a1341006f7292c4f7e7a2fa6946bd4057f06,smistad_fast
482,198b7acb988531b7e9779d33671e1fa8eb8ccaf2,smistad_fast
483,1995f54855945c791055b1653356728107fc4b24,smistad_fast
484,19a6311ff8aafa9e556c64d2ccdebe1ca1fa54e2,smistad_fast
485,19abcb4b51477a04609aec2097230161b0772322,smistad_fast
486,19c921e399fdfe1e2354d8d78d06232a48f419ce,smistad_fast
487,19cb1700a2bcb1f42a269e5519dfd1df03b1d977,smistad_fast
488,19db387ce3d545801bedb86fb5abebf0659b9a12,smistad_fast
489,19e323d44c7c587ca24e59042f48c2bace252d87,smistad_fast
490,19e7e5e0acd58347ec044d3debd1037cf5452a4e,smistad_fast
491,19eb8d4716be882fcc372558471b4b4cc2652556,smistad_fast
492,19ef8657ec34abe4c9a6fd047ca99a459fa07ba7,smistad_fast
493,19f1798f8b028b6e4182a240c41f78710c096f17,smistad_fast
494,19f1d4296a6f461b3fc6ffcb8a23050ff2989c17,smistad_fast
495,19f65c6a1de715abf9cf93685ebcbb405811a11d,smistad_fast
496,19fdef02ba9ca700827d663fc5b6da6765b62b0e,smistad_fast
497,1a0600267220bb8821001bfd0b6445ceb42143b8,smistad_fast
498,1a26b6f8c1f5171b2bbc5cc76ab35ac209ae352d,smistad_fast
499,1a27a3556dc4981426e5b91b7dd7bcfb6654335b,smistad_fast
500,1a36ed6c542a6d68177c31d6379f6f84586dd603,smistad_fast
501,1a3931a8c2eaa39d12e28c3a481ce3bceafa9508,smistad_fast
502,1a3a220cbb4c555c537fb025302c2e812778eee2,smistad_fast
503,1a431484ee5fae47a5017542e214cee99a0961cc,smistad_fast
504,1a608d99f106b494c89fe6e52b375f9d1e9f1fee,smistad_fast
505,1a62d37d0c2aa8e656b09e1c66c00415db0b1252,smistad_fast
506,1a689a220e84267ab7a9fdc535fadcdde3ca6fb3,smistad_fast
507,1a722439bab213315e7566fc887ea5fc477f4b85,smistad_fast
508,1a82ff02eaea6a2ccbe9e283cc6519b10ac9af93,smistad_fast
509,1a8ccc83eae87b7a32e1ef2b84d507e2b0f97944,smistad_fast
510,1aac05b837c55d1be161bfc78d4528dfb8c2999d,smistad_fast
511,1ab3ecb2e315f0d7948b705538dfcc50c3d92d7a,smistad_fast
512,1ae9a68b0c317749a7a154c73f61e131246554bd,smistad_fast
513,1aed4f21bd0958297b006df4c63f0312dd398b40,smistad_fast
514,1aed8cbd1c3881065e86da306b5cf35fee139dd1,smistad_fast
515,1b0b233d679c708f79b0b395dd465b9677a7b73e,smistad_fast
516,1b2a21ad490b953cf899d766189b797c8c5f361c,smistad_fast
517,1b2b68ae47594bc24e9a95bb3562be1458c7ea1d,smistad_fast
518,1b4199465510e9f39d17e941a9d2819847560a38,smistad_fast
519,1b5b6413d233d74da4a28ceb90fb5f9a41fe3ea0,smistad_fast
520,1b6a590f1991bb89766f9fe818a9d0e996412133,smistad_fast
521,1b7752d35b77ea0540a60b26bbf908ed056713bd,smistad_fast
522,1b78a02458996a5d39f8ccc121d7f1b58b60263f,smistad_fast
523,1b87d4d2da511598c9378bd45c377b128eb2096b,smistad_fast
524,1b881108706f9ac1209d2b4b9f1caa959d5d7eda,smistad_fast
525,1b9c807d48f038b9d1412c4a79c96111afe7a4be,smistad_fast
526,1bc07ae46aa91d4cbc818cdc8bb9ddb44761aaea,smistad_fast
527,1bc5c51d9f31f24beb8e91ceb985955c79d83524,smistad_fast
528,1bc6e35c33306ca83398dd765622864e01b49aa9,smistad_fast
529,1bcaf1f4082a53bf4bae07d29ba12b30214c7815,smistad_fast
530,1bd6897756f1f12d072ffc9d25d1c41e9679ca98,smistad_fast
531,1be2893528f8cd0d1a3bc50735e1e3dd0f0e7b85,smistad_fast
532,1c20ff130dad56e15da54a3f22cd8bfd4a163ac2,smistad_fast
533,1c23f60dd37dd6b9c888d7656896c83f2f50a9b2,smistad_fast
534,1c28939f56bd1a07ba7ac77c4497fb5b01f9afb0,smistad_fast
535,1c3bdc01d115ba39dd9f8514ef37eedc81d4faf3,smistad_fast
536,1c4a8de61d5a20608993a6feac88c27d23322fdb,smistad_fast
537,1c7d51b30254e43e918519852f0a2e203ed57dd6,smistad_fast
538,1cc5044e69b6d83825a90683f77c6d80fc01e1bb,smistad_fast
539,1ccf012e9e1444ff5669e552cf3f103e99e77da5,smistad_fast
540,1cd2ee723044fc696f9a651378af7d4cbf1f577b,smistad_fast
541,1cda50d8c8dfecd55567b4b22dc836063f7019a5,smistad_fast
542,1cddaf5e937db42ae292cf2e2f7c3dae9cd2ba7c,smistad_fast
543,1cdf916051d5cbcbec7a02a65cee70f24ef0ef82,smistad_fast
544,1cf289549288050b401e7bb3e2528b0c9e73f8fb,smistad_fast
545,1cf98e661d9cf4899e91d73bbaa499bd6e5dee1e,smistad_fast
546,1d0284c3778a79e2cc40c14df6fb4aa26736dd73,smistad_fast
547,1d032a422af8e1e24c4d44e1b458570a15cfb82c,smistad_fast
548,1d298650e3dbd2cf6b2e0f4018cb3e3025d33b43,smistad_fast
549,1d44c6995f1479b2c0270929e80ddf8f2af6c291,smistad_fast
550,1d5344f7916ad96c354d87014215539c021818ba,smistad_fast
551,1d73696091a96e91952706c9ebf8d39fc67f5599,smistad_fast
552,1d7c0345c4400132fd25665ee58fdb34f27ad236,smistad_fast
553,1d906142231218a966e4cb79bee0c31d721a8740,smistad_fast
554,1d9e1d1ad686e60293b144525d1a3b4b0fcac5c1,smistad_fast
555,1da56e444884dcf1ec883c5bb7cd712cbc95f110,smistad_fast
556,1dada14d051b310ca912c0f65e755c4f23c3c3c5,smistad_fast
557,1db2c5ae2f661461d41b38282018a41f966915cc,smistad_fast
558,1dbf275ceaf27dba1725ce0f454fcce3a95878d5,smistad_fast
559,1dc62b6db27e89eb96b6b4384248d5dfb4b04000,smistad_fast
560,1dc9c3a9be1004abeeabf444da65be695334161b,smistad_fast
561,1de117147cb72dd74e999582ebdf29144f449307,smistad_fast
562,1de295def05c991276258ebed6d1212b5b3cb30f,smistad_fast
563,1e0f91771f0e10df7456430f1072c0f85ebd7f11,smistad_fast
564,1e215c221ebce0105d5e7f33e9947a4008f4c484,smistad_fast
565,1e3a716bbb6b5bec6ffcb3d9b27fdd9d6978944d,smistad_fast
566,1e3ee9573c9640909fa1e707e519ac5dd70beed6,smistad_fast
567,1e55fa17ee898af25ce2f25523bc142000c7772a,smistad_fast
568,1e6a7903990cf299fee5bb7c9da8bfb130f4104e,smistad_fast
569,1e7343dce6c7fd8ac24fd1eb1844ec84e8735b74,smistad_fast
570,1e778d6a143a3decf379e1e0051292c0d302f82e,smistad_fast
571,1e8b6d3c172ed3d68aab709a58570201d385862b,smistad_fast
572,1ea6c1ae72e311c85c874fe185021e7e16454f59,smistad_fast
573,1eba183d60e83fc410c81662cdd45028afc17d0c,smistad_fast
574,1ed4c4246ac4f5f8b36ec75fe456ac99e0e25e47,smistad_fast
575,1edd69dad21d1f468b7157c280b0b4bff7cc4b66,smistad_fast
576,1ee3921b2889632e000a9b9a20666795db4db353,smistad_fast
577,1ef7584bb02fa8354c06fc3d00fc39ad64f5fd4c,smistad_fast
578,1f027f02434fbf4dfa5b6f81090a4af7cf255c4d,smistad_fast
579,1f0682a9ee6428ce49d5a51d988c1f32d1ffcc8c,smistad_fast
580,1f284c08575196fd7e97dd016da32a1d17917720,smistad_fast
581,1f3f2c1bd0ac63d2b2eb9e209037effee934c8ca,smistad_fast
582,1f4f2054ec4da0f7a4a6085b50e561f0f34e26cd,smistad_fast
583,1f5bda78ecd3c3369a0fe08e78ad7b7744d6684e,smistad_fast
584,1f616da06c7e529b75a9b2fb3f02ede2fe415828,smistad_fast
585,1f9dbeb13bfe35f4a95f4b8f0ee5a2e129241705,smistad_fast
586,1f9de6e581e7d3a6ce11f9a394c9b5fcf6e02cd7,smistad_fast
587,1fa0a5cc84fff8768503e76fba9ac92525b5b3d1,smistad_fast
588,1fa5fa016ed30d41483e4085024df954d404de8f,smistad_fast
589,1fb84ff186b6e9a0a378ac7670b5e54195b94f12,smistad_fast
590,1fce50c7a8e7f40a0fb244b31d39ad5891569385,smistad_fast
591,1fdab713005343766ff801edf01177969153ac3f,smistad_fast
592,1fddbd49c7fbb7ba9976c8457b0ab8ba6d6bbc4c,smistad_fast
593,1fea9fb7cadd346a2fd655b7f8c1fc7968bc94fe,smistad_fast
594,1ff4f54ce1f678657478049ac238219d8b935b18,smistad_fast
595,20090d10df07efe94db5c73c807089806fdc6411,smistad_fast
596,200bb88b5db1cf0ec44a34114c52d48127fd50c9,smistad_fast
597,200f76786ae7561aed4b1965e3f9ee36a23af565,smistad_fast
598,201722013f4338ebf49b8455570dd9559c72d457,smistad_fast
599,2019ff195e73a1ef65fb2db45f60b87f505f4e20,smistad_fast
600,201cdab1bb9417ffe104e8416f327449daa28274,smistad_fast
601,202fe24ea0cd073ca18b0333bfff784cd67ff7ac,smistad_fast
602,203d6252f940434226a72d5fb4940e914df231f6,smistad_fast
603,2055a498b22656a405da99b8c1c40f01457bf51b,smistad_fast
604,205bf099b9923f187c317ff48cec2e3cbb70111d,smistad_fast
605,209abd5c0559d791dca86e6fd756ba107fe52a6b,smistad_fast
606,20b3e5ddadca60904b232e3a3753f4ae64582045,smistad_fast
607,20b8b7ba0d0857f5929a4d248cf91d52b97a29e3,smistad_fast
608,20b9dfef3499303c4ffdc3ff8c3a3c5673c0166f,smistad_fast
609,20c5fdf8d98c651118b21faa11466aaea03e2d07,smistad_fast
610,20c7bec9f1e40a215c3e070de9dcc64959cb0fd5,smistad_fast
611,21027c4872d59244cc39ac5dcae9bed9755567f4,smistad_fast
612,2103d8574b15996cb243b6533b9ccbc44c0cbc81,smistad_fast
613,21084bee6b9e1c1855c1fa2c162f6689224070da,smistad_fast
614,210d62f7308cf06f2e78bedd97a84059b69e936b,smistad_fast
615,210f541da723d2d2339e174c50b97ba360894a0f,smistad_fast
616,210f57ad5ea9b8d9ca5b645558e4e94e3a059237,smistad_fast
617,212004ef7e082fca6a78e18b3b5758824644fe45,smistad_fast
618,2141f9985d2499bf64efd6fd670133420f5ad306,smistad_fast
619,21525ef33ab6e2be9a7994a92e7f89940d5dc3cb,smistad_fast
620,215878a5df0dfcf78c99e11699620f31ae3c4670,smistad_fast
621,21715fcfd49df89762387a0a13863c989618c0d4,smistad_fast
622,21735b33791795ea5973a0aef6245e8cc33ede36,smistad_fast
623,2193cf6787b4f40b5c831fae222bf0823c29c853,smistad_fast
624,219d84b054d9f189bf46cf169d96b4607a1377ec,smistad_fast
625,21a3c2166b0ae3aae77c19295246bcc095edad74,smistad_fast
626,21a6dcebb5f93b7ca8b20aca13053697f0bd6f52,smistad_fast
627,21d62bd1e89ff756951de3001a3cd757a2846b60,smistad_fast
628,21d6ed1ef08e1863567b777203d53cb5de70114c,smistad_fast
629,21dc55b2d1d01cc61733f41e530c46db8fe52e85,smistad_fast
630,21e129cb3193089419e956be2ffa682297711e2a,smistad_fast
631,21e160f8e1d1bc087b271704d03be02952134d28,smistad_fast
632,21e1d85ff0918d07817fa9d617eda24dba944e7e,smistad_fast
633,21e4950934808cec58bfdbe0dd9939a956ebc2be,smistad_fast
634,21eb55365d838a642d981e295bd318f6843766d0,smistad_fast
635,21f696866c07902f491a8cfafb1014c313cf3db1,smistad_fast
636,21fa29ae0df0f1e31aac664ba9dde019d8bc792e,smistad_fast
637,21fbc78d01e76c4fef061533201e7b3e2599b776,smistad_fast
638,21fd14451057007a006e372f3258b5585acf4a64,smistad_fast
639,221f5b0f1af8a00a851ee3dc7d672bf553706836,smistad_fast
640,222b9378fd5447afd157adb24b6d4b94bd325fe8,smistad_fast
641,222bf3cd9d6df12e1b7aa74ea039b994b99c9851,smistad_fast
642,222cbb9ab3b8ac9b51d3ddb3045dde6911fbb18f,smistad_fast
643,223357e5fdda025aec0b2e1207507bfdd862e93e,smistad_fast
644,2245f2d2d849370cfd2d379b1d1be9e8d907b30b,smistad_fast
645,226677be6d2d9b58db9b6a0058787f3eef0aa1e9,smistad_fast
646,2276b5cf028e9e3ed9061b1d38c27b28122a8184,smistad_fast
647,2278bbb63d92356b0f170df5a4f1c3098556e619,smistad_fast
648,228432c03ee424f9cb770b066d0cc7d92a4762a8,smistad_fast
649,22865c8f119776a65b84b25b05d4253b512425ea,smistad_fast
650,22a09b83e372f142517a00743a29f04930f687dc,smistad_fast
651,22a8990df77092dee30db6943048140a6906e08a,smistad_fast
652,22ab76a4ccd38fda1915e370df8c38cdf6a9de47,smistad_fast
653,22d78d220c524e415f32cff4b4a207c67b0477da,smistad_fast
654,22eba58fbd1ecfda9b26fbc2e83e8ae52312c6c6,smistad_fast
655,22eedef7d660aa7a899cc049708f8295da3106c5,smistad_fast
656,230f405fad65474d8a53e6d3a7f61ff26d6a9cc7,smistad_fast
657,2321985445d6f54c874f3cfc0d9425e89ec1fc42,smistad_fast
658,232a7d3e25e688d14a7e13ed607d2cdac5425f61,smistad_fast
659,23307e5decb3d04f707f1b3c2c78a869539e137b,smistad_fast
660,2331f2c58ad7a8338c68004a0410892ced30e233,smistad_fast
661,2338b2a91197aa330aabebc76707076db15d568b,smistad_fast
662,2339ed1a426277a3b6638ff7e28fcf5d7ee7240e,smistad_fast
663,2351055390bd3cc7e58610b369abe1edd8f72a55,smistad_fast
664,2363cb62a224e104556848945e28e9ca1f403a04,smistad_fast
665,239bb6868ee24c6eca404fd15f2d938781c90f23,smistad_fast
666,23ada4393a136afbff7f27cd7d9fc47254f664b5,smistad_fast
667,23dfaca67503707370d7b960fb7345d0adf1e15f,smistad_fast
668,23f50feb7d2b707296cd524bd8f150cd56fb32c2,smistad_fast
669,23fbbc990c81e465d0611e683ab449f2407bc8c4,smistad_fast
670,23fd7668bdc57cc349cfa6db7152c9e8140f7d35,smistad_fast
671,2414785c1af8611dea57d0278d0cb9a6c932836e,smistad_fast
672,24217c5c839213f5c632798af14e5f72df65b93f,smistad_fast
673,242595b94cb8f7cef95661c9ff6e7bb1d54bef7e,smistad_fast
674,242fa4926d996d53f89f40e474104f048d0d4841,smistad_fast
675,2430c66ea3dfdb270d0d2b5ff965943312df7227,smistad_fast
676,2434816ab4148c554865424a4cbc45821418549b,smistad_fast
677,244473313526e31e6f65bfeb71913fbdd1a58b01,smistad_fast
678,24509ec3220bd15aaea058aa379294c28612b5d0,smistad_fast
679,2456359426224ef1d5bebfccb147ce7e0f2d9c0e,smistad_fast
680,2459df61cf8babccdacbfc93fe8f47c9d7caf921,smistad_fast
681,246d71687d213d690a23751d9daa822bcaa79714,smistad_fast
682,247be6162d1eb175267c5040fd9795a4b4529786,smistad_fast
683,24ad8c1b9e23f08d4e8e46580946b24ee72fce2b,smistad_fast
684,24d17b111bdef4c1d1ea828ae66d0fbea71fb889,smistad_fast
685,24df0b7f7a134aa556aae6ac3a80680b390956d1,smistad_fast
686,24efb309c8907b10b4eeea88bcab13cfcc1d4e8a,smistad_fast
687,2504a3b105766b3db93e697b6d59478157dad9b2,smistad_fast
688,2506edd5b85e955e9054c7dc94dc4f430d091736,smistad_fast
689,2517daa09b7a3cc48b04bfccddb9fea8cb97f633,smistad_fast
690,25261c50e27c9f349f058ecff70e28f9c8daed68,smistad_fast
691,2526a1241372ce3ace827cc4790e8480bff432ca,smistad_fast
692,252e84780df93449c9cd1d45b0aab3761661cd9c,smistad_fast
693,252f62c50688c69928762fbc91e233b2da3b2af2,smistad_fast
694,25372828585447b6182699f94a811a7c01888df5,smistad_fast
695,25420ed972a63194422220e1d3a7233ceb4a1aae,smistad_fast
696,254d65e52585327fac3fc23a9dc62dc40fce1dae,smistad_fast
697,254e7595307b3d17cbf810b9e53aacea8bb3a459,smistad_fast
698,25508dead51862e8d279c340fd7a7367eab10148,smistad_fast
699,2552ef0a4ef74cb3a8500f51c9c58c98016e4af6,smistad_fast
700,2565ea05f8cc93a6f6b4f302dd77f3ad7243020b,smistad_fast
701,256b099a942138d9caf716bdcdb9d93428c7ce2b,smistad_fast
702,2573e65f902c4cb78039e76c6cfcdb87289ea2d6,smistad_fast
703,25c1a938ae84561d1c6ae69218edc6ba94cf7a90,smistad_fast
704,25d6673460c00b9a863230bf5a1c177b696aa7ca,smistad_fast
705,25d748f6a6235334ecf7a86033e3d72756e98f6c,smistad_fast
706,2607260fd7ffdcc2f8979d0c0f82a5ca03bdabc2,smistad_fast
707,261525ae8aa0cdffd8b40b9279f123a12291e6c8,smistad_fast
708,262e269f8d0e8c73cf8083020cf7a38a5d69531e,smistad_fast
709,2652fda0a63e7ff2a02e25975acae1d7b82e6425,smistad_fast
710,265a714999eca8c5e1e2d29f7cd746df7b1d030b,smistad_fast
711,266908037ab3d33d1be995772b045750fe0a9011,smistad_fast
712,266a20873e7b56fdd8580f90ac96eb1d0be6ebf5,smistad_fast
713,266e86a07f169c7d8e363289e75b66e15ab34466,smistad_fast
714,2675ca605a068eb046c434f251e649290ff4941a,smistad_fast
715,2681e8ef19bcfefafc9bac87141804844546ec00,smistad_fast
716,268d7ec9112afb945c189dd168d04f5551baff15,smistad_fast
717,26a0901a3414fd7345c6d30fe9eb8d9c0f3bc178,smistad_fast
718,26a8fccae02649c7ebc42e154e9077d1f61abd00,smistad_fast
719,26b0efedf7eaf286598f3c51bd31379df7024d3e,smistad_fast
720,26bba4fa0e8c9eda1f52153fdc4449a389ff1182,smistad_fast
721,26c210c773b55698a74d1feaa440e755679a774e,smistad_fast
722,26d526b716d80e4f6c4136f07445c8611bfb49f9,smistad_fast
723,26dc411d832304eee8630c895b4c4c4b90037f33,smistad_fast
724,26ec92f0f1c90f06543358c03a8a7992bbbc2c8a,smistad_fast
725,27050c4f9b6b3c5a2e989c07a79b5a9d2ffc582e,smistad_fast
726,2707e508723503fd5bee8b60336cc8e9f4c8b48d,smistad_fast
727,270de9fa831b6bb98ac968b653cde65264900c26,smistad_fast
728,2718a171a73327a36d246ba508c1cbdd87fef073,smistad_fast
729,271f4d2aeb6c9a6def84affdf3a815764ef188f5,smistad_fast
730,272ed63e223994cef62bdb03d6c183cb4f275079,smistad_fast
731,273aeae42c53e204c973ea886aa83db936cdbe26,smistad_fast
732,274d16069ba692ba0e92737317bb5b35e2fec92d,smistad_fast
733,275222a7267c0402bdf160fe96d55250ae2f8806,smistad_fast
734,275b9c955407046a7f5f9b623dd8f9cf58b43c0a,smistad_fast
735,2763ae8b552a1bf2826268c3a2fce5e88133618d,smistad_fast
736,27695bcfe026ef9051e240e4f68d80d839c57709,smistad_fast
737,2769b46419285ea8781de7ba90f7f1c15d84392a,smistad_fast
738,278422633ae3a9b59c988b1c1659fb5317aaa649,smistad_fast
739,278ca7cfb5809c68269d081613d8d5a1866a9ce3,smistad_fast
740,2790baf405f0081bcba20be0b0b36fcf4406c57c,smistad_fast
741,279c018d6878315081f9233f834960605e48abeb,smistad_fast
742,27a83bed331869e48b295b1041b007cc1e297332,smistad_fast
743,27dc7f64473c870d7453c121a0a5091a4a59171f,smistad_fast
744,27f6eaf6c47c8a93951a9414ac12995a84cf8b58,smistad_fast
745,281b53bd511e8e6ac5043bb74cb278baf533e803,smistad_fast
746,281d1668089c40ec9bf35998c1b6ba3299f51451,smistad_fast
747,2855807aded21cdbded62b29eb1ec8a29a6f8bf2,smistad_fast
748,28574721bf77063a3b372cf3320b2438ef135570,smistad_fast
749,286ac44b85caf99bb399596008f3d3bed9109dc3,smistad_fast
750,2880992f4757a870215a6353c6f07cd7720369c1,smistad_fast
751,2884fc39e7cfeffe1aa8abd8d60b00aa4d872f70,smistad_fast
752,289bdbe27db3212101c7bcbf79e4a041124a5733,smistad_fast
753,289e1a6804f5cd6199addce91b585c0b94627f50,smistad_fast
754,28ac5c801a252d8a043fd6bfb1f22ab22c18aa08,smistad_fast
755,28af06b9347d1eb89cb52133c8b60c620bac297b,smistad_fast
756,28c3c2b7958bd721eb59ed4df9c30b27f3d80087,smistad_fast
757,28eed4229fa0ec615a4332e6df7f495a80a1ec62,smistad_fast
758,290c74332708f70f5660d874df71c3153c1da5df,smistad_fast
759,29150d35793cef760dbc9ce63b98464bfb037364,smistad_fast
760,292adfd94c1a90704f43fb9cb1908df8d6fa4eb5,smistad_fast
761,294c9d12761f6c3ec904f16b9340f452363ec4b9,smistad_fast
762,294ff664b679f6fb7b86bdcc75a2454aa3b7c333,smistad_fast
763,29a6e6b3cb2d2ea3f7f188613890768288bd36ef,smistad_fast
764,29b67e7953e003baf23002b2f0b1d8a7f58ae9ee,smistad_fast
765,29bb0f3a233f8a834291bdf9db166a0500a2892c,smistad_fast
766,29bbb1fd2099a289fa85528d2f7ee7083e45cfd5,smistad_fast
767,29c0c5cd02b76bee104aab78836749f8c07f9194,smistad_fast
768,29d4940d44dcd60205f00162fdb0530b2cbd9fb3,smistad_fast
769,29f8ff386c614bdc8d5914edffcad24db97066c9,smistad_fast
770,29f9e90f4d574aceadcce8b66e9093f4cd3c0667,smistad_fast
771,29ffe6a8c5f11450a8b8f650a27d8fd019d2ad73,smistad_fast
772,2a09af6bca47eab6f5047dce790c0853d369ced2,smistad_fast
773,2a1a6d53faccb6b4dff32bd6f2d1583a29618d7f,smistad_fast
774,2a1f9dabcb8d52a54b6a82c4e30bb3fd8f8177d5,smistad_fast
775,2a38c2b8b0ecc1b2e8f05bb1c28f30467f8330ad,smistad_fast
776,2a3b5673bbb0ed2acd384b17058a4d1b0dab5801,smistad_fast
777,2a4f5ab6ed729927376729d88d2c7edca360cc5f,smistad_fast
778,2a6709faa2667b577384f0701cf72e2165dd9bb6,smistad_fast
779,2a6e4b00adcf9e3445f8c8465fc755f96f4462e4,smistad_fast
780,2a8aa0ba76cd4096db78a8ae482a3effbea96351,smistad_fast
781,2a9c0b3c90d002ab2f8e724e1f451ac884c8377d,smistad_fast
782,2aa0144af0c7618f94fec05861c494ab22b2a908,smistad_fast
783,2ac173108d4efc4ddca68b867752d4ed50e2deb6,smistad_fast
784,2ac34894f852cdf7be7519fbe0ae7bc03e598f23,smistad_fast
785,2ad05b83ab9a758326257d9b6a9eb8252aa73a29,smistad_fast
786,2aeadf0dba4d34bfabc5784d923e8ea52873fc3b,smistad_fast
787,2aec68eeb5de76a00a26ca64d6314938e06d95a1,smistad_fast
788,2aef48d0c2e4b7c65a8dd4de92181571af3135aa,smistad_fast
789,2b560333031c10ce4b19ff14f286354c0ff8eaa8,smistad_fast
790,2b69fed11ef48130991d34a9a261a8d26af9838a,smistad_fast
791,2b79f09bd919205cee52fc5d1533f214a5377c50,smistad_fast
792,2b8b044d9b0ed9c70ca1e262d4c7f8843a8bcb6a,smistad_fast
793,2b956bc73219998971d1f7344dc5bde03fdc3a87,smistad_fast
794,2b9e084ae82f22d4057835df675a3835d05e0c57,smistad_fast
795,2bac54178e434b56059d070a43d7bb487d1a7b65,smistad_fast
796,2bbe4e247d6bd1bac564228a4beec339c35f25dc,smistad_fast
797,2bc2bbf0b20f15ad4971a49ba8f5f8436e4244a5,smistad_fast
798,2bd91b002e8675343a795090c04b1ac760e39f7e,smistad_fast
799,2be6b6c65145aa90310b1f625f6cbdada359c90d,smistad_fast
800,2bfe08e3a9b95bc4a720175289b5e9fda3a209fa,smistad_fast
801,2c0e40fd7e205b6cf6effb07d312cf6312a877a9,smistad_fast
802,2c1132515f2f24eb5ad2496f1f8a31bf4b7c4927,smistad_fast
803,2c2cc006c725ad5ad5456dec9c3645974a057bb2,smistad_fast
804,2c59586f2a914c6ea9c6c57c48d41372b75ad9f1,smistad_fast
805,2c5cf7705759b3c6001d9b32fb686925ffd281c3,smistad_fast
806,2c6474a77debe8f16578565d098d36893e220f00,smistad_fast
807,2c6aad1ce84d87377d733abdf2b10ce97b6daeef,smistad_fast
808,2c6d22c38a661102054332e081e7100041cacf76,smistad_fast
809,2c724cfdaa47c0e0e860e4f75c92c01d82d58fc4,smistad_fast
810,2c790b3db4ad41f6b579ade20b6b63425562a8d3,smistad_fast
811,2c80f35d44593c1fd92cb1d2ca72b1e75593826d,smistad_fast
812,2c885b50a9efd887eb6c52cae07a4087af75aa7a,smistad_fast
813,2c8f7e17efd5e5638bf111c171c3534b41f1bb93,smistad_fast
814,2caad3748c90c39d5b8d5ba716b10d87fea4351e,smistad_fast
815,2cabefa1c3451c1670a0462f7649818d53c7492c,smistad_fast
816,2cae0fdb17a6128a7f5976f88cd7e7458c5c4be4,smistad_fast
817,2cb86b073ef1a5bc6ffb6c19e58183ae216f9de6,smistad_fast
818,2cbd2d99a618f86bc2030eabdb818033701679b5,smistad_fast
819,2cd363e3d4217c2c4e041b4124fbc447617c7e55,smistad_fast
820,2cf148d83d08fe1bcabeb62dd7e846a71a0ecab2,smistad_fast
821,2cf27130c7fd402ba5c1165c85ffc1fc44b6bdc2,smistad_fast
822,2cf2d9682623de22484ef174492d48748fd250f6,smistad_fast
823,2d0a18c166461f3b85d45b910f83db3c7767936a,smistad_fast
824,2d0a331f9dac67003a988cc686b2788144e70533,smistad_fast
825,2d2a48090136c27ccd93f68a1464c4d745eba46d,smistad_fast
826,2d41fba5c64d19039bd66bd48b4fdb50bc2b06eb,smistad_fast
827,2d526e6495e71fcff883443e045ef03ab9b942d7,smistad_fast
828,2d53f94d33a21d091f0e2e36bdd08da78242b641,smistad_fast
829,2d67296ac699e6026f80ae296c86bf68128fa5e8,smistad_fast
830,2d68a46a4879cbedad3f0a86460c0c3570c4b4d9,smistad_fast
831,2d6e93f88a4827993aeadb2378331ae4ac672f3c,smistad_fast
832,2d705fcd6b00da6cba8c92c108060fa351447bb3,smistad_fast
833,2d7a05f341f4e79e79ca663a0011e2c3c4f3c301,smistad_fast
834,2d808f5cdfabf159853bc452d8af6106404e3332,smistad_fast
835,2d8bd57bb0e325b5cefd45f2f2ba07c61bf8ce61,smistad_fast
836,2d933bb946db608a6098290e9555bedbae3cd3a7,smistad_fast
837,2daa396d6cf7da895c81d86b859c4bb5f012c945,smistad_fast
838,2db9cc0d30e5f5e5931e43bb8ce3015ea9840393,smistad_fast
839,2dc7ba3b836bf9e505f7425ab28778a13ad804c5,smistad_fast
840,2dcfabe18ee23b5c3b26acf9eceb5bbc7ba1c7a1,smistad_fast
841,2de447a7f000f47870487a1ed6a94f97192aa8cf,smistad_fast
842,2de8e7b232a043f319137295cffcb3dd3984b888,smistad_fast
843,2de98a40593fe8565fa79f99e2cfec67f932e375,smistad_fast
844,2dfd580c7c17d365074ab223f51f9b181f50ffc5,smistad_fast
845,2e1acc4945820e6edefc9aedb59d5ba8b6dbbd42,smistad_fast
846,2e528cca364704a3683c001c0d6844c9a0dadd87,smistad_fast
847,2e6accf72edcc09d0d26432c13361c384311b3b8,smistad_fast
848,2e70ceac6c0e814d385e59c7e95d4bac35a3422b,smistad_fast
849,2e79e8962a0a62897fe9611b1786d7be38d32402,smistad_fast
850,2e7c1297fba9cc13d499b9375dc865040098122e,smistad_fast
851,2e9c03f22e8d0ddac94e0263ed3ef541f448dab9,smistad_fast
852,2ed7299ae67f1d5b6b01c4d6d7a53ba69753f536,smistad_fast
853,2ee1a95a323ecbcca884f556b55a221115fb7cd7,smistad_fast
854,2ee8ba12f4a062799d0d2a0da262083a8c7359c5,smistad_fast
855,2efe4c215bca63f27dc9e19989f130ffbe7f65ef,smistad_fast
856,2efe6c9dee4c2c0f948a44ecdddf2da988001b1b,smistad_fast
857,2f0207ac87ad8cf2869fcf6c6a560e617fd0f644,smistad_fast
858,2f0d2ab257bec7f8ce72f2cece2b3426f62430c0,smistad_fast
859,2f37b485a3df9ef99ac4f755313370b847791ced,smistad_fast
860,2f4665e4d19b7cdc8ca6dab0c1cfc51403b8697b,smistad_fast
861,2f4de4cf7f33e9ae078eb62ba7e2368a6cc34a75,smistad_fast
862,2f527a16b1c4542b1d24fc73da7d75c583a500ff,smistad_fast
863,2f55d87b3bbc884ae4b3924e0a8465c2c43b6b79,smistad_fast
864,2f5daf2e5ae297a40099a57f10ee96406c737ec0,smistad_fast
865,2f5f15ffd33718cfc20dc89e494477e3b6d6a543,smistad_fast
866,2f6dd3e794bc5086817b42c9e9e7b4a251be3bbc,smistad_fast
867,2f8223d1851b3285a22d37219e2a67b00d4d4964,smistad_fast
868,2f8740b3e40f2ae39fde543a44280c2716e93947,smistad_fast
869,2fa9357ab6637cd79c252f0aa805b0a8ba6dfe34,smistad_fast
870,2fab9c92f7dd195fdb83b070666d9b9ded854845,smistad_fast
871,2fb04fce8564f6233086cbe1ad40e9a317c4cfb6,smistad_fast
872,2fc4d4a9d769168dfe6481a38e9afb843c7ae0dd,smistad_fast
873,2fce400747a9f409837da6e2b86116f9eb74fede,smistad_fast
874,2fe17d198943c1e0e38677e9f40b1d147db62e9b,smistad_fast
875,3025cbb3e545c5ea6336f85919fc3c04e7e3f797,smistad_fast
876,305239010680f305e0d9101fd0898a8bd507071d,smistad_fast
877,3054520dcec54a89c29a48cf73c023aaeb0ce53c,smistad_fast
878,30556f405c5ce898fa53703a32a04d78e1a0389e,smistad_fast
879,305b9fedd7239ae9148ab720abbe661f2e442c9d,smistad_fast
880,3064dfa21810b863827ff9a2d2ca4550a6d9a63b,smistad_fast
881,307bdf93c2eb47dcbb61c6852b11b1b439ff7bad,smistad_fast
882,30819d7dc0d613597b3f5f20602ebfe346acf429,smistad_fast
883,30824f46ac106e3ad65ba588a0bfc549535d39e4,smistad_fast
884,308c483b1a8f8dd5c12b6edc57733c94134ca37d,smistad_fast
885,309a8ecc35c63da45b34004b234e69e0e3c81486,smistad_fast
886,30ab4af3dd209d2dae0b35e37fe8e298f52eef15,smistad_fast
887,30acda08fe09ad02d6bc0c2393baf1edce7740d2,smistad_fast
888,30b4e0f135adb98dccae4b030b40985fc44bdc8a,smistad_fast
889,30d22f1b1d953593d92fcc15ac202a5b13f53b2e,smistad_fast
890,30db12ad54e7702601b7f15e243d4fffda61b4a2,smistad_fast
891,30e66cd28c0bd7b0b19b53c4850aa8708cac0387,smistad_fast
892,30e83d64362fa80cd98ee1edca9f01f859b5e8c2,smistad_fast
893,3101ccacb3c54e8366e3d5970064d31eb3eb24ac,smistad_fast
894,310a7875e5a4c1dd4f67f534be13614f23378eaa,smistad_fast
895,3120d6f1d8e1f1ed580f3a34ed6fd7a7bf3af033,smistad_fast
896,312e2552acebf5233cb3df58a5779a4c06299468,smistad_fast
897,31394bbf0c8e9b783829ddb6adbf685793990f2f,smistad_fast
898,3153c10ac317180f4e962ff3dc0ce2653262e56a,smistad_fast
899,316239f2e5a2404309ca93c7c9d80d6bf828b79b,smistad_fast
900,3162b499d40a57753f9e22b7f864301180a0dc6e,smistad_fast
901,316586166748a2e349170b111c3b337cb9bc5bc0,smistad_fast
902,317057d543b9ca2217a60e9da14d53253569a5a5,smistad_fast
903,318a6e1a3aee636cd6fd340496920027c9b864b5,smistad_fast
904,319f60ef2956a056c6487e935b02df2e198bae2b,smistad_fast
905,31a1daa459afe77768e5acc062880710272b19f1,smistad_fast
906,31a79b0e5bbe6c36a8e9a159a1c63bd0aacf03e8,smistad_fast
907,31ad79d69e5364a16525a7fbe35ea1a3b636c57c,smistad_fast
908,31b15da0fa0410a4de2bbe0e9bd1b02da3341ef2,smistad_fast
909,31be63072109919f87d24042099ccbac3733b3ea,smistad_fast
910,31d1b0bb6eb2b3dcd26fb7a904493ce012c0b222,smistad_fast
911,31d6eed696aeee001fd90f5ea5ba6efb4d0402ab,smistad_fast
912,31df79d351efb12bb2a8dde434fc3ef6c474dd7f,smistad_fast
913,31fd84da8d2613d564a76ef3608bad79bd13796a,smistad_fast
914,322791a825ab96117945f3168350185b4cb79c62,smistad_fast
915,323a27444829ae289ab09b7b3851cdd06b4a441e,smistad_fast
916,32648329a48ac3aed3dba6efd24b940c0d8ef5b8,smistad_fast
917,326b7a2a268cd39d2d1ac004d7831657cd6be218,smistad_fast
918,32853874686d4f67c1971a16ee1919d2fd86f7af,smistad_fast
919,328a822698806e7b939f9c9bf238eac1740a361a,smistad_fast
920,32969c723c345badf30a62106361503d5bafe9fc,smistad_fast
921,329991e60bd7627df393ad82038974e8fe601941,smistad_fast
922,3299cf572f1d4da894a5e20747c5e2f6b5420d88,smistad_fast
923,32b4b9bf39348822a94fa74cf3cc2a688e500d7e,smistad_fast
924,32ce81783f236cbe6d30374dcbb050975bd172ea,smistad_fast
925,32d0cf410c9e2810aec8637335a3ebe181a19ab1,smistad_fast
926,32f2a46c410d847008a7681623327e7a9f8a94e9,smistad_fast
927,32f3177f61f8b81b495c2306c616b4fa07c50289,smistad_fast
928,3302602f3d11bfff6c8206830b07142dc7cc6f4f,smistad_fast
929,330d716632160b5ae8e51ef1c7d931e5439d6c99,smistad_fast
930,3319ed0c595dff2e401703c5000b5165c06f2db6,smistad_fast
931,331f138bec6d1114717d383e7375941a43250f37,smistad_fast
932,333eaa85ce974e1bac96fca18f4614f9dc684537,smistad_fast
933,33422d216bcbccca39022f0a4bc7376d8b806862,smistad_fast
934,33433278f6bf4ce07a125ad368f4a34cae9a7a67,smistad_fast
935,334a8ca4240d6bcbb8891dec6adb823d282f3222,smistad_fast
936,33639f76c59cc9adfa7d1cf8b2d41e73149a9f14,smistad_fast
937,3363d6738b7e9a78a934749acd9e47de87ef04e9,smistad_fast
938,3363e3056c2a1bdb2999bf32f756437a4c0ca539,smistad_fast
939,3365abe9ddc7600bc82d9d052a8f93e5f8e3b1d1,smistad_fast
940,33748ab52656ac9c49755f6487aac766b873a4a9,smistad_fast
941,33751f5d647101d3f3bcccde56d564904f314a3f,smistad_fast
942,337a8080cd49a7e4ef8cf531ed6fd3a01fe481bd,smistad_fast
943,3388b81b41e266320c44889172bbdaa8b0251d25,smistad_fast
944,3390e3d63904173579d302e64799bac462359441,smistad_fast
945,339594426c56ddc3ea6ef3eddb6c8c224761a358,smistad_fast
946,339fa25b5a31bb819b13acfccdf05e61c8efc98a,smistad_fast
947,33c460149f583c7ccc98a9b3f60041cbce81c202,smistad_fast
948,33cfced6b55293f6ee8182783abed27bd5fbdff7,smistad_fast
949,33deb1df4d2111ffb30ce3190fa1418a441014ff,smistad_fast
950,33dfeda25348970901e42019497fd85b99222d46,smistad_fast
951,33e29ea228634c1cbd7a465834338ff76ebb0110,smistad_fast
952,33f1e6775c8bbd9e68c59edec56dc7c7526f377a,smistad_fast
953,33f9588d5a1ae7d2e07b37a4a75362f2c07e14b2,smistad_fast
954,33fb5195f87be28c91e70e897046590330a55698,smistad_fast
955,340b1d0f68022ab04341d8c494d0f5b079c1f720,smistad_fast
956,343c667b020517a2a332ec2b061f517a32a5d09d,smistad_fast
957,343c92f8beac17bb7edef28433b55697b4b12cc3,smistad_fast
958,345c17836cf4442a489183e56ef7d33888826d05,smistad_fast
959,3467a46d11d55c665948bf8ecbf78f203f7db54f,smistad_fast
960,348622bb533741ae172f0e27db21e8aeffa8de93,smistad_fast
961,3490ff73c6951db6720e055dcb1e44a17cb624be,smistad_fast
962,34924bc30c121bc60a7dd9f3682c79902a0018a3,smistad_fast
963,34b3d3bd00ead5b3ce1819c2a1e96972e265377d,smistad_fast
964,34b48bdc116513f4e187cce6105e636190f35084,smistad_fast
965,34b4d8a9893298c217793a7f715cb6a5768ea5d9,smistad_fast
966,34b7b4c4ff25e955ea87d6bf45b929f220ca335b,smistad_fast
967,34baae96529c77fbb826016019de8a44fdad7df9,smistad_fast
968,34c1b491aae35398d867552ceea4715412a9ac8c,smistad_fast
969,34d17a07e526d1d89ee088fd1aa95dd9e431fe4a,smistad_fast
970,34ea75ad58e56c4d2ed7d619d80d99c905278011,smistad_fast
971,34f22e16c929302c27f99a31dc93a4f8bfee81ec,smistad_fast
972,34f48b7d6ced9d6e6ae8a2be2adba63ac77b9fdf,smistad_fast
973,3508ce20b3ef87052297cc040a908de45b764e7e,smistad_fast
974,350a269404169d271952a51a9209a109a2bfb2e8,smistad_fast
975,350b9bdf9836b426924f536d78d445ba4065e08d,smistad_fast
976,35137aa014c48073d67cdfee2576e0ce94d781a7,smistad_fast
977,3521756c10f1e4a8583bb0b11905041cd4cd2324,smistad_fast
978,3522bdef231ec22287c721cbac06604f74c172ff,smistad_fast
979,3523eb9cd1a01b2a94a3cf53c9dd3a3ed1188d1c,smistad_fast
980,3560bc429fe65fc9bb460c29dccaca4c6e0d369b,smistad_fast
981,356379aec6736eb01370189c8f6b4d2bafbce524,smistad_fast
982,35677384dead3154ed90679aa5c4da5dd9801158,smistad_fast
983,356b8d73a0e4825128357624e9a1dae518b1d12c,smistad_fast
984,356c0c00df43c26bedbfe085d5d31fed7b647568,smistad_fast
985,3574ac5fb2a564e4d02f07a4bf07f2a6d90ef433,smistad_fast
986,3578230519299a8d241f63c16e8aa6cd1c044d44,smistad_fast
987,3593c9c3d3e6c2b2f45e69be36e82261b85bc919,smistad_fast
988,359a9545eaa6e136307f8e1730f06ef0c565012d,smistad_fast
989,35b15e0a0c57db55375d86ba8f8cd6ceb0e833ab,smistad_fast
990,35b7c7a88034e71ff5ffe1b5cef25593cf49d551,smistad_fast
991,35b9d62204151caa889837750e4c8d11114324bf,smistad_fast
992,35bab9554b26fe9399b4eb9927da84255da46d66,smistad_fast
993,35ca4d15c0fb83d53dfc7e7020cf574b6ee6f47d,smistad_fast
994,35cdb7b42261ffb73877cbb0bd86ca022d6824d7,smistad_fast
995,35d52ba6c8fb46f5b1d4a4259ad247f12f683a68,smistad_fast
996,35e81d621ccabc106e999369b6cb764e200bf48d,smistad_fast
997,35ec578f65a91c477ae50c3d4f064df8d2341c09,smistad_fast
998,35f1d70a06b4f60841691640667aaf8c553add0b,smistad_fast
999,35f2ffa39b8fc3f419dc333b084ca3ff22f241d1,smistad_fast
1000,35f4dfa5973589f9667bcb1013e0bde6bd91486b,smistad_fast
1001,361819190ea0ae5a2f068e7bd808a1c70af5a171,smistad_fast
1002,3621b126cd1030fd37056d8065be7ef3a129fba4,smistad_fast
1003,3641261c8dd2db2f39466a346ab88a56f1e8365a,smistad_fast
1004,3644e261acb873050371b78c65c137f6351cf5c5,smistad_fast
1005,364ce536006e54a88f516070db51161941fe23ac,smistad_fast
1006,365cbcc8dec2bf5b6c71fb6f0d0918944d27acf6,smistad_fast
1007,3667ff14f95d3ed02602796fd3c95a17e900935f,smistad_fast
1008,366dd938dfdb7a318c6aacf7dbf264467c7479ef,smistad_fast
1009,367d2ab1bd373e5c472038003fdb65b9c661fae5,smistad_fast
1010,369037010cc853824c7e1a55210987d8f56a326f,smistad_fast
1011,369d50b85dd0e5d5008b818253c72f7dd6e37fea,smistad_fast
1012,36a4e3e27f24140ff26bcc0337eab26422ff34b9,smistad_fast
1013,36fc08d67a77257a93585e09d7925f290150d15a,smistad_fast
1014,3703286dc074768172e266091b99cc889a3290ed,smistad_fast
1015,3722a02430d54580bdbd4ba7c38147b326e7bf53,smistad_fast
1016,372d582c5a5923712a49d3ca1b02363c721796b3,smistad_fast
1017,372d84b7269f2c127bbf94f37a9831dfb446c9d1,smistad_fast
1018,3765b9830fb6017fece1b6ed77976978b609e1a8,smistad_fast
1019,376d5f351312c5c6e2527d5214569a55ede020a1,smistad_fast
1020,3778006f13b3363bfd19d1dcae87ac40ffc5bd37,smistad_fast
1021,37b18f7a67b5dc503d7cdee36af1edf1728db123,smistad_fast
1022,37b5b92df22a53bfd1f78fe9bd3d68e8809fdb7e,smistad_fast
1023,37ce21f3024b8517c0d235caf762edf1d5455471,smistad_fast
1024,37d38332063d8f5316e52ad6af1b07ff5a3c06ae,smistad_fast
1025,37e50e4cc298e9f5e2003550c0b4afdebf1741b8,smistad_fast
1026,37e9e84f14a63cd68074bc028c04d64f1ff6bbd6,smistad_fast
1027,37f689d476d1dd95363cba6819132099e302b810,smistad_fast
1028,3804a0934de7f39963a2a35fff503d447fdcfd42,smistad_fast
1029,380590636be5be4dc6a0177880fad4d782c36e2f,smistad_fast
1030,38159bcd2cf734872b7b9ba47715754f04437559,smistad_fast
1031,38338da461c37c7866b1936878342f3e32895815,smistad_fast
1032,3847e1959cf81ea5c12bf1fcc972699fe3c74ee3,smistad_fast
1033,38551626f711732bf0332832416351b5331e1ea0,smistad_fast
1034,3859812ecfecac033cf13bb081141faed2e4406b,smistad_fast
1035,3865b8cc6f5ec3a3b841a271604b87e00b2c5afa,smistad_fast
1036,387f4300812ad2bfbb2ed152cb8adc6761552cf7,smistad_fast
1037,387fedaf9385ade6133b46bc70484b05793c962e,smistad_fast
1038,388fd42d300a891fe3d857625da09ef32a2d1fe3,smistad_fast
1039,3891a563076a0437598d2a779d01699a6a663908,smistad_fast
1040,389335e520476d5db3de11a10eddd99ee5f5378e,smistad_fast
1041,389d811bf346bc19c6bf0a0e2696f9420aea7a84,smistad_fast
1042,38aaac86e15176dd28291e0655fb7d174ed0de87,smistad_fast
1043,38be71d79d6a067878f2455c35ce9a00fdab164e,smistad_fast
1044,38c4e7af7abe89df9e6dd3c7877737d39915c472,smistad_fast
1045,38d74309ac59f36123f09cb4da422a94e1f29c9f,smistad_fast
1046,38e85f39fb442df64689dc80ba47974793c6f816,smistad_fast
1047,39036ebd8bee489444e2fee760a1dc5098a9964d,smistad_fast
1048,390d025be494ea0ebb195843f6d2be58f008808d,smistad_fast
1049,391d6b264ba2dc1cb9640bc025e82c6c7932ba80,smistad_fast
1050,391f79c65b1651d47f997b1746e27bc341923a78,smistad_fast
1051,3945597b93a01d912ee0c15ae712d73d3d9141e7,smistad_fast
1052,3945e21877ef16963f2402eb85dc27d682bd2d13,smistad_fast
1053,395a1f313af7576827a1402da42ee6a01bbeac14,smistad_fast
1054,395e33b82fc05811a401852d047d035cf4e6e971,smistad_fast
1055,39606a1d9ec43b9d050fafadd997a8ae60cb5ac0,smistad_fast
1056,396698192bb674b240eb0455525a95656b976c6a,smistad_fast
1057,39945dc9252a40d4c9295116b2222024b76395dd,smistad_fast
1058,3996e1c771e7091eaecbb62d9030518a7b49fa10,smistad_fast
1059,39a0a0b8323b7128d8be840fcad1c7ff29b7745e,smistad_fast
1060,39aefa7440076ef32431bdab9ef119224b449a7b,smistad_fast
1061,39b7fc55a6f04fd1d87915b8f3241890a0abce89,smistad_fast
1062,39bfffc93d0e4bea042b2f6e039d96876fe34a8f,smistad_fast
1063,39c5152b0961f9436e2f66fb69daf1af8eee868e,smistad_fast
1064,39c9cc1b4ee085639ebc5eba17867e8b7dddbc52,smistad_fast
1065,39d73a3fd1aa8e7815ada53a3656962cc6ca6c2f,smistad_fast
1066,39de2b77dbeb6ad38b604d0f5e775dbdc929e706,smistad_fast
1067,39fb7d3bb4dc59345c0660157ae70fe291d5ff44,smistad_fast
1068,3a07653827b25327371484262d888ed69d4fb884,smistad_fast
1069,3a08b0286f170a7d416caeb4509794665f607279,smistad_fast
1070,3a1565265dedc52faeae6baf60af038488a47bac,smistad_fast
1071,3a1cb1bf40562476efd7bb94a0655c65e0dd2a1a,smistad_fast
1072,3a26e3cbfb27aa7d55c52b6c1e7d9b6475ad75ad,smistad_fast
1073,3a2c2ce93fd30958978c05471f2ca236b5c55486,smistad_fast
1074,3a35687c0cb4f534a5d8664b7760f9bf7d8eab63,smistad_fast
1075,3a5c171b86d8f3b15e8236d56d66b1705141a2b8,smistad_fast
1076,3a5fc1223181c167a4b811bee85a331e2a704870,smistad_fast
1077,3a6586414eface27be8bb20492d328265240044d,smistad_fast
1078,3aa8e51ce9b24b794cd00d261304e161a74aabc4,smistad_fast
1079,3aab7527def7f92d5b8e6a6c9b0267161ab014ad,smistad_fast
1080,3abc4e788df2b9f479de27a5bba041c9d15a3098,smistad_fast
1081,3ad0bb48853e61459958e1ad7dfe0ec58fb99d11,smistad_fast
1082,3add50f6bdb22724455ccd0eee05e4c9e4f77814,smistad_fast
1083,3ade580adb029a7488d9721fc44328eb922be318,smistad_fast
1084,3ae3306471884fa4102c289990e4c12258721c54,smistad_fast
1085,3ae70c83ec352f28bfa575d1bfa46bd8bc25f3a6,smistad_fast
1086,3af2b50322d8f168e69ce0290ae892753e298f27,smistad_fast
1087,3afb795a5f78e9033e31c9912f512df3ab92727a,smistad_fast
1088,3afd9c5d8ccb79d31b487e0bca077e1ec33b1c71,smistad_fast
1089,3b2280b5c049de837b33e3cb35bda8472ff199ff,smistad_fast
1090,3b288b7bab299588f14323ee759cb661eb4e91e0,smistad_fast
1091,3b3fb328492963f692675be7ff991627d1fd78c8,smistad_fast
1092,3b6e81433b1016d3456620a5ff424ca920726b9d,smistad_fast
1093,3b6f3526d7a699e0a6adeff3eddcea85dd045cca,smistad_fast
1094,3bc3f430d83844af7273e1ddc3518d2edd9e6b41,smistad_fast
1095,3bd1f307b992bc0d4c593248be5344f267ddb3a1,smistad_fast
1096,3bd4b7102929bf0047163c12549ecc37a96a02b3,smistad_fast
1097,3bddeef2a4d904b4da46d48bc2d46630b3d42d5f,smistad_fast
1098,3bf8a4a1ea4032e8de5e48cc337bffaac653423d,smistad_fast
1099,3c05521120a24ce82982c2b7915979db9b337633,smistad_fast
1100,3c0fac9cbf2492b416291b0da7e943d30bb87736,smistad_fast
1101,3c21c83d9b002a390ead58de7f05a79dda0f7cdf,smistad_fast
1102,3c26d56791c4d66ffb25bda2f82ff32255f936f7,smistad_fast
1103,3c2de559d2d1d84b48d02262e0f0573bd27171b0,smistad_fast
1104,3c3e5a7460684d4b0ccd62205b8503ba63b44568,smistad_fast
1105,3c41fc81c21ab41ff8f718d00437718beab55d3d,smistad_fast
1106,3c5d204e22c4359255d3668feaf7d23a5e3c4d84,smistad_fast
1107,3c5f488d6cb37567bf236fec8db364c3c24abb4b,smistad_fast
1108,3c653eb786691768cba2bd778cbddf539eb07f1f,smistad_fast
1109,3c752eb3fab839489f199c974a03b9a560faaf78,smistad_fast
1110,3c80f04aa72df35967fc7d0b26aa5a4a7375ccb5,smistad_fast
1111,3c8c6d508a7318a3316a5d1b6a48a07690cac3a2,smistad_fast
1112,3c8df403433be820521809c4735dd2a0a14db620,smistad_fast
1113,3c9fbb7b01edb63c1c6685105ebcc763e52140c4,smistad_fast
1114,3cbfccf29eaa9df62ff4efe0911e4eb211184123,smistad_fast
1115,3cda0d1e2f2be8aacaaa0cfed3cc0c4816855be0,smistad_fast
1116,3cf1751078688d9e9e92108933922dc6cf6c8294,smistad_fast
1117,3d080d119d0a45bfe7b2ecf9a2b2de7aa6c3bff6,smistad_fast
1118,3d0e3b85652d22aa6949414656a1c935fee82cf6,smistad_fast
1119,3d0fef15e68ef4b5d1d3a7c8ddfb70ce74730642,smistad_fast
1120,3d19a8bef255fbe9f94507b3134e2e02bee34b6a,smistad_fast
1121,3d1c7f24b2f4c2ae6e93d480e7a9b39e98c13151,smistad_fast
1122,3d3ed6f8a6b12462af738a36debf49cf0c686130,smistad_fast
1123,3d43e44d1f82e6461e51d7fa4c6dc23751e66643,smistad_fast
1124,3d475732510e4ead7313078c47fbe1f07336e1df,smistad_fast
1125,3d65644812d5011dacecf44b329560b9bdd40d0a,smistad_fast
1126,3d666b4877d444be71ef8dcb1dd3699f5df21087,smistad_fast
1127,3d755f751fc4b694c70c910c54b649d70e23039e,smistad_fast
1128,3d7df1b23fcba15648748024cd19b871aafc0249,smistad_fast
1129,3d80a5bd51e3a15fac3c5f4b5886f7272dc003f4,smistad_fast
1130,3d88af1b94e6421415afb40bde81b5cfb34103e7,smistad_fast
1131,3da0eceef4db572ea9f55d8375c7fa3558fcf7b0,smistad_fast
1132,3da4eeb3ed23f3d0a5d3dabe4775c48ca920914e,smistad_fast
1133,3db583099a2594e166b4410478f60052f5ace8ef,smistad_fast
1134,3dbcea2bf41e3196dc0073eb27102a16fa2e4ae5,smistad_fast
1135,3dc332b790f7a5175063b4dd28352c4ddcd14e58,smistad_fast
1136,3dea52b9f94bceccf06ab0722884e16e3ea43889,smistad_fast
1137,3e10b3f050355d638580a20c5dee37342d064887,smistad_fast
1138,3e13e61cc3ce65d6e372b1a074c500a1922ad674,smistad_fast
1139,3e5195c4040ad11ded392ded02fded9f1f7b6eec,smistad_fast
1140,3e5201c21077066467c0863413a913cf02109aad,smistad_fast
1141,3e58bb3ab0f34379537233fb867e1d22d96c9713,smistad_fast
1142,3e60789f45622a5fee2f5f08cf212920e97d0be4,smistad_fast
1143,3e705f52915df9324d324c6034ab2f26349752aa,smistad_fast
1144,3e7a89bd6dc2ddef4c0c72e0b820b76e3bc22002,smistad_fast
1145,3e8375c87645d6dd52c36ea5a97ca4c7d043aef0,smistad_fast
1146,3eaa3a2c70e1fa60442afc9f31cfc3564c15c016,smistad_fast
1147,3eb7e813b35c7bd6d166bfff9fb87f901fdaa551,smistad_fast
1148,3eca8b1edb639d0f421e73d3553178f4817bee78,smistad_fast
1149,3ed22a0349407bb3605da9ffb97ddb7cff87e1dc,smistad_fast
1150,3eed8e4dcf38f50b18c0abfb8f57ad55212635ef,smistad_fast
1151,3f163e4c8fbaee8cfd09fe3634173fa54dc06b54,smistad_fast
1152,3f3fc5c2b141c6713a1bac75077425cf1851bcc7,smistad_fast
1153,3f45d2c49c208523890e0aef8e8c8a759ad2153c,smistad_fast
1154,3f76956dc2a9ce2b17c43f381fcbf62a713c7450,smistad_fast
1155,3f7cb17f504db5a3393d45a20731844766e5c9f8,smistad_fast
1156,3f88c847ebcad22765d16e33397d527a7340c67c,smistad_fast
1157,3f8e6276fb435092cafc45192a9383b43e19715a,smistad_fast
1158,3f8f994291d26944e487fbb502047103bf1f6921,smistad_fast
1159,3fac301a3c9da8c9624de686ebf5973209beb6cb,smistad_fast
1160,3fc43dcbf66394f93b0c58cfa9a61e21b2e3f833,smistad_fast
1161,3fd61e89f9a5634cb7c83674b93e5fcea8b06cc5,smistad_fast
1162,3fdc1d24aeca88e729c0ca1c1e02a578a244713d,smistad_fast
1163,3fe1f15449a6037ef64cb5dd772c4e2a3df4cb71,smistad_fast
1164,3ff02bb2df18f3281664cdf6ea7775bd3141d163,smistad_fast
1165,3ff704d647b9b1fbb974cd88b9ad9a8b17d79c9b,smistad_fast
1166,40087f6fe455b53b2cd1053121b7e830287ba603,smistad_fast
1167,400d90e543be218664bd81c712d7233e6d2e952c,smistad_fast
1168,402c5bc78b49804aa0f774ac2981015c8dfd22cc,smistad_fast
1169,402f9bc7f22177ea3cdc7257b26b5867115de712,smistad_fast
1170,40571db9906578edd6fd706015dfcc5ab16d0e64,smistad_fast
1171,4066a3a4049d28cb76ba840c663e7a323748c801,smistad_fast
1172,407e8720c19b065c283b36bbb53a65287468f50f,smistad_fast
1173,40889bc927dd612a8bdbff615e9c0631513ad499,smistad_fast
1174,4088bf7000fce6aa3011bf25e7e0f8d4484a5737,smistad_fast
1175,408ff6c07854c52003be0f303ce60ad6847f5ae2,smistad_fast
1176,409671f8b2b117c3a260a4104023cca1574ea34c,smistad_fast
1177,40aca63e4eead1248bcf0148b1a4a511475f3249,smistad_fast
1178,40aee7f1cf77cadbf7ef670d31697ada80f760f6,smistad_fast
1179,40c0e806fe87943015d32f527f19c3e7dc5ace1c,smistad_fast
1180,40d8205fe2f7f8a54955d4d9a49f53481b8a55d3,smistad_fast
1181,40d94348f622eff7c4cc8483c00170f3a992b4d4,smistad_fast
1182,40e3c3ee00ede2771325bb54cf4312b5c0456159,smistad_fast
1183,40eebae2fb5d193ac611c80cd7f52f4bdec8bd25,smistad_fast
1184,40f4eb1260d7870db1e6d0d2952c8661845171d1,smistad_fast
1185,40f65ae5bf62afac305879133827364e1aab0827,smistad_fast
1186,40f73146d61438dcef6a46096efc6f5b90443306,smistad_fast
1187,41026b2bb129f805bf9c8ef0ff1e3d7ccd439fc1,smistad_fast
1188,41173c8ed7c65c3452004b8cda64514001733a72,smistad_fast
1189,411e475ed8b5068743f269a56433d065ff2fa069,smistad_fast
1190,413c82c4787baaec74afef82f0340d86db0f2030,smistad_fast
1191,413e11f935de1963d4ed0260dc4be598e36b1b2d,smistad_fast
1192,41414956ffacb6ebb6c3c10fc327265d2bee0405,smistad_fast
1193,4141d1564c487078e29d3b3f73eb6b8994cad3b5,smistad_fast
1194,414e619761ee121c28fe00e9f62748d1fe371a66,smistad_fast
1195,414fd90ad4ce8deb8d159556c2ed319135a3b6bb,smistad_fast
1196,4163f380802540a596101f6022c3e30c81dcf9b2,smistad_fast
1197,416a1034da0f97ecf4fa3574efd096372fe940aa,smistad_fast
1198,4193525ff06beb238fb6ce4aaf1b5ab7aca5bd59,smistad_fast
1199,4194f301978e48549b059dbde5ec58863f76bfd2,smistad_fast
1200,41be51fdc466d76f056815db7e5fd1398f15c5cb,smistad_fast
1201,41c57e7c5fba457eef79353ec2744785a7c7b76c,smistad_fast
1202,41c74bb5e4ed12549a8bff2c11cceee62ad555e2,smistad_fast
1203,41ce92b9dc826b1f877c6a9addcd61b8692ca16b,smistad_fast
1204,41d22729fa2eac6bdb5029feada3274de9dcb295,smistad_fast
1205,41d536a224b2ae5dc8c9d384d562afd074099480,smistad_fast
1206,41dbeb0f935b05f14b76bc6dec80ae38309d819b,smistad_fast
1207,41dcded0c7dd490a375ac8ab4a32d0d1f8b79a75,smistad_fast
1208,41ed37d70d7999db7232d05641d9073974b2a2b5,smistad_fast
1209,41f6b319ab61da12c61b95bb916cb7660551dd3e,smistad_fast
1210,420a1beac59cd9c9063c24607a11a325e8fc633d,smistad_fast
1211,420cdf06fa39cfa91b6666f0cef4ea7be3c234ee,smistad_fast
1212,421d6f0562690aa79a2525e3461f2ca64dd4987c,smistad_fast
1213,422125eb848e8847245e132082903a6f1881f6b7,smistad_fast
1214,42487a47266b196af5ad14d4b0e634be51d6f6e1,smistad_fast
1215,4254620a7458011d7669dcd573b79f8e70212d36,smistad_fast
1216,425719bb5a225e31cf038064ee3dc00b69e5f392,smistad_fast
1217,4266e5323c60664d9235498aef263893d58d916a,smistad_fast
1218,4273cd5c4c6a7d22f4f67304c33e07f620e5975c,smistad_fast
1219,42785cc7e18ebd104d5adeb080b424c9becac7a0,smistad_fast
1220,427f606a09c024f8b3a9ff52a128bec68974e1fd,smistad_fast
1221,42810788de32e6cef8510bbbb3447ab320efc68a,smistad_fast
1222,428525d87c0dfcad1a6a6ea2b07900889d26c8f6,smistad_fast
1223,4285f0b8e9a45302d9fc852c3e62d761736c8ef1,smistad_fast
1224,428eede3f907c284d02fd95705e9e09168d5d21e,smistad_fast
1225,42d42ae87d758e4835d72cc7377a766baa4a14dd,smistad_fast
1226,42e500b891426ca23adf86da5c0a5df714aa0730,smistad_fast
1227,430d7c7ccc54109b0ee4d9f2c3a808a182fefc9f,smistad_fast
1228,4313b8acbcdd65b09824e1d2c209e97258672f1b,smistad_fast
1229,431677b0b304d19273956706fe22a3360d93b726,smistad_fast
1230,4336200f23ed7d573312d72b1914306d1bf54aa7,smistad_fast
1231,43375b876176a1e41a61caec7db20cd36ecc53ad,smistad_fast
1232,4338d0181d74e289106bc9e89a7097107b1c36cf,smistad_fast
1233,435371b241543ee8914e0b69c437f613166ce1ee,smistad_fast
1234,4363afca41fdf3aca40bdadc3d26cbf42a134893,smistad_fast
1235,437e94fbd31e1a9691da810407df1c3c85880330,smistad_fast
1236,43806c556fcc2a6f887b752a9279fa0a5c98416d,smistad_fast
1237,43811ff9ad9dbcff3554137d5bef20ec3e99b3f5,smistad_fast
1238,438bb34b06f57e447466c65381f60156ad37f7a2,smistad_fast
1239,43a58a721064b184aeb9d1689d21915ff35765c3,smistad_fast
1240,43d09bb443f8487cba3ed57a062f809e28b7fca7,smistad_fast
1241,43d317166f3e227a6ec50ebe6779815287de905d,smistad_fast
1242,43dcffd093fa088a0fd2f613b1b4c0d35c7f9b17,smistad_fast
1243,43e794d46d02c6aeee2a1d092ebdc329fcb406ac,smistad_fast
1244,43e9b81487b1244de61471f800c07b493f756a50,smistad_fast
1245,43f01c4f3db169e8b09b2f6832ca9344fbf6e969,smistad_fast
1246,43f4bfc64648e6e73760c9f1b933f64b8a9b1e26,smistad_fast
1247,43f54df467e0d105aff67b22cb3e59c7f83aa2e3,smistad_fast
1248,43f79f5ec26082ee618596a57a0ab86c7edb655f,smistad_fast
1249,43ff9f9bb6cd2439ad4a3d0d2f51dbb5e502061e,smistad_fast
1250,4409586adcfc955e8cce3bcb5146e13acb25436a,smistad_fast
1251,4412d81d05f6c1c5dad8de4c915a3eec7fa52a14,smistad_fast
1252,4417e680042c62002b00cc1c981896ebf8ba8044,smistad_fast
1253,44521820cc4a968a868e4ef6492cd1db7d702622,smistad_fast
1254,445a88bbabb280fa7162f1b3231c7901f4ade5fc,smistad_fast
1255,4468396755c67b91619700f8c90456d066dc233f,smistad_fast
1256,446c1093bbdfe323d68b41d86ca924d7c8e9d15d,smistad_fast
1257,4479242b6463103838326ed120a6677dd3a505ac,smistad_fast
1258,449f5c7246c0ca0ef1bdd8a5a179443c19ca6af9,smistad_fast
1259,449f86a932a5b69501969bfe50e3869129227ec3,smistad_fast
1260,44a0eb2904214a207ce0a55b0f24ad94537e2c61,smistad_fast
1261,44c9e2d2aaa4eb4c34d8d54a7c54372d4efec4f2,smistad_fast
1262,44d9265cf4b0cdb7662e79fd3f461727858114b5,smistad_fast
1263,44da0930eba0a732ae74080bc86cec9815d0f32f,smistad_fast
1264,4513cc552289655f891d926e7ba9e155c25674a4,smistad_fast
1265,4577e098227cd6d2919902855d5fe52d09083099,smistad_fast
1266,4580aabed6648e30e97e9def33d95d6ae6b07cef,smistad_fast
1267,458e568ea33fc1233c8a57071426f9c770932ce9,smistad_fast
1268,45a0226b3c0adcf6708c2771f068e44cedae05b8,smistad_fast
1269,45a2ff313685aa5ebd313bc93de5d4c040c87f77,smistad_fast
1270,45cbabe8ec7ed36e6647b3bfa2e527deb91d7f92,smistad_fast
1271,45d35755e2e15eaec0f8633c6ffe004da553c7f6,smistad_fast
1272,45dfb046717f5e02790c36b186a1011e53d82ac1,smistad_fast
1273,45f12deb6d53ca422a2779b790a59825c115fabb,smistad_fast
1274,45fc7a6838286d4af8e52fae8d404f0c81b95738,smistad_fast
1275,4601d0bca14f692da40bd099c2e2947c29a533b7,smistad_fast
1276,460924cd0cab01f64b4f037bdf8d54095acff4cf,smistad_fast
1277,460c9b9d4fe2c4731bd13dd9dc934069c88ff176,smistad_fast
1278,4615503426aaea0b3f2ad92a94435087f4635796,smistad_fast
1279,462ae9b49913f48f0dde75c8220fd22d0726a3bc,smistad_fast
1280,463af1b35d0a6fe496adf886fe797e01efba32d2,smistad_fast
1281,4653e320c517e02f553c5e9c919ec1c93e521b3a,smistad_fast
1282,46610dd2cff611065326cd41b4c02d9adf61b275,smistad_fast
1283,4671dbd0b189698425fac1af9f538eddb858321c,smistad_fast
1284,467c5662221ff72b3a0e34af690fb39733f39898,smistad_fast
1285,468767970f264c89ff930b7366d386b19ed68671,smistad_fast
1286,469100f9ba36a58aff7df0762048279e6888c112,smistad_fast
1287,46c23e4d429899751481c691c9078711708aba35,smistad_fast
1288,46c9c49a8f98eef5b00900d3ef1401cfbc046fdf,smistad_fast
1289,46d9af86ed062563ad1c4d4a5b3d5ad6da8aee55,smistad_fast
1290,46f10a3deba55f2cd46a9d82ceb423018aae35fa,smistad_fast
1291,46fd5a57da8419d858193d34d6cb0bcb11075285,smistad_fast
1292,4702bbbc04bf38f5c43799bbf930bb3160cbdc26,smistad_fast
1293,4709ac55cbee880e47932fc04f1c1284c49d7058,smistad_fast
1294,472a5242d97da358c99e3b03800ca1632be47fec,smistad_fast
1295,472e6aa44311ab73866fb9e4ef33217a659bd673,smistad_fast
1296,473d7d9876a151292d6bbf01667f9221676d3b58,smistad_fast
1297,475f64e5fdac0d22bd0e52e13150ccab074660f7,smistad_fast
1298,4766bb076b796c1fddfbcff3c409267556de459c,smistad_fast
1299,47706e6350aa70f040ba8761f2f80438c24f104d,smistad_fast
1300,478a25e9c8477cd92008b849191ce5da5b332fb5,smistad_fast
1301,479fb8f098b3214734801f0c4aec97ba48a44702,smistad_fast
1302,47a1cd580e9a58a1f98d9d740db593bbdb60a6ae,smistad_fast
1303,47b275919b3082184deff284a06c736ca77a2514,smistad_fast
1304,47dd225790c8a5c8e372a6121927b63b1815c18f,smistad_fast
1305,47e99f9688b995d78f9f705d77592ca689830c9b,smistad_fast
1306,47ed2dc0a3c09af23c8d38ab6179f0208013330d,smistad_fast
1307,47f7f8bf465564ca5d2d503e5705fe848e95368e,smistad_fast
1308,47f8c449ceb009c7b2df12f63fe845fd7d4f5d39,smistad_fast
1309,48038111a152d0e9c0281d2fa87da9ed319edce7,smistad_fast
1310,480864f8e69e3c7f959e10e6ee4dc090fcb6b50e,smistad_fast
1311,4808cef14f8791ce3802cf1d784dd84a6a3b000f,smistad_fast
1312,48108459bf4248d1c607d0d98f895c7f6df4cac8,smistad_fast
1313,4815ccd25f47a579a62e60750dddd3f9fbe1045d,smistad_fast
1314,481c14e09c7d543174c60dd028ec6e4c483c2f9d,smistad_fast
1315,4824366e37ae9aaaba01eb40ef15476ed8cfa726,smistad_fast
1316,482b657945bf2feaaaa50c03f63d2ef3c5fc8824,smistad_fast
1317,483bd3cf9ad349debfbcb89476b4662e14a52d83,smistad_fast
1318,48637e1bde2c5c56de6dedbfd03d01729e13c1ca,smistad_fast
1319,487fa77870a36472f589c880982574eb2843e1a4,smistad_fast
1320,488707760201f8187080782caf8c714c8d710523,smistad_fast
1321,489614a1f4c6385ba31e7de36e6bca7b3293b41c,smistad_fast
1322,48a7ab16ad26ceb14b6d6fa99725401d4a463c41,smistad_fast
1323,48d366b66cba3ed101cb83e45ff0057159043464,smistad_fast
1324,48e1973b9592ce07488fd948c254b64a773c697e,smistad_fast
1325,48e1d4260bb12c9dfcf2c2de900ef69e2e9409b0,smistad_fast
1326,48e6cd99a5ca7d5c50cf00a195931909423c451a,smistad_fast
1327,48f249ef9081c8f7e1f96b380943570f30245032,smistad_fast
1328,48fe038cabb0ee6c705ccfc90bada080f1cc6d62,smistad_fast
1329,4902af89418d5e5ecd889768014133e007441f76,smistad_fast
1330,490462843693e382887a34ecd06c00bb1725726f,smistad_fast
1331,491e9f00a2168e201bb7c6305e9ae1a467f363c7,smistad_fast
1332,492343905297e83ad78156823b9dae7785cc7223,smistad_fast
1333,493162765cdd907a2872054d009cb320fbdc453c,smistad_fast
1334,493a7bbf187ad79c0d584e0f4e76184fc2806458,smistad_fast
1335,4940ec5403253f194f2a16b6ce247fb9870d009f,smistad_fast
1336,494191be58ae848bc434020ec9bed9df4fefbda9,smistad_fast
1337,4946df82925ba7d7d991b984c3bba70b617edee7,smistad_fast
1338,495e1fc24a5fa4cf15cc25a5e2260680a7c349e3,smistad_fast
1339,496447cb566faee31a48cf1c57f6a046013fbf9b,smistad_fast
1340,497069faf5b2f09216ba02a3b6d936294fafe5a8,smistad_fast
1341,49712ee7b2da65552d8e6128cd16c79ad2532f5b,smistad_fast
1342,497c58a185724e15d2a855e801192545c0eee4b3,smistad_fast
1343,497dce59f6e42084011150f7072d82412b3b0d42,smistad_fast
1344,49957f2553d4b3091d3469384ad89d71faaa04d0,smistad_fast
1345,49e22cc54fff8dcd6bb247c5daa3cd35a0c798c0,smistad_fast
1346,49f20e4930129356fac6fb805f4d943cf60b8165,smistad_fast
1347,49fc515eb73f150bc9abb9ecb96979be9b1d1bda,smistad_fast
1348,4a09ee4ec5548ebb8a82555acdd4b894af30c2ca,smistad_fast
1349,4a10864d35bf1a74f124334141b2d0cf5c748293,smistad_fast
1350,4a22a33811d24db8cbd3feafc2e7fc55df0a1ccc,smistad_fast
1351,4a2d5b188ac99cc786f690255f92fa465443dd66,smistad_fast
1352,4a347a3e6878c9def60bbcd2331374f967b029e7,smistad_fast
1353,4a480001b5b78fd89fe1e1ef3d47faf9c704b84c,smistad_fast
1354,4a4dcbbc1bfdee95df2ccb06bf6b9a5aaf34a46c,smistad_fast
1355,4a5bafa152dc5e6af1115301c9eaec03a9ecfc3e,smistad_fast
1356,4a6455602ba53a16cae957d49929ac50cea546ac,smistad_fast
1357,4a6f5f031b5180f2ef3747ff5482f6296ccbfeaf,smistad_fast
1358,4a71f221e2d3658fe0d93e1f7130bbc95b72c69e,smistad_fast
1359,4a72be62785309cb09fb1b033c52922326ffa0a2,smistad_fast
1360,4a76aa76fe6be3aaccfe94e041b08a36e141af3a,smistad_fast
1361,4a85fa287f4a336aaf553450e6a67e3ab5ce8f1f,smistad_fast
1362,4a9250325f620de04a400a3dc35386298be3a643,smistad_fast
1363,4aa0dc0f6337449faeaf55e8be7043c6ab2e86e9,smistad_fast
1364,4aa6c3c45e30b4331d13f72fce8e88c7e2885430,smistad_fast
1365,4aaa3dd3b034549a9e24f57b3240e73423897ea9,smistad_fast
1366,4aabafefbcbd3c0d8d71e31cf3e9ae46e3dcf7c3,smistad_fast
1367,4ab3799ac7d2ac4456178b72711de68554b59d7c,smistad_fast
1368,4abf2b90e2a072e2e4007f4721fa5964a0c6dc51,smistad_fast
1369,4ac03f7b2a1d8bc2912d0b5b30bcb276d8acd22a,smistad_fast
1370,4ac26bda311d002f3ecb9f7d4525aefcdca6ae50,smistad_fast
1371,4ace04fe6a9296492b1d8b77e323579ad7e32dc3,smistad_fast
1372,4aea2196f1c3f5a355377db9c0cb65b221f504c6,smistad_fast
1373,4aecb9fb9bff497734492d050e31b338d7948cba,smistad_fast
1374,4af0ef38d5fa5f5008d8cdc6fc52c33f6b260d66,smistad_fast
1375,4b0f036fb2d44ecfed79fcdb5eb127c84b1f04b5,smistad_fast
1376,4b20e7b47b6af8c3d263383a61705d692cf28e7b,smistad_fast
1377,4b2d31067f235a95765b5de19da47b7b899b5deb,smistad_fast
1378,4b6105f3ce4dc164f05918624e2149f677a9c4c8,smistad_fast
1379,4b623e22d3f0885129f30f7033c75a792801f148,smistad_fast
1380,4b63ccc687422b9a2c1c1c02a6cfb9bc5ad8e576,smistad_fast
1381,4b64b0dd23875f1026c27e8269be4d2d2e9056ba,smistad_fast
1382,4b689eea27574fe69370cc4de79e6ec00e48c6b3,smistad_fast
1383,4b757463d0a707459b02f70b8ba3a8e28534ddf3,smistad_fast
1384,4b7e44ce68268a19d9a94239757efed16e0e9686,smistad_fast
1385,4b8e8fd97824e2a381ca1f2b10f15531f22b0303,smistad_fast
1386,4baa6b02610355a94df611d6abf79eef5dfe79b6,smistad_fast
1387,4bc44bf105acca5f2846aedee908179d6d9c2d30,smistad_fast
1388,4bc5a07ff05a20c2284bd846cac0660102252be8,smistad_fast
1389,4bdca6499b65e34904b533a371b7dd90e8324f8c,smistad_fast
1390,4be4850e9bb4a43ccaf291fed534085fc10fb569,smistad_fast
1391,4bef21ffacb2e019166f26c8295bd0e7d5621b22,smistad_fast
1392,4bfd9b8307bf45b42b5720ad56bd52d18469c72f,smistad_fast
1393,4c012189330e9552d6a6d8c7fb39426922e11f51,smistad_fast
1394,4c0c5e3eb7241b7801f431ec1714d474b02afac0,smistad_fast
1395,4c0ca5e560f80a44d8d1af02629e015fb01ac153,smistad_fast
1396,4c0d1469f85af58c27905bf35e8db9afbd29da67,smistad_fast
1397,4c1d0d76aa45bc5782ac19ff2367c195c5c26c92,smistad_fast
1398,4c27e0e8ecfe5325123852c0b2528ceb61e427f6,smistad_fast
1399,4c47a2730cc48e2a6fcb084d2bc5b0c43ab57553,smistad_fast
1400,4c5689aec52008b87e908ebaadf5047960ea0f19,smistad_fast
1401,4c6b58c71ff8bb5e89ce8c9b94b3b302f83d2734,smistad_fast
1402,4c9b697ba9d0eb4e98da233d507296caa586108d,smistad_fast
1403,4ca23b513248ac8a2f0dfe347dc4d8abbf0d1d67,smistad_fast
1404,4cf60f7a0594ae9c008662f1c781ab6d42b15ad0,smistad_fast
1405,4d06fbda157d654ffa3dd659ddd08e49ffb4665f,smistad_fast
1406,4d265ea95f2e801b80a9b1e27de3aa38ff0feaa2,smistad_fast
1407,4d2b10aa319e26d7a4fc20435bf7639612909722,smistad_fast
1408,4d3c5bbf8d29e310ff33468f7b985efa1d3b1407,smistad_fast
1409,4d430fb36a27ecdfa1d1453ea34a63698eb6b9b9,smistad_fast
1410,4d8e59d4e640de942a9fbf216777d24d48243543,smistad_fast
1411,4d921e7462011107b7e2c09d708d1cb7341e1db0,smistad_fast
1412,4db038300f6130fe715e9746e0d2c759d4a60f7a,smistad_fast
1413,4db9c75f21a2589ddc9b4cf26475c641f7842018,smistad_fast
1414,4dcc37ea0dff626caa0147c44d7674abae206e13,smistad_fast
1415,4ddd28588d94fcb910098528ecf82373dd933049,smistad_fast
1416,4de48710a856d3670be95c4fd43617fc7397b53b,smistad_fast
1417,4dec8c206d3496848369c5f4e62586eda27f091a,smistad_fast
1418,4df308ebf86d1c3e8c714c5ef0b4341132f9af2e,smistad_fast
1419,4e005749350e0a43c58b2d2c895beae08f06d6d2,smistad_fast
1420,4e0508577ae96fa205edd85e53d879b1f7a6e401,smistad_fast
1421,4e0894bf82d2a14c8a48a0bd903a4597766f81a4,smistad_fast
1422,4e0da2ba6f19fc7ba103b2c1da31a58b86b81481,smistad_fast
1423,4e1237c8e42073545135399d2b0eae1749122c95,smistad_fast
1424,4e200226a820062971c46472b5463960ba9b741d,smistad_fast
1425,4e23f04ac87046ac316b201277af1a531195e245,smistad_fast
1426,4e2fafbd120b53109664782bf6fa2c76fc9367a6,smistad_fast
1427,4e358e1273da9d531987489a869df85a3a9edc26,smistad_fast
1428,4e37a756bdc52091075cb9e0afc375bb7bdc7441,smistad_fast
1429,4e3f97a659c5401d68ca918c0846d3a587350f9d,smistad_fast
1430,4e4782e741618172f3b2cbb53c6ceab8915ce69c,smistad_fast
1431,4e5256722bbc09c66d480e1c6ad21f8aa6f2def3,smistad_fast
1432,4e589819d78948e78b7b59bcb1e1654289a82977,smistad_fast
1433,4e5fb970b51b89636ac00420f37478b7cb9becdd,smistad_fast
1434,4e658a5a995c39643909d6a37820c1d80ee9fe44,smistad_fast
1435,4e88294d0756bd344d65b8853485e34e080fca02,smistad_fast
1436,4e95979249a573dda25d1fb49d7c7e2fd4b393b9,smistad_fast
1437,4e9b72d726d35115556ee8d99980bb794168e703,smistad_fast
1438,4ed1628c5e04562017cd3e6019ec7c51dce67f14,smistad_fast
1439,4ed53111161c0a6eb3881c35df7d1e3840865232,smistad_fast
1440,4ee46bd40f31d6b1bc01f57db3e660fae81961d4,smistad_fast
1441,4eeed05a8b459b6cdea96c7f1b0f6550396694ac,smistad_fast
1442,4ef5e32fa2fc0e200a6ea8b6220e6d4030d5b77c,smistad_fast
1443,4efdec09c386f410d2245f689503fd823b4591d1,smistad_fast
1444,4f0b5b29763410ec824e0f995b7811817ceb6805,smistad_fast
1445,4f0fad105ae57e946c04966c2251643774fd2853,smistad_fast
1446,4f1163d0b545d994e3e30da7e78b6b185e9b3339,smistad_fast
1447,4f1e9bbf09157bebe78fc2f9ce4f11d3ada3e9ff,smistad_fast
1448,4f282617003e082b942cc67cae3f6a330c49c337,smistad_fast
1449,4f3a83ca0889d4351d3a2cb669e38a0559c87a75,smistad_fast
1450,4f4886d4e31cb5cf23d8411bfb2b14defe4641f5,smistad_fast
1451,4f676fa8b38fd9397f18afd5b3bf1fdbf4b58847,smistad_fast
1452,4f6f33dec676dd33346954aad131bd159711fd51,smistad_fast
1453,4f828215abebff6d7d9d33182d4b6c1066d631d7,smistad_fast
1454,4fbbcc65dabd5631ee5f90aee82180438d57a073,smistad_fast
1455,4fd652c189030db832f10b6df6a689d9f8b9d7d7,smistad_fast
1456,50034468dea98c7243f4068d4cf927dfb8a2c6b2,smistad_fast
1457,5004817a1584e58b87141f979609297d519c524e,smistad_fast
1458,500930833ac918b38a808f2b6f72ea9ba754c2ae,smistad_fast
1459,501f8af9bcb64dc635ecb5c17a967e5818ef663d,smistad_fast
1460,5025c5f4a5d7727ee71c8b2a3a0e7c271ca18c7d,smistad_fast
1461,50329ed53de36150f95cb5c6314761eb3ef703ba,smistad_fast
1462,5034e2f74bb381d6027599e477fc421600f62807,smistad_fast
1463,5051a8c93eccef8889bb1e4f6e7adfabc800a906,smistad_fast
1464,50524344a1234afa1bc367d387171a5bb3e6859c,smistad_fast
1465,506487f6cec5b0a76453915805d6fa95e01404e3,smistad_fast
1466,50881112d8a1675df7f62bd64ad987e87e34ff98,smistad_fast
1467,5097921d58e6bc545fbac9f3dc78a08d7bb46107,smistad_fast
1468,509c3f13692e894c317b8a7e84e464cf66370607,smistad_fast
1469,50a3d063cba3a901f43ff0981e3772b2fc97a9e5,smistad_fast
1470,50b396c02a7be99bf985e2500206c14b5b2012eb,smistad_fast
1471,50d56ba8f27bfc38a3aee1c33e43351e31b51442,smistad_fast
1472,50df7b2674d24aa49c37fc013344607668e690ae,smistad_fast
1473,50e5f7a908714b626065501583709226488fc5b5,smistad_fast
1474,511d6cfaead3c1eeb3fc3608640a58675e931b7d,smistad_fast
1475,5149621ea65d9d1e49ba27b371858c76009b1e23,smistad_fast
1476,516ddb0be6d3e47c1148b8f0053abd42a59375ac,smistad_fast
1477,5171dc72fcecf9750f431b1c09414527a7f10d4f,smistad_fast
1478,517c1eb9acb06c1b869309fba76b7be12c225d04,smistad_fast
1479,5181811730665c1dd038bd4d26a54937ced3cb97,smistad_fast
1480,5182a3297c47a986a5b56e7de1e7bc9033b2cba0,smistad_fast
1481,51c9be366c9b5d5e0415c1dfad4a51af44be7078,smistad_fast
1482,51cb95bff394b522040268bc7e93a217a14977cb,smistad_fast
1483,51d294c7aae4eeab6bbc9cfd0bb1c73ff07b2469,smistad_fast
1484,5202d08019ed916fbbb93440b7a26ea62255285d,smistad_fast
1485,521e2b23b1235df62b9050782df004d60c337310,smistad_fast
1486,5226792c71fd7f85b94e9a55211ea455a0d3d1b4,smistad_fast
1487,522cc68e5af2532c5a75956157605b8d15702ec8,smistad_fast
1488,52372fce17238df57ec37119047596ebde4c22f5,smistad_fast
1489,52442466330f092c0ef58eba81a34c3837810093,smistad_fast
1490,5244a75820890d35a083b0236e1a47f042f9a419,smistad_fast
1491,5249fecdabd7a94628ce03a8df934236f8bcc88f,smistad_fast
1492,5258b6b22417f8945d94e259a31b1c89676f52a8,smistad_fast
1493,526dfd9b57625103540e820412db1d7d49edde03,smistad_fast
1494,52773bb2772be55935648668c22dc7f1036697ef,smistad_fast
1495,52acdde41b1e73944548b485c2874d066b12a19f,smistad_fast
1496,52bbc47c9c84ec5fef2b37630276b39dcbfaa8eb,smistad_fast
1497,52d4ee88631c9c5cffbdc4227eab03139f383179,smistad_fast
1498,52df9d21ce9de500329d70c5349a21f03f855541,smistad_fast
1499,52e057ef93f10551025fbc0b416cb151a65ef04d,smistad_fast
1500,52e80da0b7a237ef67093f43b3d3c5924924b80d,smistad_fast
1501,5301fdafe2590ff1cfec9c19177fcc95e9273fb9,smistad_fast
1502,530a3d713929979de54b1a82132ee4cf759776cb,smistad_fast
1503,533288d5ad2108c7ecfc8088e092e53eb50d5410,smistad_fast
1504,5332d05f3842227f2d9638dbb72c7a3a9b463c23,smistad_fast
1505,5341f7e73e0f1a0d050bd12a5506760deb3b94de,smistad_fast
1506,5355636e12ede99db7d4e5035ae18d3c29bbc15b,smistad_fast
1507,536227570917894f2549046d2f6f040b570f6745,smistad_fast
1508,53624dfef7f0522ce6eea71ba8699ebd57499fcc,smistad_fast
1509,5362a079de3e31e3d94012164865c6f1a7b35e4c,smistad_fast
1510,536f32baa67393449bc74fd21e0320d824acae52,smistad_fast
1511,5399ebb2884789f2c00a06d6ed54cc55dcbe91fd,smistad_fast
1512,53a4f5af8ca02a57cfac6b4d0101aea23a5a2b7a,smistad_fast
1513,53a9dca565d9ef6de7d2ebedfe98bd87db16e788,smistad_fast
1514,53af6b55da013e851604d2e91e5a741dc28cb85b,smistad_fast
1515,53d98b5f30f2cdde953ca68f3e9971df292ec0b4,smistad_fast
1516,53dfb3f8cd8324fa07a38e5afc3fdfa4ee77686d,smistad_fast
1517,53e0a3a3efd1fd7e597f03328afe1a2f4468b527,smistad_fast
1518,53e5fad25c1ea93bf5368e46c4df4bced802f383,smistad_fast
1519,54021a28b283b49d414a110e399b91bfe7293bb4,smistad_fast
1520,54069f2cd3dfa0bf10f4b3e2c00e453e9e995f9e,smistad_fast
1521,5407156d2b5c0dbe170aaa9db03ed0297c9bcda3,smistad_fast
1522,54115115c5f413ddfe2488eddcc234a071febde0,smistad_fast
1523,5440e8a0c297bf405fb2da97286c0042233bf9ba,smistad_fast
1524,54431ead98fbaf46c233ca526ded0c708096d564,smistad_fast
1525,544f017cc095d373ff1dda3c3e540b9ca96397f6,smistad_fast
1526,5458d78036280e093929eb0b8df22d297cbaffe7,smistad_fast
1527,5472dbe5b68f3f0501baeca5992eb2772c3bdd28,smistad_fast
1528,54731a1ab9485560f8fbb599a230ac7cba36bdb3,smistad_fast
1529,547e65a08785a39e26095019c05f7331fe155405,smistad_fast
1530,548a02be42341350b3ff4aeeac3a005875afde28,smistad_fast
1531,54937fb7b04fe782ef1d041a1c6e99c30a6f35c5,smistad_fast
1532,54a3414ff227d7c465dcd4ed8d8d3f668a5ce840,smistad_fast
1533,54a398f132f200b14f46c51d824feb8fb3fbec04,smistad_fast
1534,54ae6c7d53cffd51c654d749c611bf8e442d1a35,smistad_fast
1535,54afb06ff045e1a12c829c31eeda7f6388bdaeaa,smistad_fast
1536,54b635c13119c44b9660f9147d93737d1feba730,smistad_fast
1537,54d295a22c304d0d632e3d9ac773b76af85740db,smistad_fast
1538,54e159a32cdfede74e9643cfa007ee185722fc9c,smistad_fast
1539,54e3ae5b5a376e15143cf8c721a9a5b3ce890449,smistad_fast
1540,54f01a2b18d047ae544fcd0837f96e967a4577ec,smistad_fast
1541,54f8276221b1c1775f01f323db08a20fbbbf7243,smistad_fast
1542,550e2b4201029bbfc9881c68c234a88ea48f66b2,smistad_fast
1543,551bb717f616f54e2598cba0ab8abaf8847d202b,smistad_fast
1544,5533045a5d619b9eefc499c8a8de28ec90743e67,smistad_fast
1545,553d1c049be763ae42c843abd209ff89ed313fa8,smistad_fast
1546,553f073ae5aae4a907388ba93abbbc6d5b120a99,smistad_fast
1547,55539204ac1d574d066c2d49e91a75d0f9cb9fd5,smistad_fast
1548,5560a0a25117d885ee734c07d8efb823c6d04e9c,smistad_fast
1549,556cc0da023aff09d56b5e4b72d21c91544fe841,smistad_fast
1550,5574d1055db2d8a076b4329d25064c987183a1e7,smistad_fast
1551,55c015479ea4fffc113031de0e6d31329a2bea50,smistad_fast
1552,55cfee8851e717104bcf6e67ca820f2f272aa342,smistad_fast
1553,55f1863eee3094350284218aa0a29380080c8b63,smistad_fast
1554,560f1e3faa4a4a188a8132c51e0cfb27ce4a6e83,smistad_fast
1555,5611a3c8521188f5dcd3ed81e45480ae475cce50,smistad_fast
1556,5615cf7c47ca6d516f45929cf8f91e42094a69ef,smistad_fast
1557,562fa6683da8593e61789990cb3114d6e277d4a4,smistad_fast
1558,563760e6917762b3691bf933d556f1c32be96858,smistad_fast
1559,563a1d5cc15d548a253484fe88efc469b3d9389d,smistad_fast
1560,563f0c9a3b54abe2d3dba6665aedc3be13e565c2,smistad_fast
1561,56424d80bf080e510c3fabc939909974272cc15f,smistad_fast
1562,564837407daaf19ab9530963455a014940bea785,smistad_fast
1563,567fac3466414d097c8db117670080188ae2c3e0,smistad_fast
1564,56960e7807a5c00d8b1fd078b60437ec4a36b83a,smistad_fast
1565,56bfeb8e2cf98d06bf1c835658be35cac0b27aa9,smistad_fast
1566,56c6e72a0df15a9e9c232c2694923eb3ea5775b2,smistad_fast
1567,56d1f2b59a16cc3685791ba5e41784d1cefa63f5,smistad_fast
1568,56d738470e628a245ffc4f2467f003e9d863de17,smistad_fast
1569,56dc10efb1ea0cd0f5aa95ff60263d12f3df2562,smistad_fast
1570,56f9f12e27cc90e758b42933a94e80c87e195a02,smistad_fast
1571,56fedf3402f793d04f90db4c2d0ab59b30da4d39,smistad_fast
1572,57006deaacb9b8c1a011a5f5025569c5c5dc798b,smistad_fast
1573,5705279d0bfc3cd69d6e08581d8b52adfbc96a28,smistad_fast
1574,570a06b9284afc83068d92a1169c78e9edc21b8f,smistad_fast
1575,570b6587b4eb04990812f7ccc42fa7d7abc29496,smistad_fast
1576,572eaa97c3ae0388074ce409a38ed359ad1f7eea,smistad_fast
1577,5737a9bf93127cfd9c107e01f0e317787998c051,smistad_fast
1578,573d6378f44dd9111cbeaf1806293a5501549ac4,smistad_fast
1579,573ed2cc8d043882a948bad005efb9a6517f5367,smistad_fast
1580,5765a8385351e79cc78f53b271ee3d71c557988c,smistad_fast
1581,5765ba81aecc06bfcef378de15cf2cd79558d625,smistad_fast
1582,5767e82cc6abab4c3c44b1137a7bf287e40e07cd,smistad_fast
1583,576e5df919a0664dfcc681856cc1c5a4794e4fd9,smistad_fast
1584,577ea8bd5f9d5254a6ffd114784aeba28c49dfd7,smistad_fast
1585,57898080e1b308a9d3ec506d2472d5312a05b3eb,smistad_fast
1586,579496827fbbd01eb7a7e325d60fc1aaaf461311,smistad_fast
1587,579b961efceaf9b539ff3e443574a88c690aaacb,smistad_fast
1588,57a66f21cc37d2228478cb4cd1655215dbcf89ff,smistad_fast
1589,57b155226f82fbe11b561eb853c895819c3c0754,smistad_fast
1590,57b7d08f23aebdef62d23dbb58dc01e9f9f3a0e9,smistad_fast
1591,57d11a724148d5d3e110c7494586778acffe97d2,smistad_fast
1592,57d1e70e8da9522856306a8566959d83adeeed86,smistad_fast
1593,57e7e2503dc7f3d17746b66c1b5962f0f19480a8,smistad_fast
1594,57fd50381d813e68db340d9e0b8166c746bd4493,smistad_fast
1595,580cac3fa54f14dcdaed1fc0c09ab5487d99b2db,smistad_fast
1596,5820fa664c1573262836627a34bed0b6214e8b72,smistad_fast
1597,582a1282cd6fa0af57d64c716b32ae130d357112,smistad_fast
1598,582b93dcffadfa4206f7d2b380d7adf336ec33b9,smistad_fast
1599,584b861602eb1d735e144f8bf7cfc61e4284ab06,smistad_fast
1600,584c13366aae5c426249f58ab2e60378d18d6414,smistad_fast
1601,5858fd637cdc23aca43a86bde648a31209e73bdf,smistad_fast
1602,588bd6bec45c88b306653ef7f40f135cd308a3e1,smistad_fast
1603,588e8409715fea357816e631507bfe71d49c7591,smistad_fast
1604,589577c6718f186040c05905a9d54f7ef915fb7d,smistad_fast
1605,5897999fa25fbeb471c4e730c13e7707ebc17384,smistad_fast
1606,58a724ff2ebc44982c83d1906cd0a79fe2cf0455,smistad_fast
1607,58a770d46ba0fcef1147b1e31b75bc5d82cea8cd,smistad_fast
1608,58a8a9f54005fb058db4ca400e455cf550efbd21,smistad_fast
1609,58b1eea1f98d2decdb5eb6ce33cdb100444a9537,smistad_fast
1610,58b7bcb6075c9946029ec248480f986e21a3b80f,smistad_fast
1611,58cbfc4d1eb652fa86d331674a72c8dafbb1deec,smistad_fast
1612,58fbe2539c0da78bfab3f30cad44d8abe5bb1fed,smistad_fast
1613,590cc8180108b5527510a635cae31c87962156e0,smistad_fast
1614,5910f61622aeb404e885ed34b9a00f7119713f57,smistad_fast
1615,591e9c337889e186d631d601b0a50cf1715c32b4,smistad_fast
1616,5920a6c8a2e5d2335409f2d64108a7cfe089d5f4,smistad_fast
1617,59364297a820bc54a3b137f5f56a8d1349225145,smistad_fast
1618,593908f6dddbd0daea5f087dd092c987e90f35dd,smistad_fast
1619,593e12a8b7d8845097007d8000c2364a7040ef91,smistad_fast
1620,5950405fa7e01a2d4bbface2d25fd6aac067b1a8,smistad_fast
1621,595b1c89810c9533b7b07170242504bf84aae74d,smistad_fast
1622,597534c8c6b5229b4baf8a34035255bc19232855,smistad_fast
1623,5989592e79f2eff157e6a5a399425bda00c754d0,smistad_fast
1624,598e65f6213a181ef88f4a25cfefcb1eb03ad2f9,smistad_fast
1625,59a6cc3f38a67ba2264dda67e654803b6781120a,smistad_fast
1626,59a728bdc14224237e0bf2022a0ad57c9159b93e,smistad_fast
1627,59ba2f651b46ef64e97af1ebfd7190995330171a,smistad_fast
1628,59dab3a6c1b115df74aca2a6c7e0c69f81087c0d,smistad_fast
1629,59ebe53c3fb326d6d180519d1f3fe339a03bde46,smistad_fast
1630,59f39651041722c2f1265d37a1eea20b716a0aaa,smistad_fast
1631,5a1ae0155f8a2bf2f10551dcccc7c3864e0577c6,smistad_fast
1632,5a396f268272e780297cdbad4449ac54bf0e07c0,smistad_fast
1633,5a4440ca0931a30c5d0100af2f9d94aae4735a7e,smistad_fast
1634,5a50746cd2e378b02781299eb33c471d8e3f8c75,smistad_fast
1635,5a5796ea96e3a2ee305772b19d0aa57ebda86b89,smistad_fast
1636,5a5b3cd1a830f69e4b581ddf48ec959d89f9954e,smistad_fast
1637,5a5d3fb494af02ea6813445de87bf74d3ad4bc99,smistad_fast
1638,5a6d762d670b6789f7ab30f28ea8bec4cb2a047b,smistad_fast
1639,5a8d432ddabacfcb65eb2b5d74d33d5ea4bc02c5,smistad_fast
1640,5a8e8af622c805c70c56c7c11d7a248ba8496e13,smistad_fast
1641,5acc77146c6c8dbac7dc1ae3bff20cc4480c6354,smistad_fast
1642,5ad787df2e355f08d6cfbfc64a11505b0e661ccb,smistad_fast
1643,5ad948944413673e8cca4b15a4eefc28e8708b22,smistad_fast
1644,5ae9c2ddbe0cf9a2a50f0a2b05eab032fb61bb07,smistad_fast
1645,5af33c142b7c9534a6969ea9919290401adc3c46,smistad_fast
1646,5afef4e7d32ae39baaaeaf8a2d6799dca1786464,smistad_fast
1647,5b276a9befa21457de074dfa923b762f4158d988,smistad_fast
1648,5b2e19b5e1e740fbc7d9ee2bdd39beee7cd14901,smistad_fast
1649,5b381416e829a0b5b32a6ba0e5bbda04865e9d4a,smistad_fast
1650,5b46ea0752a6a168bdddc5ebb8c0515bba092303,smistad_fast
1651,5b4b774aa887cc29718e018fbb3aa8760294f239,smistad_fast
1652,5b62f310c32685f8867f281c800bf6446a385864,smistad_fast
1653,5b67bd034eea68655b2503ba242be0462d6f8c33,smistad_fast
1654,5b6ee90b1d0ba58c3d003ede06f4b5efe12b5c1e,smistad_fast
1655,5b73f22f7377aa45938f3b3a249c6560f804a491,smistad_fast
1656,5b83935ef3bde45402612b03f15f2a395322e6b6,smistad_fast
1657,5b88fcc1d24fdf6f458f0876cd75890c25784e85,smistad_fast
1658,5ba6d0b5210456f19d5e670d8751977af1fb2135,smistad_fast
1659,5bbdd3e7a2b270e812ca8bd11f903ce4f78019c7,smistad_fast
1660,5bc7872632f5c806269e424ae30bd3c11db02066,smistad_fast
1661,5bca2ccaf29e4c9f284da2af231206a7404d2e89,smistad_fast
1662,5be8e2160c649fa2f072a3c57ecb9fe6a1c07167,smistad_fast
1663,5bf6ff67d6a203aec0b79fa944b74e8f4420f254,smistad_fast
1664,5c0d0af87d81d828782dfd86a836d657df1792f7,smistad_fast
1665,5c117ae46c1700dda704200a78fb9569f8008d67,smistad_fast
1666,5c188184395b48724f8471ebc5bd43ee2e45e4f9,smistad_fast
1667,5c1a954759faa07b0b3e9b2cb31b954bf0e7670b,smistad_fast
1668,5c1e4117450066150f42fb923ac24eeeaf6354ce,smistad_fast
1669,5c2f07585bb8dbff17709985d545628deed5aa35,smistad_fast
1670,5c327077f05f2ae05488c1ef2e54c0913cb7aad2,smistad_fast
1671,5c37edd958b8be4c3cff7caa6ca7a6c91fb4a855,smistad_fast
1672,5c4d9ab895d7b33bf698b2ab6ba6b7a71d8b22b4,smistad_fast
1673,5c4e5c4d8c398c7841371a20789e083ee90edfe6,smistad_fast
1674,5c56b98f2f3cb2dc0e140d5e41d0936e3c3764ee,smistad_fast
1675,5c63a4afa43222e1abbf735cac2535258c80d144,smistad_fast
1676,5c690d6f58a2862c0daba8647807f147debfc1e8,smistad_fast
1677,5c69c717fd49bed232dc895812d50ab56e821bde,smistad_fast
1678,5c6d1674b1354becb408e6bb52696600f9366ca5,smistad_fast
1679,5c72bd86148e5ab0988fb07d3e7d16ab85194dae,smistad_fast
1680,5c87ec4effccf0550e87b3c982790cab026ff5b7,smistad_fast
1681,5cab2efc72b19b7b7cd2c4bf0b8975f72792a32a,smistad_fast
1682,5cb080a6215f88425470c932f0df3c285b4a485a,smistad_fast
1683,5cd3e427a5ab8d6eabe2b7d6d626dd3c2cef2085,smistad_fast
1684,5cde2f9261d0e4e0330dd92ef8557a2ec6cef083,smistad_fast
1685,5d0cfb4d74680c43f3a64d3cb2c5e30e5a50add7,smistad_fast
1686,5d201e62975d5dc2b29171ffdb6421642b95e749,smistad_fast
1687,5d208802dfba19e7e2229246acb18d1f4dca8985,smistad_fast
1688,5d2381c3a4f2167b38edbda7cba383077ed1a071,smistad_fast
1689,5d39ce662cae16f9d169852c0399d285c20bccbf,smistad_fast
1690,5d475bde53baed5184276cf2ca7d904051a07d3c,smistad_fast
1691,5d6eb7863fb27d485f74fde752fb872524317f03,smistad_fast
1692,5d7deec546921d8198c94f6e5443b96c57bc4e6e,smistad_fast
1693,5d824e22127ea7bfedeb3e1fa911423c72218619,smistad_fast
1694,5d8acbdcae018561c29a758e77f5a4c9473063b1,smistad_fast
1695,5dbb67f1b52df7d5087e709dcbd973db62263b25,smistad_fast
1696,5dbf3f2ad74f1f031fc5f8fba27e40c131e7897d,smistad_fast
1697,5dc3bd05371f4f465a1e11759e53676264fb6829,smistad_fast
1698,5dc8deba05ee11d9e7b21521c4a08b65f1b1a62d,smistad_fast
1699,5df47408da0b2c235af90dc9554682f62414a205,smistad_fast
1700,5dfe939b511dd118e531ded722a0ee09b56a31b1,smistad_fast
1701,5e07f19107682b4949f8092c7aaf87220b8b014f,smistad_fast
1702,5e36c59a90161fa81159832700f11bfb88bd8304,smistad_fast
1703,5e3789d15738f1f0f3580b13c7b036326c909559,smistad_fast
1704,5e3ccf7f45d23c7aef2515a43e48323395a37f68,smistad_fast
1705,5e49f22a50436073e19ba1cf4e2e3259a33b4687,smistad_fast
1706,5e53bc4ef0a8e4cd30fb7cfcc31a5c3dbe2d4484,smistad_fast
1707,5e8c90833a33bdf2d28ff28f4899ed86d1770277,smistad_fast
1708,5e92bbd72c58affa17f387befd9fdea222e3970b,smistad_fast
1709,5eacdc85715fa2281bbf6a8cf811a4473e423d0c,smistad_fast
1710,5eb672594f8ae207f5d44223d72f7ef83a2e61fb,smistad_fast
1711,5ef875c66e024ae3468bd494cae8f5c765d26653,smistad_fast
1712,5f0675ca870cf543ce7e37a10737c531c4727055,smistad_fast
1713,5f19f6659caa25806f289acb1f3fa66d1533a99a,smistad_fast
1714,5f1d3e655c35f683e1532488db30ab27799d5a1a,smistad_fast
1715,5f2bc1357f759f484e894e61f84cd6f9f0326307,smistad_fast
1716,5f328cc0f6ce7f9d09892bb48cd7fb8c6144a0dd,smistad_fast
1717,5f3d66cb13558e42fae166a85c72d0b36a692406,smistad_fast
1718,5f4560ff414a7eb7cc1ed91d992c6a174a25c34a,smistad_fast
1719,5f4f9796a9cb779725df9d1235ba0b177716be51,smistad_fast
1720,5f6bd57dbd7e0eaff1ac59e69361f9585a513911,smistad_fast
1721,5f75ed569443fc4bb3ecfd626f43bf930d41f5f4,smistad_fast
1722,5f7dd26efb52f48118525bcb42b5bd282bef1d64,smistad_fast
1723,5f9602adf4f1d9df82e711150ef637bc9691c849,smistad_fast
1724,5f98bd7a5e7e368be13cfa49b195d07fdf08b372,smistad_fast
1725,5fb3e01c4fb8992668f6ea185c7c999a8209c9c8,smistad_fast
1726,5fcd0232049593d3b9901f2f0f344d6c1f0c4e20,smistad_fast
1727,5fdad7320f6a4de43bf2ceade9a2d0d5ce66c865,smistad_fast
1728,5fe10888e4919fce52e15c83e76ec74813d3d254,smistad_fast
1729,5fe9b0cbe01a1470a1e28bb8ba4e8bc222a81b73,smistad_fast
1730,5fee0cc3f732c83b80eabef07333c9599e208e46,smistad_fast
1731,5ff423c9146f6d3f2fad3dd12240df21b1c6b1ce,smistad_fast
1732,60051b12974ed46ae03a8065ced9f1724eb0e6c1,smistad_fast
1733,600d7dd0202629b4bd63703b0306cfec19e37582,smistad_fast
1734,6014cc1e761de6b8169e98359dc1ea0e94197aab,smistad_fast
1735,60170871892325c3e727adc83e1788a16492dad2,smistad_fast
1736,6022912b4fcbc8a4351324dab8e51d4716122bfa,smistad_fast
1737,60247acddd2708bc6a0a4b6bfd051ba477e6af71,smistad_fast
1738,602e01b352ff4969b585406ad245112821c0e65c,smistad_fast
1739,603903f9c28f32898d5208f6239f104fad09ef1f,smistad_fast
1740,60399164066c12bee4bddf50d959e7b278d96536,smistad_fast
1741,6046fb7ad9c3e62eb83f99474b4d06549b539822,smistad_fast
1742,6056af62e9192bd9d5f578074b15b66efa63510d,smistad_fast
1743,60626e4995cf8030a6087ff498a35ebecfb1e564,smistad_fast
1744,606512d125c31b0e066aa09b5603745fc9e9ebe7,smistad_fast
1745,6068dbc8355cfb26e204c00dd51a0a9b2b72c5f7,smistad_fast
1746,607102535ba794089ae2949d6c9211a5793fd78e,smistad_fast
1747,608378a58a82bc9c5121d016451d7e63fcea816c,smistad_fast
1748,6093f148e6771cca83e68846190191313a5cbec2,smistad_fast
1749,60ab92b3adb6c1c8b9757bbac0f9cd7283a23fd6,smistad_fast
1750,60d0f7c319035956eb3adb3ef00275f0cef5850f,smistad_fast
1751,60d16582ef21b3b610e29ac2ee60df450fcf5d67,smistad_fast
1752,60db836fe75c78160cf30d7cb7be776440732642,smistad_fast
1753,60dc6eecd7c1fef7d6432c5388dc661a31087841,smistad_fast
1754,60eeb2760e17ad0924644f0a69ff59574d72c19e,smistad_fast
1755,60f32330b216a609a62b933b5e0faf3bc75ccc2e,smistad_fast
1756,60f8c66af8641fb3cd6573dc027953451f2dd762,smistad_fast
1757,60fe82092a65e0664d9fa182ae0559387a75d771,smistad_fast
1758,60fff58ebd906f47deab873963d2f58f6ff2edb6,smistad_fast
1759,61160d19771b0153a5c7b15fb21160900279e92e,smistad_fast
1760,613a43d3af31e55cf1dca542cd4778082c4ad2b4,smistad_fast
1761,6162b3879af00572aead2aaae717d8692051e997,smistad_fast
1762,61691b699ea6b2929bb2a0d38fed3911feef1b29,smistad_fast
1763,6170a5a5e5a8195397fe0a7b5691721648d9bb42,smistad_fast
1764,619849a7cd335b16a48c1c105b27138f9ab40d6b,smistad_fast
1765,6198e68f8e0e354776209a3fd5765ec32a94437b,smistad_fast
1766,619f7af1d75e59be66a4e14d793cea69b3872e3f,smistad_fast
1767,61c49b93471a78739fa36bc53dc57c9ccf86cf32,smistad_fast
1768,61febc58f696558cf9825de71717e8bba1a42f54,smistad_fast
1769,6200b89ec9c6cf3f4feceef9784be4bc982ab1a4,smistad_fast
1770,6200bb18db84e7724a72d28bcfae646dfdde4599,smistad_fast
1771,62302a39a8c48807909f5f4c7cb4f05097e63d5b,smistad_fast
1772,6232f3657d0941485bc96eb8c7369d02ebc633e0,smistad_fast
1773,623adf20bcf9dffcd68fe08548b686403eb6d41c,smistad_fast
1774,6254978dab2e88dc47a013f159e86e261972b2ea,smistad_fast
1775,627df6f14dc09a8d492d135ccaf6453d0050a5eb,smistad_fast
1776,627fc937bbd962bd861af380b9ad2617e4fc2272,smistad_fast
1777,629574ba2bbb3a7dee4d8679808f65e18b1376f9,smistad_fast
1778,629a5068a3728f556735017c5a3b1e7db5cbf12d,smistad_fast
1779,62a90344040eb9ebe7de58b3e86ff1712365c6be,smistad_fast
1780,62ac0965cb74c521cc8334cb3c601292e3dedd8e,smistad_fast
1781,62b3ada25129919351fdad85fea76d8589bca60f,smistad_fast
1782,62c53fc600977d4317a0603c48b607102e93d755,smistad_fast
1783,62c96999d871bc0903d445fd629759105971cee8,smistad_fast
1784,62fa64f7ca126ae9f1138dcbe8a41b95749f1a1f,smistad_fast
1785,63132527945afc31533db4e1071402d70a4d491b,smistad_fast
1786,6317f3198ec5983027f2d6b61516c9af8baaf096,smistad_fast
1787,6324409925f8ef78404fcb079674872fe7f1effc,smistad_fast
1788,6327c47efecfaf76d22d95e948c709b5d8a96d34,smistad_fast
1789,633a396b093588de3c209590b79a77ebc5f8c757,smistad_fast
1790,6345999da8e1f7270a2dfc98c38a85afdb8aeb4f,smistad_fast
1791,6365269009debd2f98c6aac5f7448930ae4c7b88,smistad_fast
1792,638c9533d1a54eb5d1593cdf54717a6572deda86,smistad_fast
1793,638d0d167b5ae6c7a4d1222f176d1d3c567d2a14,smistad_fast
1794,639677a598d423bc9824532cc842fd1ad2445bd6,smistad_fast
1795,639e08ec1173aed675c6c0b1e10480b70f14f691,smistad_fast
1796,639f8fbb076a512fcb61a4777884c80f61777e90,smistad_fast
1797,63b5f82361ce11bbe0fb80c265f76476c87a5dbb,smistad_fast
1798,63bdb5193a73cc403f8aadf485f6de66412642ec,smistad_fast
1799,63c50d49f9219c2112a9794f90f381eb2bf312e7,smistad_fast
1800,63d053807a92769c41ddab686c698917990df694,smistad_fast
1801,63d2af0201ce0da215667401a3f664930ac0bbf3,smistad_fast
1802,63d87e4ae520f7cc316863b18b1605dfe60e3246,smistad_fast
1803,63dc835b00269ad61e34445b7c4a3c39cc0ea36e,smistad_fast
1804,63e055a82ae9ab3a2de9f21045cf4102eb4ff6e6,smistad_fast
1805,63eaa90cc230ef2409411b7bb800adf3c8c5b6d2,smistad_fast
1806,63ed3cd28d8ef44ccc45aa611ba942fc9ed0daf0,smistad_fast
1807,64037ccc686d16733f10dfcd8c03e4d04019ea99,smistad_fast
1808,6405c1a9d36fd9f5a22300cba15d65dfa92bf3d0,smistad_fast
1809,64141d4ed4b26e299be26168cd001e52142fd24f,smistad_fast
1810,6423ec302ca756047c5f95f27aa88c8c42685b26,smistad_fast
1811,643c5b6bacff84635151aa0906dd14a043601c52,smistad_fast
1812,644a5f91fc17c2917d9f52e8c6f50c03c47007c7,smistad_fast
1813,644a7e27b3a3cac4875637a4bf5d2bb654a544a1,smistad_fast
1814,64525aec8ebfcb0adbe73cd0de79320a6c8d810e,smistad_fast
1815,6466af1a1248c04474d08ade0db890e0b97fba99,smistad_fast
1816,64737c8b65eb0f7d985336137e3ed9e4934be238,smistad_fast
1817,64767028c296e8bb3056c4a2042e2029001e2c46,smistad_fast
1818,647cbc9d78f7af01705aa59d7b357a0219aa9eef,smistad_fast
1819,64a10c0d761ffb9b38f4ae730679c8d3d55c6070,smistad_fast
1820,64b15d3f600a86f0b0aed8602d7a63634fa7cfd7,smistad_fast
1821,64b9f9eb4c760b73d8531a8a29f60335e07d63e8,smistad_fast
1822,64cac989b7185f30ee8bb2416efcf8411901ba05,smistad_fast
1823,64e18bd96e301864a6377d689291c9d37cc06573,smistad_fast
1824,64e3bf8b17acd4bb557810125b946427da6e0227,smistad_fast
1825,64f4aa12df38f7cec7563b1203f94662b91e1f50,smistad_fast
1826,64ffec20a7442c576bd83a24b0a12d7ea907e186,smistad_fast
1827,6504282c353ffab05c6240375c8dc3209bb0cc7b,smistad_fast
1828,651822ac6e9e96bc45c506883934798243438314,smistad_fast
1829,651c324b327d7557de729c4bb482f874aee5fd6d,smistad_fast
1830,652ecca18de347a05f32c28da3e939553f677b05,smistad_fast
1831,655a64c7c15f55d24fae5b77d81276eaceaacc38,smistad_fast
1832,6562ed7a334a69b53491242b61ba73ce77de8db2,smistad_fast
1833,6567078c812236bd13fb81de8dadf8f790345cfa,smistad_fast
1834,657db91eadae29af61f07b0b83eee395fca1d0df,smistad_fast
1835,6582e8fbf3a8e99b8c4069490b258250f0483f0d,smistad_fast
1836,658d75ecde4c3cdabdcb0fa67b423fed34043ef7,smistad_fast
1837,65999c61f3cb45c9b954bdb3228f0334b70550c1,smistad_fast
1838,65a28985797805c9b7fa1354b6466857d1de76a5,smistad_fast
1839,65a8273540d3b250f626f512eeb628cd6320b859,smistad_fast
1840,65a9f7e4891a3513029d5b257bf9229838391903,smistad_fast
1841,65bc7fc1748335873f74f50404b672fe41f2d3a7,smistad_fast
1842,65beae0990185710713cf267474b826868e72d56,smistad_fast
1843,65c9d584b3b2484cac7c4940365021f80bf740a9,smistad_fast
1844,65cc7f65ea73c491459ba2d9ce9820345e41fa75,smistad_fast
1845,65d5e5e98066ede566c91f81f8fff2016d902246,smistad_fast
1846,65ede117ec52f1edabb4bb8de3e81382ee913c39,smistad_fast
1847,65f4fc5c6cbeb517ed79f7fcc6875c6194387186,smistad_fast
1848,660402c4a8442821b5c5d9f5a5c8d5895e2bf874,smistad_fast
1849,662d0beff19da8c20ef2e0f655cd56f42af20057,smistad_fast
1850,6634a794593ccc2669977dd2494dc6e7e99ab121,smistad_fast
1851,663b3a95d321c471d02ee2a3debdb8ec6d6184b2,smistad_fast
1852,664bb28de6f00edd2c33021925b6a163539c7c8a,smistad_fast
1853,666df3b0fc4f25b1c53daecd3786c24c69535f81,smistad_fast
1854,6698cdc5646be909524bbf2bd5b2322a45480ae4,smistad_fast
1855,669c4a3ebde8e8f81df3f83b16d333d77dff04a1,smistad_fast
1856,66b3f72df1dc3fa58e50ddfe0e9e9f050d54543c,smistad_fast
1857,66bc0b50c282542f621ae1064636e25add25e4f4,smistad_fast
1858,66c5ee7ac69cce75a4b9bf88a473681120e87003,smistad_fast
1859,66d01d35a5da8b0d8a4b803a27803a230685f3e2,smistad_fast
1860,66f5b532d55238bdc96cb79ae731de2407c47b11,smistad_fast
1861,671557c5c29089541cb76b8bfbea57e9aa2b9321,smistad_fast
1862,673e184ce802f9a3a7570409434bddee9406bed5,smistad_fast
1863,673ef8d1a928ed45b1f2314a13c9dc0b0f8e03d7,smistad_fast
1864,674d4d449ae81bb7428a5e1bd185c6d567b528de,smistad_fast
1865,67528e72692641099e85b84850d8a6d704c44727,smistad_fast
1866,675a5910616dc3a69e1bea9954143c995739c453,smistad_fast
1867,675f8ac7364725033517dc30044f5ea7bea6a21c,smistad_fast
1868,6767efa5a2dbe385481e0bb96f04516306b78141,smistad_fast
1869,676ed9b0f158fd5a7e3c8b87ee8911ce5ac36e22,smistad_fast
1870,677e83b747784b6c84d9b515b730d00175fff9c9,smistad_fast
1871,678ddc1a61ca7d04293ab0b3f72ec2146df8a862,smistad_fast
1872,67980209dbadfd49b8d573e80493de069f4c409d,smistad_fast
1873,67b4f75458d553f5fa000e0e96d901a768f92b25,smistad_fast
1874,67b91c6edb3bada2759d8a1c1370f4582daf7fd2,smistad_fast
1875,67c1aa9972f01f266769bc054b08c7f22bc4d55f,smistad_fast
1876,67fbede1ac06a40e6b9070137962b7ae9f7d8af9,smistad_fast
1877,680582e04d19e7d58720bcc35ab1ca77ab2a1a31,smistad_fast
1878,6808e04f61e986e7654b20e40da765ec25b3d366,smistad_fast
1879,680a1026417e1fb200a36d86629fc98e671b05c3,smistad_fast
1880,6810a4c4834b32056fe98af1fdba8ed915f32388,smistad_fast
1881,68380c24acdc7b90770245e4781800331a323c77,smistad_fast
1882,683bc6b7e42f9c6e4629355a779fc815ea8ab762,smistad_fast
1883,6846a1e9a4a13ba5a715942346ec308b12cfe0ee,smistad_fast
1884,684847116c46641d5e23e54c294a62fb3cf8a98f,smistad_fast
1885,6868b2485a9f56d1298b8d7954a637b3e3c47cf0,smistad_fast
1886,686e222b552456130f31f29ab1f0b33633aae508,smistad_fast
1887,68792ec5032b8c6de33133c194be0c3a115365cc,smistad_fast
1888,68799bb36137c541cb891ec686ffd8f2773576eb,smistad_fast
1889,6885157c74e1852a9da058ae3dc6d7f9d616dfdb,smistad_fast
1890,6887bf93e0d4120b89c84206c19dbbef1eed9848,smistad_fast
1891,688e78526f3c6f37b1dbaeb83f88d4cfbc8357d9,smistad_fast
1892,689852e5facb3a835b77d906ae9c59dc7dab0b6d,smistad_fast
1893,68a8bd02d0cf8ace0a17ba28b0cf6110afda1d78,smistad_fast
1894,68bb8c52ac29c51eeedd388a44a8ebd6fb1fc18b,smistad_fast
1895,68cf1335e5169670f415cc55aa9fc3d8c4abfa73,smistad_fast
1896,68ee80cdb37f7d0d24c47c82e94f40dd10f26834,smistad_fast
1897,68f1ccb3f7b1f68c91f1f92a5762950d133a0c20,smistad_fast
1898,68f7157f56faa68c3f191c80b4c0b45c8212ef37,smistad_fast
1899,68fdb49540962a8f783ad39317c07d8e58a8bc0b,smistad_fast
1900,692869cc1fc0aaee26263a7d64e53754d537ab03,smistad_fast
1901,693118d4961c65ab97fbf7a5d00ebed2329216f5,smistad_fast
1902,693206a167bb9acac99d9722cd42183e858503d2,smistad_fast
1903,693fb251af48484c437d8324fd7eb793702a2fce,smistad_fast
1904,6951315820464a926137a83f1842fbdc7e675ff4,smistad_fast
1905,696312c47800469a64c30bce1c62955296b8c7ff,smistad_fast
1906,69a442e8855d407c67c40eb98dda7283b2f687c4,smistad_fast
1907,69c5ca114788e65b5b818c710f835c978998b5a8,smistad_fast
1908,69e99986f24e4999482e4adff0f5fe45d872d651,smistad_fast
1909,69eb7fc1bd5c6ae1d757fe4be9b4b835510ca075,smistad_fast
1910,69f0913c627cda6c042dc55b9877fe2624fb31dd,smistad_fast
1911,69ff7c3f6049983aeacc6dc06534b518f1afb43f,smistad_fast
1912,6a0f25a208d31000d7367e4cd262fb75f9f21807,smistad_fast
1913,6a131678357b1a432adc282d16c46c46fafef4ec,smistad_fast
1914,6a1afb6cd0a1f768f9c3449d62e2be85300725b3,smistad_fast
1915,6a1e280382e046aa10ba68af133b5250327fcf37,smistad_fast
1916,6a4bdc4039db68522a9f58f0dabef433fe99106f,smistad_fast
1917,6a7d959b8cbf905efb16e85c212fee34444a9d2d,smistad_fast
1918,6a867100a4a77a6f2cbc5e9b9561fac4b74f648c,smistad_fast
1919,6ae4193e28f1e49f8db5b3b4ed12a2b190eb11c9,smistad_fast
1920,6b0ac55c6826c430ac606ca754840e81a156f149,smistad_fast
1921,6b13feb3b833fde916e9c0b84228b4856a9bae74,smistad_fast
1922,6b1687072e7e2b23ae61ae445684e38d9182a323,smistad_fast
1923,6b19df01d7c800c95b011ceecdddefc6bd13b07b,smistad_fast
1924,6b1e6edf2176bef666984d4ba5847b7bacdce80c,smistad_fast
1925,6b2bedffff0d5c2cdf546967a8953161b36075b4,smistad_fast
1926,6b5453f2611d7bb2ed513c9e4d3ffe716e0762bd,smistad_fast
1927,6b72d0268ac2d6680575afde5095215747c8427a,smistad_fast
1928,6bad5fb553faf1070fd9c811e718757f0fd3870e,smistad_fast
1929,6bb547612ab2dda858e17d89fec0b2a50fc263d6,smistad_fast
1930,6bbea876c5984661909dd66de2cf17ab2a8b710f,smistad_fast
1931,6bc80a8314b27eeb216df8382f8fe79164e64d54,smistad_fast
1932,6bd825ae8565190aeb499d701644a0bd1e2e0fb7,smistad_fast
1933,6be1cb25df2bb1c6a4e1b68d72914258e9acba7d,smistad_fast
1934,6bef91e10490465466f8f8ac70dfea4bc00b728a,smistad_fast
1935,6bf38d8e74131cb74c13c3ebb4a4bbbf18568b4a,smistad_fast
1936,6c1fb530b0679cf85547c0438a5ea8eb62142643,smistad_fast
1937,6c202cce959cc7b5535ad42602f3302ae2014fac,smistad_fast
1938,6c27065f23df04cd0a050fada2fd2963864d200a,smistad_fast
1939,6c34aa3d2f5f092d8c1102812a01b808c0418a5f,smistad_fast
1940,6c4a7059baf347ceb9ebea78086c3c4068b17097,smistad_fast
1941,6c4a70cc59cce20f1119a0c462bb302648826bca,smistad_fast
1942,6c595f62dc9a58ce46b07be71a1e5af642680f63,smistad_fast
1943,6c5a1671cd965d45326e8238acf8e6f2ab1c583b,smistad_fast
1944,6c797b02abd011521afb5c1c6298dafec9e495ee,smistad_fast
1945,6c7d2050afb69df2033fd76cb8e1c620afe55068,smistad_fast
1946,6c7d75ca101d6010f434797a16c93ef0270867a9,smistad_fast
1947,6c8deaccda7f1d4aaa72184b366ec2b92929de40,smistad_fast
1948,6c9d9ebb7f5d5cc31bc53b98fd57e641b4d7765a,smistad_fast
1949,6cd14c3cfea486e1091148247bc3fe0aeb640230,smistad_fast
1950,6cdb702f98ee902188efd2ef5990ef2ea7158fdd,smistad_fast
1951,6cdd00169b0a4b08340301224191f007ea6714db,smistad_fast
1952,6d1b36ef541540337ada23ccd34a9d602e92cf79,smistad_fast
1953,6d222754a0f28259cecc2e64e35751d3961ac329,smistad_fast
1954,6d2c81c97b3d7af8ea6896cf35e40fb0c2c8ba83,smistad_fast
1955,6d429b673b5a87415ebc05b94da8a900800504ba,smistad_fast
1956,6d43d03afdc387e854f58edbf71051f459d5d9bd,smistad_fast
1957,6d45be59ed33ab6c4aad489b512e2994820aa80b,smistad_fast
1958,6d4e9cbc0eadb749001e40f9cf0bdb42d65cdd4f,smistad_fast
1959,6d5e871309071f81f664daf3e50138f1b85a76a2,smistad_fast
1960,6d616d02371b8316554c4ac783f76f498f6ba8d1,smistad_fast
1961,6d6eeb350040bf3be2d3335e74e66343d93ee6b2,smistad_fast
1962,6d70e7c2935616849522b449212df1b1d3cdf135,smistad_fast
1963,6da092156b4c5e7da27488fdcd77a7d4c9928dff,smistad_fast
1964,6da224dc54b94dc075dfa6c4210a580f1e99fb28,smistad_fast
1965,6da60de3d8cf99f698894eeb1d4ee9ffafad55dc,smistad_fast
1966,6dfbe04784464f12021010a8625e2e6b4b7811cd,smistad_fast
1967,6e0e027bc2d111cbbefbd47a9d5d96ecea10aaeb,smistad_fast
1968,6e169da2f15be4862123e88574384cbd7c793346,smistad_fast
1969,6e2b546084e3f4912085092509b4ba1c58d47fe0,smistad_fast
1970,6e2bd17651c0c9f25dd1724d54e7b7f765750940,smistad_fast
1971,6e367c70fd0435b764b05faf59585d9f43f81e9a,smistad_fast
1972,6e3718007afe3b02d78ea919d47902df4bb3aa03,smistad_fast
1973,6e5d21ef317a18e980f4427b0780d67c99230b5e,smistad_fast
1974,6e728b90b81a9547dea382c4f25032362e8ff9d6,smistad_fast
1975,6e8eb669ee25588dccc02c413e663db4dfd07905,smistad_fast
1976,6e92413d9e071909f7f585a88c77a57718c87f07,smistad_fast
1977,6ea24ecb5465c6252c25342ef8dba978aef6b2fb,smistad_fast
1978,6eb73f13455d10c38966c3eaf8e09b603558c2c9,smistad_fast
1979,6ec512af9fe0fd0b230b3b8370713201ffe18e52,smistad_fast
1980,6ed663b2fa8558d41d7a7ee61d2f3b84b5c22080,smistad_fast
1981,6efa2cd9a06e506822b7f34eb0f440a7aaaaf750,smistad_fast
1982,6efe7716215c7b294e2add582c93193af38953ea,smistad_fast
1983,6f0aa04de58b05940e81a7e0a8d593a3e4f2ad40,smistad_fast
1984,6f0d0ffc138d38f2771ac4489079e2b904d14fe2,smistad_fast
1985,6f0e5b06737b364f38a42a0748486865f4e0065d,smistad_fast
1986,6f10b6fe8d516e0b93a97e1df3782e5ffa3e5cf0,smistad_fast
1987,6f16b3877cc1240d38aa6cf9221a77d030c521bf,smistad_fast
1988,6f25c2e848fa8062854dbba265d5670e5f2e2445,smistad_fast
1989,6f2a83e9f42915df5c67b9c5a292ae3c4c313a4e,smistad_fast
1990,6f2af969eaf1907283b0780bb2552513a8be8d63,smistad_fast
1991,6f33dd41af4ee8172b641446ee35550965b761b5,smistad_fast
1992,6f366c933a6f1323c957c06fae7a6671f8a8314f,smistad_fast
1993,6f5489003158b6143094b7e535dbd0b13087498f,smistad_fast
1994,6f572d3d1e3d5ed91bbba00f4e46d014fea6dc66,smistad_fast
1995,6f76240c81e728f4df4cf81f943cd92828f9bdc6,smistad_fast
1996,6f84499fc00319992f960c8b31d2ea163a4ed2a2,smistad_fast
1997,6f917f659b7adf715f1458f55758c8c6b9bb3e80,smistad_fast
1998,6fa0122f24a487b749de21779680a65ed2e3028b,smistad_fast
1999,6fab6d7769dd4b786517ad32eea3ea78cd38734f,smistad_fast
2000,6fb5522683d8f6089dbbe7ae8ff65b431686fd1f,smistad_fast
2001,6fce5b300b933f772df5beb307cb691309e37ee7,smistad_fast
2002,6fcf146ddc1553aef226dae96773fb82c3a68040,smistad_fast
2003,6fd1bfbbcae003724d6bcbc325670a1c178e624e,smistad_fast
2004,6fed52dff0d79aaeb50768767908201b8269a644,smistad_fast
2005,6ffa144bf97583ad1c20b3be3fa1bc4218e4d041,smistad_fast
2006,7007832398732dca62a23a5a0b14a66971634cfc,smistad_fast
2007,702c46729abc61c2e2ada73ac028e0fc972e87d2,smistad_fast
2008,70337390a3a9bfd2ffff7824a51062063cd705a7,smistad_fast
2009,703d7731355bce4f7ef4faf85bdf90517fb6ad06,smistad_fast
2010,70401bea185f0c8a4b54e48a63ef7c03094885d1,smistad_fast
2011,704e9ef086f728efe68731f5c7f2134e94b01b2a,smistad_fast
2012,705bbd70b28f915bec3a6f322dbf72a0566049bd,smistad_fast
2013,705c031833022a782d73df6e186434bd6172b2e6,smistad_fast
2014,70611ce872a92dd42e76f9301e7602847f51e2cd,smistad_fast
2015,706ceefe80585032d670d09505e7104f396c5ab9,smistad_fast
2016,7078e7f4a788027a17a54ef7944ad51520478241,smistad_fast
2017,7080c0ec39d515a868f0d501eca1639101f64dd1,smistad_fast
2018,709a9c0eee6ebd001bd81dac605734edfd17e6e3,smistad_fast
2019,70aa2b88ecf6656eb1f965901cbd81636caf84d0,smistad_fast
2020,70ca8688063799133db9fb7fe3d5ded9e656c7ac,smistad_fast
2021,70dcc713f812b76ca6231b41bfa082cec7677cd3,smistad_fast
2022,70e17f6fffd73925f37090078e19327b7ca4532b,smistad_fast
2023,70e4a77891574d6f04c634ba65e1e5313d40d093,smistad_fast
2024,7116479536c42a226e2b2fd55f3a97a81e9a47f3,smistad_fast
2025,7138925adbda0e2b2c126c0d94e5847f42dfc2b3,smistad_fast
2026,7145faa9c3d27b4dc2c96c3114f8c4e3642f837e,smistad_fast
2027,715405d215440293c8a892c8d1e8d68ebab7026e,smistad_fast
2028,715ec7ee4445981f5d074244711b9a45ab7e8841,smistad_fast
2029,7165d72443cfbe1ae96533afc5d5452e9b353e71,smistad_fast
2030,71689808c932345614204b99fea0c2f37913ab61,smistad_fast
2031,7171a35f0572743dbf1e29229bb795d3a82057b6,smistad_fast
2032,71740a4ef59f344bf66553d3fa70236097017e54,smistad_fast
2033,71964a1b4f42bc7e7f89736b7cea233a2b849611,smistad_fast
2034,71d1742563e93b66e7d06cfb7e6e8a284440586a,smistad_fast
2035,71d3bc1232066010b6b006158e27e7370c347e60,smistad_fast
2036,71d3d0f56c1e4e08cb4a79ac0754115b550f7815,smistad_fast
2037,71eb272b31ec8207da9fa08d89e5f3dc8cf93be5,smistad_fast
2038,71fac15083cf784b6ce92a489d8be9f44827101b,smistad_fast
2039,7200aa2bc9e8c7bab605444b51754a213c626674,smistad_fast
2040,720f5a17fe1b87a95d6d49cb998e24283990d951,smistad_fast
2041,72205c0324e6d03d1a604c2875a72cd274687088,smistad_fast
2042,7232fa50851a13d525c49a76f1ab9b1fb00f2f3c,smistad_fast
2043,726f621877f1e9bd13cbe0f175519edbbcfa6b08,smistad_fast
2044,72893d191b9bd48213c42bfa6764842c9959ec14,smistad_fast
2045,7290be978481af743a9b15f8c814c2e1848f23f1,smistad_fast
2046,72a44fe9990444d649f7ef026e703cb199f34748,smistad_fast
2047,72b4f23ad6922e80b0d075b1ea4b2419752e7925,smistad_fast
2048,72bf3b55382449c74d273021c79c61394535c61b,smistad_fast
2049,72bf69eaa033ee600e9a4c5e09d1aebcf6669384,smistad_fast
2050,72c4506000e886bb616cc00bdbed18ea6108a1e0,smistad_fast
2051,72d3f7676619bdf0dbfd5d37ea5bc970e8954aec,smistad_fast
2052,72d4487c31d928a5c49e1841123c4cbc04bfa5f4,smistad_fast
2053,72e365c13826e90e4fa57e60e8a2e0bad98dc281,smistad_fast
2054,72e6eb2308d3161e176d0a3591498c0bfe8ca74e,smistad_fast
2055,72ea47fc3d2d9d98459e52e788f99d09d666ce59,smistad_fast
2056,7305407907c892c29e2ac8c21dd3e3dab89cdcdd,smistad_fast
2057,731642ff2ebd732d1ad7b2eeecf541f0cf469492,smistad_fast
2058,73209765d7fedc1df7e3fd3cd5b7e8540eb0d74d,smistad_fast
2059,73213147a3e1d940898efdf8d0a422ed2a617816,smistad_fast
2060,7326a991fc7ce1cb5344e6b3d343a5837e2455c9,smistad_fast
2061,7334779c4261fc61796b94a66b7ce8845753fc13,smistad_fast
2062,7338bceaf744959eb248d3ad3b45f957888caab3,smistad_fast
2063,733a6c44cee8176926813201179abab31262cf6a,smistad_fast
2064,733dfceef5c9ba7cdfbd63d2409c1b26d54325a8,smistad_fast
2065,734233af588f50d0e65af671ef0bd449b438c101,smistad_fast
2066,7342b072ad68674ba42396f9169bb5b9cb5257b1,smistad_fast
2067,73507942068cffdd371d189a91676b32ebcf53dc,smistad_fast
2068,73607e7cb5bc209b53220780796f8402253c4886,smistad_fast
2069,737665357bcc1197490f876f067e959ed66d415b,smistad_fast
2070,73788db37710993bb0501264a05e648edd93f6b8,smistad_fast
2071,73aac31f1838fa824be59a46ba2567de0f5d27aa,smistad_fast
2072,73ae4aefb1722008bbcea901508aa573f5c6083d,smistad_fast
2073,73b063923a609c9e8ceeb327324e1953ed241ca4,smistad_fast
2074,73b47183d080fea8a18ba7d558eb4bce42c18cca,smistad_fast
2075,73cc379c9af110758c1c282d3eb3a0de50d5d529,smistad_fast
2076,73da676fd46eaac7f2096827a9ac54db187933bc,smistad_fast
2077,73ddd0815dbc2a0477cc0351a8568d3aea896d61,smistad_fast
2078,73e43aa40277ab75199151d9c2810edecf7335ea,smistad_fast
2079,74050996a3029674d9b000737f4ca4ee524e1e83,smistad_fast
2080,74112ad23cf9f52c1263f0bf0e4051af4289d41f,smistad_fast
2081,7420284d13235a05fcec3bc3127aa4d5015276c4,smistad_fast
2082,743b7c78214fc5abed598de198def4ffcffafee7,smistad_fast
2083,743f360b147f28064835ffb6e760133bf03ecfa1,smistad_fast
2084,74707535482bde313f2ebdac0e6de518500a4cc2,smistad_fast
2085,74753384695544abd43cf811f1bcc20919620cf9,smistad_fast
2086,747b6a39eec49e9118d6e9cf7f207d089075c765,smistad_fast
2087,749a98d6cf84b199c98721d707ac1d5d16621ffc,smistad_fast
2088,74abc35cb6d05efcac99298f81243cac7df359d9,smistad_fast
2089,74ac11b24e1c73fa336850decabcbaf09c800745,smistad_fast
2090,74d95b8b77820f021e3e0e21c66972cedd202d39,smistad_fast
2091,74e3030027cb669ba524e6d373b0a7c70183a413,smistad_fast
2092,75009956e0dd43743615d271a76015302ba5d92b,smistad_fast
2093,7519bf8249735ab544c5ce494a3307769e2c2c74,smistad_fast
2094,751c225c3360bb2f5d0a9a78f4bf18457475e53d,smistad_fast
2095,751d5e284b9f3755e1d25ab7e2e91e3d8a7e92a8,smistad_fast
2096,7536f587dd4cf2559fdff4de6fc7bce511f10be7,smistad_fast
2097,753d868b8d955c0e5ff83e419831e7f6af424f4f,smistad_fast
2098,753f8f6ba82f1875603d74775b57574c82bf7200,smistad_fast
2099,754141e9291b41d564774dfc5dc86ff7a6d975db,smistad_fast
2100,754b7514bf64ff7a2e6672ad32941843e36b41d6,smistad_fast
2101,75627f9c63891584d9a8028568294f4c831a87df,smistad_fast
2102,75712429dc53d3dc5f408aa45b1569df87c71e85,smistad_fast
2103,757f71aa49f0c232a11c7b99ba19cc095c00114b,smistad_fast
2104,758edded16ff4acdfcc67f75adf4b36b766194e6,smistad_fast
2105,759af18e0967293c61a9bc2abd747a421953c750,smistad_fast
2106,75c8969a1b88b055d482aedb1d15662e9f5697c0,smistad_fast
2107,75ca398e6da76f75552fc11e3e68e9c0c9811f2e,smistad_fast
2108,75cc6cbf220c858151578e43f226b23163d6f463,smistad_fast
2109,762ab92f1e20bd7f5dab2866d0791810a8a48dca,smistad_fast
2110,763dc06608124886b05c02ec201e06b5a63bc7e5,smistad_fast
2111,765390cd6a6ec135ac0478f11eccc5b5b64eddd4,smistad_fast
2112,7654ad76a13ff58265a46d51e40110547dbaf340,smistad_fast
2113,765681baad305954ba98893bbb145a8c43f9be7e,smistad_fast
2114,766ea7192ce60251a42abcdfdac9cf8126b4cd85,smistad_fast
2115,768061368c8f2296ea12ee4c7043e8cc99879644,smistad_fast
2116,7685e4e8f21d4f02d1f5a552fe0faa09a1ee592c,smistad_fast
2117,7687ce6ac6a6c72889578a23a6add956ba1e1992,smistad_fast
2118,768fd1273dd496f58293b3257b247ee223d351ab,smistad_fast
2119,769275a269cb0c77379614ea7467e2e5804b5011,smistad_fast
2120,76a905717c4e74d6527d401a01c5bf19a5f2e94b,smistad_fast
2121,76ee77a1fa22760db0a5d81884af46aa0b0faade,smistad_fast
2122,76fb735200c2697cdb2bb56b355564ccc37a7cf5,smistad_fast
2123,771603adff48742b3fe19e97a2790a951e56ddee,smistad_fast
2124,77331fa01ddf14107e89b239abe985537d92f212,smistad_fast
2125,775c6877eebacfdbc24da3574fdcedd96995297a,smistad_fast
2126,775e38a1e5f83f8765a379a61712c012aee88bcb,smistad_fast
2127,7763b714755c279cc6fb69a55856179f81018e01,smistad_fast
2128,77671674e628498270f8090cced628c7bd399281,smistad_fast
2129,776f6ff0b1f2478253113b9e6cac753b9a15103e,smistad_fast
2130,77b2ea54fc61aa23e3c787fb7e767b6a2fd191ee,smistad_fast
2131,77c9476059c3d2b81af18d7b2582c2ca1b5cd3cb,smistad_fast
2132,77c9bd553a55bef3929802d1bb85593f7f501e8e,smistad_fast
2133,77ca945c9765b42dcf96330f43ff1b431669fb0c,smistad_fast
2134,77e7d9af2427b123c8dc1b995f6ca319035728dd,smistad_fast
2135,77f67e50e85b65d7eaf3ba33e35643f8cba97228,smistad_fast
2136,78307c245f0887a5b659e6d960c0f54149c2aa22,smistad_fast
2137,7831ceaf870dcb1f40120d65317534a4b43e8575,smistad_fast
2138,783f2ecafe843afa0042d1d058030b8928e5e98d,smistad_fast
2139,7851421799e460477cfe6b9f72de11de136a7fef,smistad_fast
2140,78604db28572e708dc247636e52d42513a1397b4,smistad_fast
2141,78650bd066c3c8a99f855a49421ba49be0bc32f7,smistad_fast
2142,7870363a44b24abc7057841d01d2663e58e06be6,smistad_fast
2143,787077b35ca9c2710abee45144606f88623cbbb7,smistad_fast
2144,787854318e103cbf426c45cee0d04468851bdf8f,smistad_fast
2145,78925a157be7d3cc8ef4d05ca555fca44421a28b,smistad_fast
2146,78b3aca1b7ebbaf6e02339d9b794c05e7280a453,smistad_fast
2147,78cbeb924623a241ad778212da7e80c8f23ab41b,smistad_fast
2148,78f809ed1f251ef48cd2f3de85bbb5488391dab6,smistad_fast
2149,7917358c5768f392c412366ab83e65229b5b10a4,smistad_fast
2150,7926d5e0aa76edb3c5eed2011d5d2a2c80f40e30,smistad_fast
2151,79415ec9eabaaa89cb65a44ecbdcc33fe1311dac,smistad_fast
2152,795ff371d5c99cdef7b84c8a4b4bcd2d018c39f0,smistad_fast
2153,79627fba833d3a388f6e0a63edb61508d434d816,smistad_fast
2154,79871ff4a38c0b89b79cfd6108dc3404af687aa0,smistad_fast
2155,798732c33dedfff8c81f51a0c40e0ec05214996c,smistad_fast
2156,798a4081fb919fb222b146b53f48e439c7698445,smistad_fast
2157,799879a0abe97581365957dab6b810307c54f7b4,smistad_fast
2158,799e67b938af8f1fb2f08b2951094c43a8bbfbad,smistad_fast
2159,79b77aa80ca33a047ec9950ed08e475826359944,smistad_fast
2160,79bb05b68dc22909882d85c3d2b2d61a8df7cd48,smistad_fast
2161,79d52e36dcb13f053f3855280087be38a3ee39ec,smistad_fast
2162,79d97c1a5f348c16b883cbbbd331a5555496ad1c,smistad_fast
2163,79e264087191f5382d46fd52d6a9099e256cdd14,smistad_fast
2164,79e76daa28c346cb05a3bb2bea89f0056cc13e05,smistad_fast
2165,79ed879b1ce60c55539ae1f1c4f38921cc724bb2,smistad_fast
2166,79f2faee3a02ae2180ad49ba8b22e410907c54eb,smistad_fast
2167,79f6117ad6830752e3210d4433907806b1baafc5,smistad_fast
2168,79f9ba80b740d99ab875ba48228eefdf441a270a,smistad_fast
2169,7a07a3acafa5122bee57487a9c117150cc251630,smistad_fast
2170,7a0b9a5d2156a926d662f6e5550431a694f24394,smistad_fast
2171,7a17fa8384fb508e4befa5d17f88cb5671578184,smistad_fast
2172,7a183720bb7413b311d6e083b5096d4b217a5b22,smistad_fast
2173,7a20eec529f533590eddb9f1009ceac24f68f42e,smistad_fast
2174,7a21bc16a17aa22e563347bfb30cd653927555d8,smistad_fast
2175,7a25eb232fafa70c0799d0006d3cefe3858532f2,smistad_fast
2176,7a34c5a55467f40f58e177866d37427c434ebec7,smistad_fast
2177,7a3e5d034396d4f0a58f6be48c2ab9dbd73f816b,smistad_fast
2178,7a43f5b729a72996791b1a2bb900ffd71edb22cb,smistad_fast
2179,7a45fb76980d80f628e717685263f90045489fff,smistad_fast
2180,7a4b8843142902d269123bc564a31fb5972d7ae3,smistad_fast
2181,7a4b99c2ece919bdb7dcf78e0143ee6132a1653d,smistad_fast
2182,7a502401115628228fd00d1425552b60e2cb89b7,smistad_fast
2183,7a5a91f7c7cb449c93fd774c41e1ece7cc8d6be1,smistad_fast
2184,7a7e58589f66d5fbe56b395258fad93c917ebef1,smistad_fast
2185,7a9789522307804300217cff335af5b1d6c9bca1,smistad_fast
2186,7a9a123615bed27368836c03c161da1278ee1a70,smistad_fast
2187,7aaac80ccb629ba75c042dcdc2ed40f8214845de,smistad_fast
2188,7aab986c3232ee9fafb2fbf7b17bf9ef897a53fd,smistad_fast
2189,7aacb8eb63cef960ac0936773f64c2f15cb1585b,smistad_fast
2190,7ab532a1f56723ab49103d84c22c0b0bf726a44e,smistad_fast
2191,7ad511408e0892b947fc81974ab98b9160c75a7e,smistad_fast
2192,7ad83efdf654cf0ac3d3fa4baf4c151398340c1c,smistad_fast
2193,7ae498724cb7784ae71ed23dd3904d7441cea90d,smistad_fast
2194,7af498a3da816f2e2ffc4c6a5f67b8d75c754d12,smistad_fast
2195,7af96765c9e7110b0143a58f1d3bfeb76c53c48d,smistad_fast
2196,7b174f7ede4712b2e0b46b37e1d2560dfd1076ad,smistad_fast
2197,7b186f9b7178e68d326044e8f46012b2acc5807a,smistad_fast
2198,7b1b3d1ec28b492794d54ff848f4792adb5860ba,smistad_fast
2199,7b381572e1e90336d82b85e073782183ac38274b,smistad_fast
2200,7b5c67ffd2cdd0f4c845948cc25d5b32a8d25bec,smistad_fast
2201,7b5d1e9a33de72ba0770d21a386978c0448f3f68,smistad_fast
2202,7b5e3b12e8afd82e8f915a230ad3c955d36925a3,smistad_fast
2203,7b95f8fbd74b2e33b8f2d4df9bd2b76af3944273,smistad_fast
2204,7ba737dc5eabcded1e9826ca918e7955ebf331c6,smistad_fast
2205,7bad375f5b0b9ac7761d371c03f6a38fe4effdca,smistad_fast
2206,7bae6f00ad3c8646d0445f458cbe0a8ebb498fd9,smistad_fast
2207,7bd201d158fd20af220be4022492f4e33d4fa28d,smistad_fast
2208,7be64ba615f003500aac152034c00561a7a89c76,smistad_fast
2209,7bf6fece5a688b9edf539abe5891f3ee1e48b671,smistad_fast
2210,7c0f2fde70489b860748f15f822297fce421e1da,smistad_fast
2211,7c1c3fa5ec1897b7c79be5f2a25c6e2697891f33,smistad_fast
2212,7c1e01b065b6755d8f9df6defe0ccd006eab74ba,smistad_fast
2213,7c2ac3e4e2e9c47f8d80172beeeb60c04de756ff,smistad_fast
2214,7c2f98dfa542f1cd37f4cbffa039629755d5865a,smistad_fast
2215,7c3522ec4257a76304a23ad7857c29ba0af5953c,smistad_fast
2216,7c573882311bf7924b8ec46987d22c0668cd12fd,smistad_fast
2217,7c5971c21dccf41cd39699a2bba6e76641873cec,smistad_fast
2218,7c615e30328fd0067538f50bfbf8615103ff928f,smistad_fast
2219,7c6f190b1d35b50ed5b939f90db0cc0588a40c9f,smistad_fast
2220,7c735349446431c0a4736983c3b182dd9ef22c12,smistad_fast
2221,7c89d29c4aece7c00ec3281909e9f9fd2981c70f,smistad_fast
2222,7c9729451781c288eb4b30d35f902e451eb62743,smistad_fast
2223,7caa25dea22c115c68722e86f5edc49387928fe8,smistad_fast
2224,7cc3d502b56ba17a1f7788efb5f864098778c5bb,smistad_fast
2225,7ccf4f170bdad62ee00ceaa2fb65c34b627159d1,smistad_fast
2226,7cd35e12c57efa4965a201861dc8b904882e7810,smistad_fast
2227,7cd4c7632fea6ccf106c08631ec4d9a14e226929,smistad_fast
2228,7cd9ae91ae3e396a3b44009e6da66e74362f9fa7,smistad_fast
2229,7cdda335fbfefb8c4eb64a7b5f5a54e893ece6ca,smistad_fast
2230,7d05a3e04d705d06dad1d75cdc188386777ee77c,smistad_fast
2231,7d0853476927a08b7f91679229429ba3a64e939c,smistad_fast
2232,7d161a2aee0b29b7b8fd20beb67ec4db21ea5f1c,smistad_fast
2233,7d18464eb925e6eb5100a50602c18cd19d4863e4,smistad_fast
2234,7d2868493ac903cab724666e1fe69ed34272db13,smistad_fast
2235,7d36fc4ecf8306dacb50f8fc0a1fc2e2e9250b4c,smistad_fast
2236,7d5be998a2654a5d5623dde6489ef15abebcce35,smistad_fast
2237,7d7c4b9a87a11676cd1f4ef8800d502d21a1d632,smistad_fast
2238,7d87478ca5faf0f38de5891ddec880b0cb093e58,smistad_fast
2239,7daf77f0240a29a40f2de7e29bac47149867ffff,smistad_fast
2240,7dc8ca77ed8a49f0214ae923c857593ad4bb16b7,smistad_fast
2241,7dd38e24a2fb46a5ab58e805835e5f4abc145a76,smistad_fast
2242,7de1409df6e0c1fa5263b630b4642a4607b8a1ea,smistad_fast
2243,7de5967e012872da98fc40de1ca3e4d426647d69,smistad_fast
2244,7dffb66cf79c0f20d80a562d6426340b2cbba78a,smistad_fast
2245,7e0ff0051c70bbc99db1e380075d6d6063371783,smistad_fast
2246,7e1df6f90e1880f888272276b3b42f5bb89dcace,smistad_fast
2247,7e2552d29fd8c17d9e1978f391e230492606d41d,smistad_fast
2248,7e289137da00c1a59f73e84724e4ab2bcffd6cf5,smistad_fast
2249,7e37c06bc25dc783f1eccb0c958dfcab604faf1e,smistad_fast
2250,7e53c0635686a8a1dd312e0f3280194afa9abb63,smistad_fast
2251,7e653ddeecfbcf3df57697d01c23aa5993b19d51,smistad_fast
2252,7e71335438032f9d50f663ff46e9702b9bcf2e3d,smistad_fast
2253,7e77751e4544649e8ba961b846b3fd807fb82038,smistad_fast
2254,7e7ac8e95ecd5bb849b4da9bbba7707f4156c1e1,smistad_fast
2255,7e89863b139a872b2cc3b686a25784bb9c53fc4c,smistad_fast
2256,7ea2f986393e9a4f44805279ae910cb8275c01a7,smistad_fast
2257,7ea3b5e9d78059f781708e2e6bb9f2bee8c0f1fe,smistad_fast
2258,7eb24fff905a6ab6ae4f0fc5a6d3489b2e8b796c,smistad_fast
2259,7ee2c2a36d9ea10614b34a2ea517b394b00dd009,smistad_fast
2260,7eed47ddcccebfcc5580667b35c8b1082b1c3d33,smistad_fast
2261,7f1b3e35491148bf2e345b185690d1ef3f4e73a1,smistad_fast
2262,7f20e79b93e08b318924a1219d85ac8a3c000967,smistad_fast
2263,7f330e995b47495e7c7075b2c8552d6a3166ac3f,smistad_fast
2264,7f34ee94adcc22fec52a5952f358c371b5f082d4,smistad_fast
2265,7f408c727b0e994c99dda78b71971115c51b430e,smistad_fast
2266,7f4479dc065b396295712c183cee6814826e2589,smistad_fast
2267,7f47637ddf8113253adab22646315abad5a87cb3,smistad_fast
2268,7f48be18baadee811dd47b3b3debcdb5c792d424,smistad_fast
2269,7f52e0ff4deea895542a3506267b4aa3c83c50ee,smistad_fast
2270,7f716a8abedc788d0f81c6842bd4453ac9c9cd6b,smistad_fast
2271,7f7d3ef24230431287303be66e508d08a87148fc,smistad_fast
2272,7f8e10007fdb14e23545dbe57fa6c19e4e217b87,smistad_fast
2273,7f913e8487f741aa80c422a9bd528a869de5eb16,smistad_fast
2274,7fa1e17069495715efecc0626d8e96934dd423c0,smistad_fast
2275,7fb18c8b66b4e1e725de8199bd85dc9b77dcff25,smistad_fast
2276,7fb33223d91d7b6d3313e2dbb1a12982cd11324a,smistad_fast
2277,7fb82a787927b3ad90e546575e0637fb887b752e,smistad_fast
2278,7fcf8909beec14851e0d4d989acbb18bbe81c554,smistad_fast
2279,7fd7a4f57e531f9503b8477f6e38d72fc3fd900a,smistad_fast
2280,7fdd50be772086ec63c0061fdbdf1bd905e05967,smistad_fast
2281,7ff23223a15bfef0ef619cf01751651fb8c6205c,smistad_fast
2282,7fffbf36293d0105022269e550e23de8f40207f6,smistad_fast
2283,80108116b53ab5bc158eca5ce98f4ff90035f325,smistad_fast
2284,8014e00ddd8ad07bf2ea06cb3f1cab0a62536b35,smistad_fast
2285,801f30e02aaa998cd12428668136957534938123,smistad_fast
2286,802535eeaff0af62595547a1e8124be74a621310,smistad_fast
2287,8045d41262e248aacb903ef3f59a0cab2608be5e,smistad_fast
2288,8052af3152988258180c10f39a6a44cdea317ea4,smistad_fast
2289,8053f4bb4df02d51f06f6a4a252b5f77c5069b52,smistad_fast
2290,8057d447673a1b73f7be1d975966ad930caf09eb,smistad_fast
2291,806b6208a116ae7c40df629947dbbb2e111cfcba,smistad_fast
2292,806bd0e0500a9dcbb4639da9020a93d44b2621e3,smistad_fast
2293,806d6120a892b184b0b1c0c86425f1f658df10b8,smistad_fast
2294,80726a8eebe51723edca3620bee2faf73f064fde,smistad_fast
2295,80729d7b8542a93a044374eacd2bcbe3046944ea,smistad_fast
2296,8075135248ecd326786717df75a267bb49c51975,smistad_fast
2297,8076e6bd960ca8a4b3f86c24e36262e70796cc18,smistad_fast
2298,80800656443b96a37ae9a533a227248fe7b44dbc,smistad_fast
2299,80905656fabdbb24cbfd3f0cdbf1ed009a88fc96,smistad_fast
2300,80ad8baa4bd51f0594437e5624b4c298199f9b24,smistad_fast
2301,80b47eedd5ff0437cf279f1f05deb9212668ae23,smistad_fast
2302,80dcb49733437625734b62e860ac78a0e9514882,smistad_fast
2303,80e1529a993077097670a2be5ccd97a929659480,smistad_fast
2304,80ed6145110852f2503c2a08e334fbb8107509d2,smistad_fast
2305,80fb879e4faf046a95b533a33f50d367b78cd59a,smistad_fast
2306,810365a804bcf1952dda1e24274b335b012c4c69,smistad_fast
2307,811c5037527b19bb767b5c58ef6c5710d9c8d207,smistad_fast
2308,81259cee4e49f9b4b429b641218796ca8b7a4552,smistad_fast
2309,8127a514459ea3ec3b83860b09b59c6931082a78,smistad_fast
2310,812ac58986bc6c39d140beb2194ada60b93c39b7,smistad_fast
2311,8132eeb7bf108f1026e2a6fca8f57d8e42706ee4,smistad_fast
2312,8135c579dbbc213f4975f9d15001c0a832e2445b,smistad_fast
2313,81411296b7437e3469221395cd01b37ed01941d1,smistad_fast
2314,814a39aefa83b5c74d12a2facae99286ee49205e,smistad_fast
2315,814d65566d0a96fa6f47fc0b6dc0797e6565e452,smistad_fast
2316,8156774eb9285c27d7e542172d5c3e670e33a08e,smistad_fast
2317,815a2794c971c37bef04ad6536ef5822e5ff5c87,smistad_fast
2318,817af385b280302dff4c2f244f7d8da018308f2e,smistad_fast
2319,817d7bab0fcd9679bf0a7e052fb71d772b2f749e,smistad_fast
2320,819260b908597f98c6bc0c076a77520d13541eac,smistad_fast
2321,8197f8ff89bad9a3cd170455057e7f4d743f2f3f,smistad_fast
2322,81a0fa1410d22e94565899f9d7549280bf5d62b2,smistad_fast
2323,81b55581210d7644593afaff03382c91551a80b5,smistad_fast
2324,81bcdac5b1f9f585afaf129ca41af4d8ef7b95c1,smistad_fast
2325,81c2cdcdf9547b133151f1e6c815b1a40ea3218f,smistad_fast
2326,81e99be0ed9ca33b718053384d596b1fb9015742,smistad_fast
2327,81f16f2f25e7a07b69269fc4f2981bea8ca89cbb,smistad_fast
2328,81fa7ea3cc629ecccc2b7efe261fbc8413ad5b64,smistad_fast
2329,81fbd983e10b7dffd84deee9a656255eb22bb4d7,smistad_fast
2330,820f6653867dc61d95a4564ea2ec994fd0205eb5,smistad_fast
2331,8212dd73e69bdbf9ed1a8bbe034375ffd59a8c00,smistad_fast
2332,82208e1a1cf076cd3843e1a2a3a8ff52df3fc5f4,smistad_fast
2333,8241584ea66464f293ebc5ee8b5ea06628b43b55,smistad_fast
2334,824f9b5f1ff8c0cdfc1966d5c21266219eb1de05,smistad_fast
2335,82516869ea82da30a965bcdced962f50addd72c8,smistad_fast
2336,8255163bba47d6fbf85131cc55d6f655d4c1ebcc,smistad_fast
2337,8260e903bdab8a4efac7087ec60248f8a580ff84,smistad_fast
2338,827564187bec1991e856cbd8192544975a57d895,smistad_fast
2339,827f6ffc896a726cd3d13dc4c4e9a82e8831dd4f,smistad_fast
2340,8288a1173b5e09c5af157e3a9a9aa6801f09fae3,smistad_fast
2341,828dc618b03587d52bd8c720e5e44327cb8a3c24,smistad_fast
2342,829b633db9d718b765e6405373f3bba2ed549702,smistad_fast
2343,829e385a32cead5011b0cae20b4da86b153b421b,smistad_fast
2344,82c0c995a52512d9ade12ded5a14592a49af8059,smistad_fast
2345,82da5fe3ba46ba25dbbe5585db8d42a346ed54d7,smistad_fast
2346,8305b437c9a52aae4e047d5aeafe3e16354faca1,smistad_fast
2347,831b2a3b67a1198f114e2c4fcd94cf444a2a8196,smistad_fast
2348,832a215612717cde7e22775379e8b85856531bea,smistad_fast
2349,836e1950360b9effacebfabd4fc1c5b23730a2e7,smistad_fast
2350,83700ea8825e89f3bb61eb79146fd4d8312841ac,smistad_fast
2351,837a2f6615d13299accf6ca779a62e86337e7383,smistad_fast
2352,8396a49d68de750c03c093b604c90e1eed618e41,smistad_fast
2353,83cf2b9735622de0cb99d35c057e5c42da0078d4,smistad_fast
2354,83d7489c7e80ebc3e28ac6ca2e13e0424f9d094e,smistad_fast
2355,83e2d2af631fb6085cf7e8234444345cb213ba42,smistad_fast
2356,83ee1e8f8b1f164aac4d15052dfea43807fb03f3,smistad_fast
2357,840ddef97441bab88fd2e173d90512f34b8e1f0c,smistad_fast
2358,842570951907e3417a97f3dddbd380c1fd070e77,smistad_fast
2359,842f3f40849e259a26176ff0c3e4cd524b12c0ab,smistad_fast
2360,8449049221ef2dd2ab1fd99d6b0a22ed22c8f230,smistad_fast
2361,8450e68493eb2752bec40e1508f4be0d59455675,smistad_fast
2362,84576f5ba5104e53e23d327ea23bd8683b284d15,smistad_fast
2363,8476685de9aad4558afdf29cf118e2273578a4ef,smistad_fast
2364,8483378ef906de572c39e51937b6ee75220b80de,smistad_fast
2365,84835b5c82d13f94112194de48782471a463a108,smistad_fast
2366,849866b996f677994d423454a041f99c4f93c53d,smistad_fast
2367,849aacf34531412a2befdd3e3d55eac0747c9525,smistad_fast
2368,849b50ccac78ff8792029a45b60d4cb4d6562834,smistad_fast
2369,849baeea9f29d7f6a177d2014457826d6c08f147,smistad_fast
2370,84a52e53f7021a0c7b0d96d8782e678d1cccfdbd,smistad_fast
2371,84b4f984cd75f227a9774225806f21b4ab595ee6,smistad_fast
2372,84c1997ce63c938e69b976e67ce9bfef1be00ea6,smistad_fast
2373,84c801d356bf434c37a878103b6c84e00d4488ff,smistad_fast
2374,84cb25ee2a87db555a65534223d2aa78cd80a7c6,smistad_fast
2375,84d5b72540063543cfdb3515c02dd2fe2f615ae6,smistad_fast
2376,84db0ea3820767bcd5393dc6d0e84fb93773e9a6,smistad_fast
2377,84dff4b6a7aa94e7f449b744f04388b9668fb0ab,smistad_fast
2378,84f333afd5f03ba0504dbef88a02d2f80b51cd42,smistad_fast
2379,851577b9071decf002bb816b64f5450d63c85d04,smistad_fast
2380,8536c02586a9c87a738444881a2e05182f743a17,smistad_fast
2381,8565b96c74b1ede6d54664fb3db27edae1deb07b,smistad_fast
2382,85833506b2f3abee52f669896d371314a1133271,smistad_fast
2383,85902aa29a77d24c1a1a5b3477f126cb2e4497dc,smistad_fast
2384,8597d2a57509fc03cdb34f2aca58334d10547f1a,smistad_fast
2385,8599d81385fb4b252be0368acc9e485a572dda2d,smistad_fast
2386,859cd8d556a7490e96f957d06b673b37a10aff1c,smistad_fast
2387,85a63cdc914b6360d669831f1ef6d17d7a1a26cd,smistad_fast
2388,85c2bfe5cf3d440146d5c0b29a9f71639b8f0486,smistad_fast
2389,85cc02bb9865e50d7c4d7a1d31682b0dc965f49d,smistad_fast
2390,85cc96e06ae875f4676f26f5820a1de64e444576,smistad_fast
2391,85cfe4d10d705c547bab706ab0f96368463a6a29,smistad_fast
2392,85d283f3bce00c395e7af533086ae5a0bbc7a31c,smistad_fast
2393,85f77da22760f7c1f81d507bd2c6391221d8ac39,smistad_fast
2394,860662b39623b76038d3b18939677a88dc441563,smistad_fast
2395,8610d02384d815200ad94b0923cb0744c6941596,smistad_fast
2396,8613e6afa743ad21d1940733b6ce75ebde7a505d,smistad_fast
2397,86377b7ee24997456a688a821e6d276d9cc52a31,smistad_fast
2398,8656587b6e6a1192f90789f6c1ffb760484a39d5,smistad_fast
2399,865b21d25865e55d6b380ebc658332c04a2e7a11,smistad_fast
2400,865eb299440d12c7a8acab2f2e3e65f77b85fd33,smistad_fast
2401,866720f6cedf5e8b2a5c1c2f00706d27b754296a,smistad_fast
2402,866d67c36966fdf49cb15cf94bba8c7c9eab09af,smistad_fast
2403,8671792b3630d108a5f6da7da08d1a2e8ef2784c,smistad_fast
2404,86718009d8b0e8b2494209377ad347623164665a,smistad_fast
2405,867565ea4f775845d7d404695c43e55672a7fde8,smistad_fast
2406,86a95e6efc6dd82a2d0519c4d703bcf4b5d0647f,smistad_fast
2407,86b3174072c0a4163cac84fd21b3a00e7358ca29,smistad_fast
2408,86b54fde332c110d269ce50f243e22846b5f5790,smistad_fast
2409,86bc447a87b3d7198f70a030365dec09200b9ae2,smistad_fast
2410,86c8ec87e65e06be1123454cc2b905cd7867caa9,smistad_fast
2411,86e39068ac588bd066cac491846c30122c027582,smistad_fast
2412,86faac99e6eb55ccaefa5945b193439775463a7a,smistad_fast
2413,870277735c91e2613c20367f7cd667ab1b4d5e90,smistad_fast
2414,8711ef7e68ce48697265040397a8098191c7b1fe,smistad_fast
2415,871ff000bf18386fa589cc714ce164d4fcff7f20,smistad_fast
2416,8733d6b8866c0ecb6980e958c25ce24b312dc646,smistad_fast
2417,8765cfcff4d5b4d89f18c3b20dd6ccfd8facbe28,smistad_fast
2418,879e624db1cacdea71bdc088150ef47828c2745b,smistad_fast
2419,87bc00ac530e8e523236c3f6cfe9865f5cc2fc43,smistad_fast
2420,87bd51b01d7a4b49126a7503d13eabf8fe8c6679,smistad_fast
2421,87be7214532204e6c47f243158ce618338b6300c,smistad_fast
2422,87c3dad2f9a24d17f286e8d96d61c56d892e24e6,smistad_fast
2423,87cde054ab13e4737382d70127ffd31579ad4182,smistad_fast
2424,87dd04a14939700ccf29f5a77387e27c8f19ba55,smistad_fast
2425,87e610eeaf2f8877b0c8c48800ffdbd714be2ee2,smistad_fast
2426,87f67df677c3b9b53e3d97ba25fa00733d4e7df8,smistad_fast
2427,881128a1ad7cd48e8fe496ff67976c577562ca77,smistad_fast
2428,881505324f646fc41ebdac94b0cfccf3c04bf3e4,smistad_fast
2429,881dd8e88e38581e6fd60f80ac6c9ed30e05ba15,smistad_fast
2430,884e0ea2a24c5d64097d48bd8331d114386debaf,smistad_fast
2431,884e22242ccc69ca4660972177ad76b7e13d8626,smistad_fast
2432,88761e337e884ca7ef5fe7ff22ff1d8e9b9b42b3,smistad_fast
2433,887b84a24262ff7fa65a52568b8848fae5e58053,smistad_fast
2434,88cceec56e25a7ddac033a93e02bf0f68b7ccd8e,smistad_fast
2435,88e9f204be90bc4bff72501725e19c01a9ccdd34,smistad_fast
2436,88fa2bb16edd86921f873fd9f63e47da8035908e,smistad_fast
2437,89256a30f3af71ad1c71aebb98225ad17828d28a,smistad_fast
2438,8925e63608699844b879f09c7a0f39f3f594ab6a,smistad_fast
2439,892aeea256485b3a380d9a36bd3a21b2a0655d62,smistad_fast
2440,892c54fb934b059d643913bc1db2d08c5f491661,smistad_fast
2441,894fb71dd302d11f573241b71ef83bad1dbc984c,smistad_fast
2442,8953493df1eef51f7240cf1cd1700c29edb6f8b2,smistad_fast
2443,895f04d64595d3237fe0a7a0e84d30116aea0ed8,smistad_fast
2444,89655b325ef68eafe16270c7d0c43ac14726c651,smistad_fast
2445,89754dfef56765641c4ad875725bb351f16463ea,smistad_fast
2446,89956accd0ec2820f91e85973d47ab9a94764d90,smistad_fast
2447,89988ca9e3e31a77d486532cef404d843dbf9b9c,smistad_fast
2448,89a936c402a1ba682be141e8d11e90273e4417ba,smistad_fast
2449,89bb68c3bfbafc10b4eef58be1bd652c69927222,smistad_fast
2450,89dc1866b3c9fbf57b394194e67661cd52bf0227,smistad_fast
2451,89f72ef3eb22ff0253947bcfec2a7e5187303bc9,smistad_fast
2452,89fe1f789a200df0908aabfb53c5d8cacf44bab2,smistad_fast
2453,8a0822767666d4b13c8518f1dc775fb329881c70,smistad_fast
2454,8a17fd065b5443373559df367236586005471556,smistad_fast
2455,8a26a88ace9154e7fcf17b1afe4a04479015446f,smistad_fast
2456,8a2921396f8aefe4264c74b95ac95b08d68f0516,smistad_fast
2457,8a2d4862870aea19ccf3d953ad10a8d1d6971024,smistad_fast
2458,8a2f346ffbeae32fc38a82cb6aa4c8b1ef16643f,smistad_fast
2459,8a48ec4043bd345bfecd90531e385dc5a3a0cb66,smistad_fast
2460,8a5d867784252f6d025f21ce8da580ebcd824497,smistad_fast
2461,8a6fd612396d18f8c5b01ecb93a212cab7ff5b90,smistad_fast
2462,8aaea8f10c7ed946c4f77a9e6097cb35e3466bed,smistad_fast
2463,8abc940acf3498d871e80f92bcc0e870c34a908c,smistad_fast
2464,8ac3de03c0c4c9b767691f2e61647e5323718d60,smistad_fast
2465,8ad743e842f76f5e722b081c79612c240b35e035,smistad_fast
2466,8ae3fe8669bf5e78b36804f835bcf77bc2b84269,smistad_fast
2467,8afbc18d11647b916d885499951306561eeac0c8,smistad_fast
2468,8b0f41302dccb7d5ae97248904ad2fa5ec453399,smistad_fast
2469,8b10507448855918169ee40520ba6259a4a7e47d,smistad_fast
2470,8b2289f5e7f7392ff3e5a40bdf112fc06513ef84,smistad_fast
2471,8b2bc5f86eeca951faa5208b4e570a361d609a37,smistad_fast
2472,8b3a28bf94c66f9ffc973fccc667279f20cc50a5,smistad_fast
2473,8b3d8a54dfce57b6c3a42e9e46b08cab1e5427e9,smistad_fast
2474,8b51692ea228d6a31ddd81a28b54738ba7750c38,smistad_fast
2475,8b526ee6df0a24302e30576d4842d14c8a7e21f6,smistad_fast
2476,8b9a2e34289963c288fc58a33dba445827c6ad2d,smistad_fast
2477,8ba97ae1ac465dc28ebf50cb21e12dc9e2615b77,smistad_fast
2478,8bb0934711d80dec8e6534156c02e6865821d495,smistad_fast
2479,8bb6513f1668c397f5bc84bf814ed1a1bafe4dd3,smistad_fast
2480,8bbc03d3bf03bcc5323774ca4357020e3a8ebd22,smistad_fast
2481,8bcf2639dcb36a9a9443241286fa54ebfb204882,smistad_fast
2482,8bfb745c8b4b22e5396d01528afa7294195e6224,smistad_fast
2483,8c0af45fa289c84d2ed67ad178f4c12ffa97212c,smistad_fast
2484,8c0beb0649f4bd0250d692e3706de5907e7fecdf,smistad_fast
2485,8c1c5f99acefc44dad9c10e269b75adf7f14c8e8,smistad_fast
2486,8c1f5708be7f748dd4af130a52171c0b8a5c8fc7,smistad_fast
2487,8c26e743457e53a39b95a23e6c67d15b7bb06116,smistad_fast
2488,8c5201647984a5e6e2fa887a51c492c550721dae,smistad_fast
2489,8c5c198a4edf65ebeb0a110e17fc31587ef25193,smistad_fast
2490,8c5d54b38da9c3a0407bee03714afaa8d5df0b2a,smistad_fast
2491,8c69336b6e808c59d1d3b41ccaea1a716c18552a,smistad_fast
2492,8c6cf09a8bef5014c3bdf69de13c327af6c98a83,smistad_fast
2493,8ca04a70613dc4a3b770b246030815b082d725c4,smistad_fast
2494,8ca96d3cc1342e8205464c3d7a4782e0ac9365d3,smistad_fast
2495,8d17a3ae4b00fe68be6b38be8d6c9db9e6b3b678,smistad_fast
2496,8d19677860c5208c1dd55bd6b36e5406fc7e71e6,smistad_fast
2497,8d1c07e0020de157e47546b6fc0d83ab65f762dc,smistad_fast
2498,8d33107af7145634ddef825744b64b02cde817f3,smistad_fast
2499,8d33536d40b30de5567051464e9a8eebb806a279,smistad_fast
2500,8d5e570a04d00139ea9477e33a8b5d8cb1377042,smistad_fast
2501,8d6ae9d7270a28550e62c9500fe89db0dc600c73,smistad_fast
2502,8d6d9777cd6bf76480356d111c06e9e8bc0b6669,smistad_fast
2503,8d7c413c89c589c554bd90c77097536de492aceb,smistad_fast
2504,8d870349dc8ec5237fdec563aadd77eb27dceb3b,smistad_fast
2505,8d98481448bf586421973474f885f82fecc9658e,smistad_fast
2506,8db298b6c79a651273fa09bf4fdde87648e638b5,smistad_fast
2507,8dc1218d86725ce302712ba1cdf0263fea1d573d,smistad_fast
2508,8dcaaed72f4bdcad677d60702cfdc7cce7e266f3,smistad_fast
2509,8dcc1de57e73865f4f0c34d2d1af356596497e6d,smistad_fast
2510,8dd460eedcf0ac1909d9db18b1c9e1ef30b352c2,smistad_fast
2511,8ddca30deadb795f947b5c940324188f0e3296c0,smistad_fast
2512,8e197b32066474bd83c923f630d39e4ae0a31552,smistad_fast
2513,8e1b15d9d2ec7c4286eea621b8d074246b2392a4,smistad_fast
2514,8e2c32471d13edff53706aa044540b5476ff5185,smistad_fast
2515,8e3220366f1cb206dd267905e9b809bcbad1436f,smistad_fast
2516,8e570194b72e0beb5da5cbe1e8b299470e53026e,smistad_fast
2517,8e685e66965f3ed932fd19ba4fdd8e0a794d6662,smistad_fast
2518,8e69336d4df7c606afbbcf68022596a438c72361,smistad_fast
2519,8e6fe4f3077449f27fd3eb74a79df09ce868fc34,smistad_fast
2520,8e721eabf4019f4ddbadcd5bcd65970e8831df9e,smistad_fast
2521,8e787a56708fd3f89bdf0bd07ffe17aeeebb0587,smistad_fast
2522,8e7ca73a942e8225647079074ef7b26c73207b4e,smistad_fast
2523,8e8835dcb2581933e46f3a6a329d55c70a210cba,smistad_fast
2524,8e8eb7564517c9f512bd55c3980e9100f065e6a9,smistad_fast
2525,8e91fc448fe29e434e126e51b02f742ea35086e8,smistad_fast
2526,8eab3ed919b921f81ced456b3ff559bdfdff32e9,smistad_fast
2527,8ec9b719c4bca33718299834e77a4db0604515df,smistad_fast
2528,8eee619a4a2a97dd4319aa26a53bdc29c1590617,smistad_fast
2529,8f17f89649ef4912f33c0950b7a69fdab599b429,smistad_fast
2530,8f1861f2475070e79a59e86e8092eb3fcd9e8b9d,smistad_fast
2531,8f3d70f17d49a5798aa9f5c347392a0dd440cf84,smistad_fast
2532,8f57f77a78f43e0e4e62ae27d41fe2abb2f98a5e,smistad_fast
2533,8f72b5acffd8380d65b7235059287e1dace9e090,smistad_fast
2534,8f798f67797203b79efba0654e3d640f1fc33cc7,smistad_fast
2535,8fb1a93624e7dd7ad098564a8f13e6deb0d9cff4,smistad_fast
2536,8fb80790055c365600b0f8f881a213506acff5e8,smistad_fast
2537,8fb81838dabbd0c9a55fe7ed745fc2309800fe6c,smistad_fast
2538,8fce8749988ed59fde2e3b1372ff9741767665da,smistad_fast
2539,8fd3dccd932e54ae0da0b98cd9366479fa08309d,smistad_fast
2540,8fdd0138153be73e7a07c054f18b44ace2592036,smistad_fast
2541,8fdd579d73b8367aad87003499425272284bd071,smistad_fast
2542,8ff302ef39ee4550a4733860e0a783b085ea41a8,smistad_fast
2543,8ff7b4f76011725883aeaca3ed7c01e5aef1c409,smistad_fast
2544,90064c64586c87bf88f99d714a1e53807f613a29,smistad_fast
2545,90084bfc48de8ea1a3328d1080859b5fdab0d696,smistad_fast
2546,901270971e00ff329daa8142c2273924dc7d6ae1,smistad_fast
2547,902893db5b074abd578257be637d30257c9e1d35,smistad_fast
2548,9037ba6f0ad17470cfd8fddf3adac768e50ee77f,smistad_fast
2549,9038926fbbef5aabb06358f2ef848f1754ea936f,smistad_fast
2550,9040546d0965da8c2bab9974ac5931c74fa63501,smistad_fast
2551,9050996ca4c7fb3ac75ef8798d121b64eafb5047,smistad_fast
2552,90514893874b061fc3395e8ae2e09cba48df5404,smistad_fast
2553,90537f6c36e119e6b624e8ace0a20acd18b12039,smistad_fast
2554,9059938eb10c171145bccdfff4131b9221c93089,smistad_fast
2555,905dc658b32e04ad05a561b77d79b83154e72bb4,smistad_fast
2556,90a25b0a100bec9f80546dd47253127a1d5106f0,smistad_fast
2557,90afb06686a462adf29295397d527fc4acb0beb6,smistad_fast
2558,90b0789b04da8276546550e06045960e77cc3609,smistad_fast
2559,90b0a920155f1a116a959cdae86e16086cd13699,smistad_fast
2560,90cd72d259e9407b584727b5d2cc2c2ea2ad3585,smistad_fast
2561,90e3749b41cb9ea1ae0628350dad6d6c4f83652b,smistad_fast
2562,90e98d629008434eb4ee11cf8789d97d4b6d3e01,smistad_fast
2563,90fb71ef2820c6e4dda9d75f88acab21a06701ce,smistad_fast
2564,90fbae332afa246de28a5bfaca2a2df681ea1753,smistad_fast
2565,90fddffb4b72ff50b2e1edc2a5cdacc02b65e4ec,smistad_fast
2566,911066b80ccd650f8c15231722b883806c1439aa,smistad_fast
2567,911bd896d4b942583b28e334225c7fe462d1b6f7,smistad_fast
2568,91202fece01545b8f6edff4272d917068419238d,smistad_fast
2569,912d6c57e431afef153315112d79dceaca887e5b,smistad_fast
2570,91379dd746b07742284e874044f8a40383b1db9b,smistad_fast
2571,913a2a09d7169d0aa5b4e80c0ae4ab93b9ebf42d,smistad_fast
2572,914401f6f5c823432ad0cf4e3fa11c75f28a8936,smistad_fast
2573,914402bab84850eb6a5cb7a1678990b839cbe75d,smistad_fast
2574,9151bdf971ae8f60f42497d4b869c251549ecf2d,smistad_fast
2575,915469a231647cc62f5255c13609bdb68f4ab38a,smistad_fast
2576,915c10ddda612ffb851394e5e00e466949f6a82b,smistad_fast
2577,9169aebcf20457918963cddb68111d78c62f760b,smistad_fast
2578,917ab96bcf46289f54e6cfdd47c7f0779cf6bc25,smistad_fast
2579,918811d3656559c046b87889b1f29da020a0c613,smistad_fast
2580,91a7dbfd72603428d2229f3238da2caf997f0ebc,smistad_fast
2581,91c5d6cd4268d499bb4ae93183e39c36f30ddd5a,smistad_fast
2582,91dc3acd1891c5eed8d7131405232d69cebad41e,smistad_fast
2583,91de561c5455a62b49472c6eb7a578578f9f932a,smistad_fast
2584,91f5e3887d095e11bdb66e309e54580d677fe932,smistad_fast
2585,91f96de7a186d5ca0294b194d63f23de4e9dcd1d,smistad_fast
2586,920febd82cf5017dcdad625403904d7a6bd3327c,smistad_fast
2587,921064462f71d5f3b0db1ccbfd585b0fee034928,smistad_fast
2588,9214a77ee5cf17439a720f006b74d55433e8d12f,smistad_fast
2589,924357c423fc298010bf5678426c4e09bcf909d1,smistad_fast
2590,924542af95c6a6e2d29d99de8c592add7ac45880,smistad_fast
2591,9255d4626fe0324aecfff56d4fdc690e10d83c41,smistad_fast
2592,925d99d9a5ce4cef03004404ae78360d2799bd48,smistad_fast
2593,926dc6c28af558b5986e0679981a940d5ba32e15,smistad_fast
2594,9289639afa9378af3a4f15d9092cda86a7f1f02b,smistad_fast
2595,929aa2e2f345ef8bb665367e5e46d73df2e6cc18,smistad_fast
2596,92a9981d4534a4c3c3e4ac1dfcf9adec7fb58e43,smistad_fast
2597,92ab0e92e262e18b768388fcfb89a5ea4c925151,smistad_fast
2598,92add6abd6e02a527bf8133714946d321281a45a,smistad_fast
2599,92ce3c692ba3dd3b99b43f0492feeae53810e0a9,smistad_fast
2600,92cf0762da839527665a893235c48108d137d1da,smistad_fast
2601,92d4ccea58bf301b3aa52f7046c824928ae19bab,smistad_fast
2602,92e58518238d0155a868dc681a349b6e5105afdf,smistad_fast
2603,92f3ebbc7e98330cf569909c5287eb091347a0a9,smistad_fast
2604,93056810da431db94ea00a9716019b21cd65569c,smistad_fast
2605,9317d19e41d20aa4f92c70470905a1a6d02c3585,smistad_fast
2606,93210952603519ce0219aace856d671cff8f1234,smistad_fast
2607,93223ab23650b3ba095c4c6c59d7e9049ee77859,smistad_fast
2608,93245c8367f1be7c001d4079f6f6ef3708a05364,smistad_fast
2609,932a165fa0df0f061428697d45a18e59f742082f,smistad_fast
2610,933ca02f23846e5758f6c918b680dcf698f34564,smistad_fast
2611,9364398a45a742178e49d76490e50a2eacb3cf00,smistad_fast
2612,936dd9ca733fe84cdd8c4d0955d1ac959ac3ac13,smistad_fast
2613,937b50c01f4bced38c8f93a54dc55d952345c010,smistad_fast
2614,93890b611a1bcafa807e2acbdbc3e740da300968,smistad_fast
2615,938ee8d396af121f93d01bf34bc058e12e55ef29,smistad_fast
2616,939f7d5d39639bf2a4c4ef95d9757c1951b80fe9,smistad_fast
2617,93a68985d551bc05194c020e80948164ef98ed2d,smistad_fast
2618,93be98b64d99bbd577bba256426e4a3deb1d9b84,smistad_fast
2619,93d4cfec9fca0f4200860e2ab8b97cd2968fd97a,smistad_fast
2620,93eb67ce5bc1713b7999c1075273003bb3408c11,smistad_fast
2621,93f3581c04982e92ed3f87018858443835802d7a,smistad_fast
2622,93f4df1c595f76ed414900eefe391143c78a4f09,smistad_fast
2623,9420d1e072285ec9c4f7439e72e76277453ea3b7,smistad_fast
2624,9439e494a446355321fb7f90bc35f5ac8100912f,smistad_fast
2625,944c4a70adbf13d6cb2cdc83787dfce695ce9343,smistad_fast
2626,944d19e964f696fbc640f1d08c60c4f4760bb36f,smistad_fast
2627,945223bbec4092a098bf69a0c45396832f6a7865,smistad_fast
2628,9452a659678cb03816bd3af02e2098217e93d29c,smistad_fast
2629,94587634f03f8cabed9b4fff4fc7da4707758663,smistad_fast
2630,945dbe41a8c9c885ac1cb8b340a1ba8a6a482ff7,smistad_fast
2631,94650d5a970627fa56163ede675367fe3cb2e1c4,smistad_fast
2632,9466ba82f693f1e8889c9da00352138c08a1d4b5,smistad_fast
2633,9469e8fc93898d6cce93f310c040817c39e125b5,smistad_fast
2634,946cd10c3432861eb6e75ec4edf9816967a9ba19,smistad_fast
2635,947cc78220b220feb252d8bea4dd60c768fd9ce4,smistad_fast
2636,9487af5495b7562be947bad5031c35ccae1cc1d4,smistad_fast
2637,94955d76ab4dc4ddde7749c76df8a3decdbf71ad,smistad_fast
2638,94a4b36c5e58972dcea26365eb72293e85ca30de,smistad_fast
2639,94ae6cab7fa4bd8acf49bdda160584034929b51b,smistad_fast
2640,94b6571470e6596d760b56aa8c48ed1945e61956,smistad_fast
2641,94c53896d609ba8bc04e4b00e03db95fda9ff2eb,smistad_fast
2642,94cd8899df915f1610abbf321da83db7205986a0,smistad_fast
2643,94dc8b1e793a736de458a72829feca839517626a,smistad_fast
2644,94df467108764d0ea3d5b9afd77a3c3e6d20d2d6,smistad_fast
2645,95067d75bab88130807bb3c461693da36cec8180,smistad_fast
2646,950ec8721a4f97131e11f18b478d31ee7366c02e,smistad_fast
2647,9511b59488c86c737333c8987cf7438850424ef2,smistad_fast
2648,9516d8bc125277d5db07c38e637e55bacac604aa,smistad_fast
2649,95216baf225103440c58887590f4509d514c2d2a,smistad_fast
2650,9523df605288f37533630be3bae8a677ab4d5a0e,smistad_fast
2651,952e151be4fc6fcd3405096a8d46ec650ebbeed5,smistad_fast
2652,95341333f8afb9b28211f2970fc26eef49c12fa5,smistad_fast
2653,953deaab243e10b05614dabe4846b1866dec2d7a,smistad_fast
2654,953f6c89abae476edc204064dffcd4756ff09d23,smistad_fast
2655,9540a68ca28c7418a03b366bc1aee0185ba402ce,smistad_fast
2656,955788d8a5fbeb84ca944ad654368548367cf8c2,smistad_fast
2657,9559dc8120b92ff22b823ec866e986fd916c27b7,smistad_fast
2658,956b46a26b5d5e83cebc8c6cd25d97e819b45831,smistad_fast
2659,956b7f753bed4b1f1ac87247e10bc80d513b3d73,smistad_fast
2660,959ac6d00af11d090934c422d01957cb8db48bf6,smistad_fast
2661,95c368b8754993adfcd87ef99e45e5e7514b9702,smistad_fast
2662,95d7430b5686fb6bf3cf56f7f4677c8755a25368,smistad_fast
2663,95e66ce6d130000ae5cfe2ca388ac8c7631ff13f,smistad_fast
2664,95fdfea2e59a164d2ec315efb0b17d9267370eeb,smistad_fast
2665,9602f5016cbe7decf9597303aff15aa18203b358,smistad_fast
2666,96354ba544e7b4038e6ba8891bc3a72fc5ed54e5,smistad_fast
2667,9649a6b194892a84cae644bf927eef1e42b63a2e,smistad_fast
2668,965c42ebb5d81a11b3ed4d0a073053c9fcf6a4dc,smistad_fast
2669,9668c155127de08282b0a30a2046d08c08e2f997,smistad_fast
2670,966a1f2d6b28fb229307b3df877c4e917935795c,smistad_fast
2671,966fbf6ebfaf56fbd0d0e11736915a0cdc09e57f,smistad_fast
2672,9676d33aa52ee4f250f719501c7a811a01573fe7,smistad_fast
2673,967809737341cfb171832f88115a871b8cddb582,smistad_fast
2674,9687b622af1cf2d2d301e9e963128b84c002c971,smistad_fast
2675,969ea66f9345d26e5d3a289099181b91a120b36f,smistad_fast
2676,96a4db3358375649d932881755008fd641a33eba,smistad_fast
2677,96aad72d47a6adf5298ac9b09c75351c895fa7fc,smistad_fast
2678,96ab8d0d939c71c668370dcadc7804d18c73f616,smistad_fast
2679,96db0c67be97b1c38e1695e4df28d9eca0a4e221,smistad_fast
2680,96edaf994877a0b2fb4011a7130e41b133873b6a,smistad_fast
2681,970e505875dcbe3435ded60893a36934afd1fae3,smistad_fast
2682,97123515e3d384717ef326666a92f23874c1f0fd,smistad_fast
2683,971b4a3cba1c05e53fba36a8f2508926e0409ad0,smistad_fast
2684,971c9c4efbafe6e4663ef52aa19f8f601fc166d8,smistad_fast
2685,97466433de81466c08fd65845069864bbc4728c1,smistad_fast
2686,975d7a439c850c6cb3dd58c4054eb6268bbac685,smistad_fast
2687,97714f27ddc19edd19b048245976f4eaefe0a903,smistad_fast
2688,9779a4de12edf4b1725b7b060d538e48400133b9,smistad_fast
2689,97840def66db6931ea09310a51f27a5797606860,smistad_fast
2690,97a142c5c7f95f8f85b3fa64928f6b9c258de2e1,smistad_fast
2691,97b3281f7cec693eee06143e888050d18132018d,smistad_fast
2692,97bd9a55ad9b8ae53de0c1c15a748e610cec181d,smistad_fast
2693,97c36dd40f602f028b190f7a157c29b16650f236,smistad_fast
2694,97c72e18cf6aba8e3cbb558296b12db972a1df43,smistad_fast
2695,97f4c2251c9f3e0fcfeaaec6b89008e552edf0aa,smistad_fast
2696,981e080082a152cb15c062319ef0dec5cc8f8e2c,smistad_fast
2697,9825e7761483a82c5571d93c42bed0e3270f5fa0,smistad_fast
2698,982945e3eaebb82128827bd6890737cf0fed840b,smistad_fast
2699,9837d5ce02f6825808d9f846a15df057faba62d0,smistad_fast
2700,9841f2710f8e3e48b9e503ff979c89d415a90616,smistad_fast
2701,9868d1b6ea6c4b066b72d9d13054b0802e78e8df,smistad_fast
2702,988194b00132f1e23eb386b4408b350897da9b35,smistad_fast
2703,98b0567b8ea7b69d2e1e36f6f56112acee145e23,smistad_fast
2704,98b78c6d8fe55bcb644b869abc17738314b6de26,smistad_fast
2705,98c71e00b8bbf6cb0b6a38f9d6456dc15e78be21,smistad_fast
2706,98cb2120105bb2850dd2ec47f4aaf7771f0bdaec,smistad_fast
2707,98dc485e1f4a92425ecb035aaed8efb174ac0d7f,smistad_fast
2708,98e58ce3c49e69abcd750d804fe3b3ca57a68bd9,smistad_fast
2709,98fb3921ae7a18dd47be2ce3f3aed5fe418b868c,smistad_fast
2710,9904de2e361202698850da4111263e50b814ff97,smistad_fast
2711,991d2c1df4b6a694485457a8095de4b6e1433b90,smistad_fast
2712,99216cbfb60cb7b1f65ff5f3534968a649ab745a,smistad_fast
2713,99288d3cbcb4a56dfaf84a0446fe9f704549c2d4,smistad_fast
2714,99372e86e128d9713fff530e48609a1fbba217f4,smistad_fast
2715,99396cb2d6d985ead40e1d68e3c39a649fc2e3ec,smistad_fast
2716,994c4d7d2888c287b756725d8ea6f0ec07f81250,smistad_fast
2717,9957bbd690179abd80ca87939034cc8cec7aa658,smistad_fast
2718,995e5ab5be2f1ae3c1cd55776c081c39dd1bdc2d,smistad_fast
2719,9964270c1aa94c39de78b832cfd2746e59489a13,smistad_fast
2720,99700ced19987f56b16bc138ffdbe6f5d6697879,smistad_fast
2721,99ab247bd2386784285ae66568f34a5ef1c30e2f,smistad_fast
2722,99b9158ef519a4b95e1cffffdfbd5ec9b2b6d57b,smistad_fast
2723,99dc4ea6a0e1fd1982bb2fe5d01635fa30113908,smistad_fast
2724,9a0c113a027e73941464c519aadd1bd2bafcd72c,smistad_fast
2725,9a1082687c3125e5fab84954301aabe0eb0f9ea8,smistad_fast
2726,9a14f6d05615838484421d926aad58a3ddcdab8f,smistad_fast
2727,9a1c206828b34b7b3a5c0deb56a92e75d29df950,smistad_fast
2728,9a208a5856f8028503523f6290a9d8d45a15874b,smistad_fast
2729,9a3ed2b694399ad0fb04692acb863bb920bbce2b,smistad_fast
2730,9a487f00c9b86e4d61d9201a4604bea9fc0bccbc,smistad_fast
2731,9a5f613aca028e3b7274c959b0dc28ef22bdf671,smistad_fast
2732,9a65e759af63be5f8b420537dfdfa61868c44ad0,smistad_fast
2733,9a669ddafc13814434b4c254cac43f2e6450f55f,smistad_fast
2734,9a714b1d2916011321f2ba9f84dab0a0417cd0cc,smistad_fast
2735,9a93940d7954c4fbb39c2e775b192da55b0152ea,smistad_fast
2736,9a96e42433673e918f2d3e951e5c14a8ee9f56b3,smistad_fast
2737,9a99dc7aca0e1892f7e07e4876e329c28328df7b,smistad_fast
2738,9aaf1c8a6919ba8ef8d6e256a692b40c4523a06b,smistad_fast
2739,9ad9c71bb089264ed9dc3d8a17fda1e1f9dd30fc,smistad_fast
2740,9b02ed623e27bd9fcc60ae645bd97f7988199a67,smistad_fast
2741,9b148bbc9bf2ba2ce99ab6687cfe63f9a9936e98,smistad_fast
2742,9b31d01cf67de0a127090517e19632f0e1b5c772,smistad_fast
2743,9b3577c9b1c18079ceb12af1b9481a0fd80022db,smistad_fast
2744,9b43746067ab60913b46ad25f5b7119397f01bef,smistad_fast
2745,9b471626dce99cd17a0149874ac60c741a437c8a,smistad_fast
2746,9b5629e8c5841e1b462d91855befdb947e60b227,smistad_fast
2747,9b6aad81ab7a4fc25bf1eff031e83d2281329128,smistad_fast
2748,9b7fddc14b596aa6a07f26b4b5b190de70a4566a,smistad_fast
2749,9ba2c196b5527f39933645d30d855e6c5b992d85,smistad_fast
2750,9bafdb45a2486d2f701f6d10e4c8b3e233289f5e,smistad_fast
2751,9bc56ed04f8d4195818f65750ad76a626ed82931,smistad_fast
2752,9bf9b8efe29fbe86a9e72729c7ec262dffbe7a54,smistad_fast
2753,9bfab209b1ad98df795862d54397b1c4335177f1,smistad_fast
2754,9c3c0a5d9c6d540bf2ab20eb605f9da058b09caf,smistad_fast
2755,9c3db300cbac9a5fee5d812d233f6675a9b22888,smistad_fast
2756,9c65aa21747ad2ffdf0070b5c721f44504120041,smistad_fast
2757,9c67fea0c09b5a94d10d6d2afab0489aca83dac4,smistad_fast
2758,9c69a0bc150a854fb88e192a94936e35affb2afc,smistad_fast
2759,9c7e9e4783fea41098665397e3379e6593d6eb83,smistad_fast
2760,9c8953f19703ce7a3e5e4d0f3807b87094dd222e,smistad_fast
2761,9ca021bedcc63457dad6c701e849731a1322d2ac,smistad_fast
2762,9cacce3369987c1264686cae4138a9125031e819,smistad_fast
2763,9cb8621e94874b20f95174c14344996948ac603f,smistad_fast
2764,9cc4454c5f66f156b9b242b45341548d01a7425a,smistad_fast
2765,9ccc9249082a6d274ece12d4dd78134c471079e5,smistad_fast
2766,9cd35dfa71a045c8ec34942a6a239a73a27fd51d,smistad_fast
2767,9cd8b9b9e58f995a7235d265e4f1ce799fad7624,smistad_fast
2768,9cdc38f1c660847c7b0c4a4f05d52e3fb6a41467,smistad_fast
2769,9cdfed62432e51d251992b8448b3d9945ef6c2ec,smistad_fast
2770,9ce81f072edda54b4f3a397e0b7c5ba49f0c1f96,smistad_fast
2771,9cf24b32bf9e5c9869ffe1ec7408bb2f5a795f8c,smistad_fast
2772,9d03eb212c4e39685d019ad64dc5f44e83f06209,smistad_fast
2773,9d042bc0fb768239d73467f1f4ab6ea5841dcd48,smistad_fast
2774,9d0cdcbb237a072022080300741f694ff6d42a17,smistad_fast
2775,9d11f1675fecca64335a1b302e63790bfea16103,smistad_fast
2776,9d25ec8671b966cae03f4abd5e4a36fefd873005,smistad_fast
2777,9d26761aba2ffae21208b9e38d3faa57edf96634,smistad_fast
2778,9d3330eb5dfbdee44c11077ea2a00f00b0cdec76,smistad_fast
2779,9d35368fc8ba1571194be9d803e15f0682d796b5,smistad_fast
2780,9d46e3cd204df31b9b0a56e54c83ab7b9c08243a,smistad_fast
2781,9d48cf6b000a86aaed5a713701b989cca4ae211b,smistad_fast
2782,9d5138f4e346b8bf7c28ed36f14f300090b2ac90,smistad_fast
2783,9d8b6187f870a6a2d8107f1a354974f031e36706,smistad_fast
2784,9d99ac7ae6ce2cea690749d77b129f89f8a0c88e,smistad_fast
2785,9da5c56936adbffe608dd9fb56631f47c6958b07,smistad_fast
2786,9daad28fcdad18aa43480cbd6fe571e1aac223c1,smistad_fast
2787,9dc9f172d8091c461821d267aa0bd57878281fbe,smistad_fast
2788,9de174951f0161a71ecdf9995270be3685ff681d,smistad_fast
2789,9de20cbfcd8c7e8162c4525f743a11021b5cd50a,smistad_fast
2790,9dfdd9bc9101f530ca4601551e1d364ef0021789,smistad_fast
2791,9e192d6f45faf0964c53b8c0a7aa905e990ccf1b,smistad_fast
2792,9e1e571fd0e50c483b74ba4c846eec3860d22230,smistad_fast
2793,9e212a68e07426ed398dc6eb4f35d1f997419ea6,smistad_fast
2794,9e3bf0f3a433597dfc32891be626ff77dae5d924,smistad_fast
2795,9e3e767698f9789732fe1aaffeb8dad28f79da3b,smistad_fast
2796,9e3fc7b78194bc3145e05611470490e619802cf1,smistad_fast
2797,9e45b80cfddca397958aedfddfead63d14f84ab2,smistad_fast
2798,9e5a7db0288955edff52ad2a2681e7326321f8d6,smistad_fast
2799,9e60b24bcd65054fa7bc3829efe2bb17359e70f3,smistad_fast
2800,9e81c48eae8f939f9ec7673466175524dad0a429,smistad_fast
2801,9e9b85d3b17d1f841bba3cf83e297c02887d5314,smistad_fast
2802,9ea1e810bd8f7a8b9f357ddf072b7569bab7b1ca,smistad_fast
2803,9ea4019b37bf04a9be39de726c035efe6ddbf27c,smistad_fast
2804,9eabeaf0be9c4f3fffd79cf89cfb006d5438889c,smistad_fast
2805,9ebed7dec7d6f0bae018ea1529ec146c6a55a776,smistad_fast
2806,9ecd853e32d9c5092980a0852c44aa2d31e868a6,smistad_fast
2807,9ee271702ebcaf2b39fd085f3da15992e51fa557,smistad_fast
2808,9eea40defb83b64a6e494d43425be0002ac98a0a,smistad_fast
2809,9eee5af0448123023320af731e4f68b20b3ddf82,smistad_fast
2810,9eeed866ed6ceb9f8eaa5684f01782945cdd433a,smistad_fast
2811,9f1ebee88721974e388b4ae265e715597e301435,smistad_fast
2812,9f3ce9b787ab835c62a30bd8ee0211c85bfeeef3,smistad_fast
2813,9f49901d0e75e0194605a05fb748c3e0df460744,smistad_fast
2814,9f5808d6c88f61668f9ed67ef8d03ef857f36b7e,smistad_fast
2815,9f58d83674a1ea7dff71ee2fed3d83cb7f6090f0,smistad_fast
2816,9f86199f837a124f335ae60af3f8bd3acd8c1832,smistad_fast
2817,9f874c3f35bd120039fa81a99ca83b3823b423bf,smistad_fast
2818,9f9ba394b2b0e82e7f95e39639ec956d9cd7884c,smistad_fast
2819,9fa81ff7352ec12c766644d5666563bda31878ca,smistad_fast
2820,9fa8ab4f17ece2596f46a856fb25da999a4cbc03,smistad_fast
2821,9fd28abf18fe307f995f4adfa5d0235dfeb8322d,smistad_fast
2822,9fd3e260ce6a579542898ff3ac6848be7fced02a,smistad_fast
2823,9fd3f350bcb0d23d89a9a9eaf96aea7ee6713a49,smistad_fast
2824,9fd5053cca50052c23b669d409745a36b33fc021,smistad_fast
2825,9fd5d64412e773fc4808ddd74fc0b5520b534134,smistad_fast
2826,9fe764f91876c7c697d5ef9b7870871e9f2162db,smistad_fast
2827,9ff164e8b01e70175d7f609844badff7e6e929a7,smistad_fast
2828,a00635cc0a1b79505e3d9c98de52200ca65b3288,smistad_fast
2829,a028106fcc3458cfa4ee53e9f353d1bccfd80c64,smistad_fast
2830,a03e0e4e6240c7a814f82922dc536506a7ebd55c,smistad_fast
2831,a06c9260aed5ddd4aadeca1eb6cd7cbc7ace8a06,smistad_fast
2832,a089f4892cb2740dd457d7aade1dbe8212ce3359,smistad_fast
2833,a094b08cbff062ed8d3a7d07f1c9ae263a0e9eba,smistad_fast
2834,a0a17687c80888b1635113fe9a22ba2afd935f4e,smistad_fast
2835,a0a77f83ef9ebdd1f3bd4f7831366c913c15bb51,smistad_fast
2836,a0a8d4838c455918201d3ec6a5e7cf095c795bff,smistad_fast
2837,a0b4dded55ffc80d541776f8568cd590a08a3f5c,smistad_fast
2838,a0d25141e5fdd3eabf69213c3a65ec7c103bf057,smistad_fast
2839,a0ddea0e6239e0fc83e1c7222bc1fde564c94fe4,smistad_fast
2840,a0e547649765d94aa467fea0071e43f7b1c17e6f,smistad_fast
2841,a0ed1fdbdf5abc26b9f1f63cd1433e128452c6e3,smistad_fast
2842,a101f8929f4d07d4c8478ed0134c1c4697e35ea9,smistad_fast
2843,a1124cce80c3745acb9b20c435e04c8772442b54,smistad_fast
2844,a116bf0cf188f41431d2dbde22cfe8bd77334446,smistad_fast
2845,a1217488ea6f1904f41ebe79fadd8370cbbafacd,smistad_fast
2846,a12284f4ef376e144aad8da205c7e08166070bd5,smistad_fast
2847,a137caed8cbec602b1cc5e4226c566cb5019a06e,smistad_fast
2848,a13cdf4404d2aa216852a2eb60c0d016fd3d9f87,smistad_fast
2849,a144014f4391914dd13f2cfa562c54e1f598adca,smistad_fast
2850,a14709651c2e9abd3ef728f2fa620c2572e35aa5,smistad_fast
2851,a1604b021e410f9877cf22fdb2a942616dcb8a84,smistad_fast
2852,a16c61d5588cd9cbd3fa8c072eaf01b81e665bf9,smistad_fast
2853,a180ec0e18058cadc214229f13922902b4acdcfc,smistad_fast
2854,a19fee8e3b55e1a6e1bb16898442af3e3f034b5e,smistad_fast
2855,a1ac713403295cca83f9e3972c5a5f47db6c2842,smistad_fast
2856,a1b0aef946ee3c68909c4cde143423fee08a67cd,smistad_fast
2857,a1c59aafb87326da1004980b3724163663105c7d,smistad_fast
2858,a1cdf2f1cf0e3f0726a3c2d682c2c290162b662c,smistad_fast
2859,a1d56f35e646e3c010e9653bc05941f4d94c3c0d,smistad_fast
2860,a2047e5f14876e8096e049240508dcad4315fb5e,smistad_fast
2861,a214e589b69afcaac2db670ea3278a44dc1c1cce,smistad_fast
2862,a215df7e92f92a761d2b1bc8985fb549977904b0,smistad_fast
2863,a21b83bfa665279a987642bdea3dceb8b4cad9c8,smistad_fast
2864,a22e086a54069e93f0ff6824c99cbfc7d8d5672f,smistad_fast
2865,a241cdb56b222aac2416ede24c1d3591b5545262,smistad_fast
2866,a249842f1ebde550bd2ddf80ee1a8c3b1da34b05,smistad_fast
2867,a24abed66742ba41d58f7b58455a1716a958946a,smistad_fast
2868,a24ec1a73efb339e6456daaa241392c810424707,smistad_fast
2869,a251b127b97a7da83d13a3c39d94668264b67ee7,smistad_fast
2870,a2787134b4308198d10cc60b7ba69bdc6fe82a7c,smistad_fast
2871,a28a34a381ea2fc4c53b34d079c241653679f26f,smistad_fast
2872,a28a461858731c32dcf4649fb73a2281994aeb4c,smistad_fast
2873,a2c17401ed48900513e4ca689f91d6476b75ed20,smistad_fast
2874,a2d1485c2d24f9cab14bbc0c2aebec9c5e1520cb,smistad_fast
2875,a2ecd9f1c18d9a00df0871c849473049c92594f0,smistad_fast
2876,a2ee19fac2ccba09ec9a8c2bb6aed65860f8f9db,smistad_fast
2877,a2f54c36a423f8e051a18b10401e9d9d2ec61f86,smistad_fast
2878,a2fd30e6151ed4e863a4f3e9744f1a42da88a31f,smistad_fast
2879,a302593f7fa37fc88ad19661277c61cd579056b2,smistad_fast
2880,a309e73a4c018ed2c0efedecd364f08a652fe1d1,smistad_fast
2881,a34da7f4157d72c410bc98fd7ee529dc7942cffb,smistad_fast
2882,a375e3dfd3e365701bea83f057ca742988bd25cf,smistad_fast
2883,a3b15467775473e312dc3cca462ab2ccf21cce6a,smistad_fast
2884,a3b631488488121fc0bb5539e35ac7db6352e8be,smistad_fast
2885,a3f3708c8b01638b023036c859a4edd56290d722,smistad_fast
2886,a40aaa0d454b28447df44e4e2438dff4fb46e728,smistad_fast
2887,a419170ea86d2e5dc9284cb586e8d98194b1df4c,smistad_fast
2888,a41c6a32561e5078b052e322439bb9e2a83373af,smistad_fast
2889,a4280a9788134d748fb7d0c26f95867eb2b16531,smistad_fast
2890,a439d5df1a2552d7908fd46eb732ddf7b4e541cb,smistad_fast
2891,a4478b36f7c9bae5b62f16276ff2412a82d1c5fe,smistad_fast
2892,a45e1daa9d2fd4519ec974f6872f741d0b423649,smistad_fast
2893,a46045671b8c5a373cd09252edacfe277ee85301,smistad_fast
2894,a4610537c346e6475be0809ba611b2cfd73f81f1,smistad_fast
2895,a46902da23b2aecd5b534b0472c3175b29f21771,smistad_fast
2896,a47da3fec20a563e15c5d0ab6d1c00a93a74b52f,smistad_fast
2897,a485f3893c4adf3626b81bf853944d655891519b,smistad_fast
2898,a48e99d8bda91da5b2cde4976e323c13385d8da6,smistad_fast
2899,a4a99d194cb16724f4e7f047d41f390cc6d4e4a8,smistad_fast
2900,a4adccf3f9859af5ad3811908bab6e45031f4e8a,smistad_fast
2901,a4b4fd6ef356103f209525520f34ef5205ff3a71,smistad_fast
2902,a4bfadf743b3de526c575f6648091800d129c00f,smistad_fast
2903,a4cf1ae5a0d4cec54adb2fa5fbdad9b0f391b2b9,smistad_fast
2904,a4e1917f8655a69e1196492ce55fcb341b3f95b2,smistad_fast
2905,a5059f73d42e2b1e6a32b0cdba2673b9dae6341c,smistad_fast
2906,a514ea3d50fff96cb2b212024fd619c184ce76a6,smistad_fast
2907,a52972e20f63bb76abb0ededff063e4b12dccd6d,smistad_fast
2908,a539784f700f1d919dececc24bfafa24dd34d48a,smistad_fast
2909,a53b952eecae58681fc2a6e652d7d19f5d449579,smistad_fast
2910,a54288c2e9d1f14d1827e9f04817df55f3df00cb,smistad_fast
2911,a545b383261df82dbfacec0fb609ee5930524d9a,smistad_fast
2912,a55052d552c4e0bd99e7f416bfddcd746cf892eb,smistad_fast
2913,a55a072f93143fee0226de8d0188ed05dd16fdf6,smistad_fast
2914,a58ff568d1df2666f4ef369fad4f1bcee6b74b6a,smistad_fast
2915,a59b93341ca90af76b61de28cc0e38e25e0bdaf7,smistad_fast
2916,a59ec11b80dc2e99e296ff90738da4ad4bc2c6e8,smistad_fast
2917,a5a6613cb3db1dc2130c274a30a860104eda1479,smistad_fast
2918,a5b0a977e48109cab93f086d872ad32d5fd1b5cf,smistad_fast
2919,a5bd2ba9e5de35dcda3f2d261589333da993044e,smistad_fast
2920,a5c789bcb312b7af1a2637a029f1b226ca61bc5d,smistad_fast
2921,a5d424858d6e7fc1755c94b6881c0ced3e170d06,smistad_fast
2922,a5d6e87b378cf1d179e5fdab44d4f2729175f691,smistad_fast
2923,a5dd052040a2478962b2b8646fb5b8025813735a,smistad_fast
2924,a60800825e880b257ca49ef5dfed396dd1798b4b,smistad_fast
2925,a60a9c69bae9d97db675320a3b52b38e635db5a6,smistad_fast
2926,a61943f07c49b902d57cf7abb6c0e4b6fe32e4ac,smistad_fast
2927,a61f1bef40b7749fd64260ccbb1c5da252b482c1,smistad_fast
2928,a633e0572a8477c22f628cb2f98a31699eab0380,smistad_fast
2929,a634024333f99761ba8665e9f6d38b58d637e6da,smistad_fast
2930,a646be6c5a4f577001ac1ba6e3e244e5ed9d6439,smistad_fast
2931,a6550ae2bd5f78409c616d804556e93535c85c12,smistad_fast
2932,a66380d487e2468bcfc405ce86b08dc033a5b5a9,smistad_fast
2933,a6664ad59fbb5934049cbd425a4e546ff7913651,smistad_fast
2934,a670d68709e2e0ac77503740409f976ffc320780,smistad_fast
2935,a67511f079fc11a38c4e9513f2f2af198cae742f,smistad_fast
2936,a68401ec1367382672e6cc1b7c0062da2e5abc71,smistad_fast
2937,a6867d9274195b3397b6218e3815c94183bbd45b,smistad_fast
2938,a6882157441cc6b06e219ef1d880b101a974ed5d,smistad_fast
2939,a6b47bec40c181b3b7e3cbbcae2e908f891241ca,smistad_fast
2940,a6ea61cfc28685bb24bdd2d7f4ad9aa828aa7d98,smistad_fast
2941,a6fa85085c81ecc97991391d7ea4627f3de63dd3,smistad_fast
2942,a704da5ddb1dd1f9f18caa46c82bdae8c6840e4d,smistad_fast
2943,a711d5040b772ee30b09d871701de223294ed4f8,smistad_fast
2944,a730a2b3f11397f4aa1e2a98d93c86f6712c15fa,smistad_fast
2945,a7414619ac7d29449f7135ea6c45ca5fc7648633,smistad_fast
2946,a747878c0d0fba5ca54eac513efbdbafea76ea98,smistad_fast
2947,a7508108e2b5f1a2b743b5cb624c39cff245425e,smistad_fast
2948,a766a2480b0fe4eaf56091259457e217d2b21852,smistad_fast
2949,a7895d9e33f0eed212870ece7daf428e1827dbcb,smistad_fast
2950,a7cdfbc49ebf2d87f77d67d900963fb213c39e11,smistad_fast
2951,a7d770b75cf30977359e689cbd059cab9a593930,smistad_fast
2952,a7dd710d9d1564528b42950587152ef73d69f2a1,smistad_fast
2953,a7e12b668c9e97725dd001db28bc55da5a4e8ff5,smistad_fast
2954,a7e9d4b10bf8231e0988992df2925ae7e678e9e2,smistad_fast
2955,a7f1b5241bc3e07c9857c6b3e2ffc73d06eab698,smistad_fast
2956,a7f6730e08f3dd81c95368cc98abab6f9d464a50,smistad_fast
2957,a80543d584e0985e09a3d15ad774cf4b778c5d5b,smistad_fast
2958,a80c0a312a99ead8bf129d3a3a164431f9c70f06,smistad_fast
2959,a80d0a3e92959636e14b3361193561694e0a0c4e,smistad_fast
2960,a81fc9f4cd485aefc5cefe120d961660a63e3fd4,smistad_fast
2961,a82539d4f95402cff618315b1a8690c339e15593,smistad_fast
2962,a83de86313ef4a642074c9f0f48639d2bd4fa9e7,smistad_fast
2963,a8418d2f2c58d073fc6ae87fea9a880fdced0ade,smistad_fast
2964,a84f32bb2c16949e99aed79233afc9d18f39b41b,smistad_fast
2965,a84fd08a84846e779f0e8e8fc6e4df054e5a0816,smistad_fast
2966,a8877ff240f302a4f0c1cdecd4c2cd77904d9c54,smistad_fast
2967,a88fb8c8870b37d270cec0a44804062befeda8dc,smistad_fast
2968,a8c5afa9c43d2f8c5d679a2985db88c41f3fba36,smistad_fast
2969,a8cb71cece039c9afaea4adf1efade915f25bcdf,smistad_fast
2970,a8e405181f0404a7de92187eded551c837fed9e3,smistad_fast
2971,a8eb0efc884ecc5a1be1b04cfc788d45d8aee2f0,smistad_fast
2972,a8f8ca4ba778ef3683e0af0a332df267754c3f67,smistad_fast
2973,a926ef08bfaf8f0b75e5a05189b8edb629a93c7a,smistad_fast
2974,a92bde27cba86cfe90dcc0dc85071a404ac1b10f,smistad_fast
2975,a936cb468a615b2483ecb67f30c4ea387d3163c6,smistad_fast
2976,a93f8db7f2890ab67e606fefda142a39c7ee2994,smistad_fast
2977,a957d9ddb30af52c0214313b379a71fdae21b6ef,smistad_fast
2978,a962ca04020c0b76d7edd9b0e7a3c03e03cbe4d0,smistad_fast
2979,a98237d94f7bc4857189875bd9decefa2c739b2b,smistad_fast
2980,a9970c48b4ca92c698afd8b925c5347670e76e7c,smistad_fast
2981,a9cb7fdbb3121f04ea1cb5e859a208ff2efd6d1c,smistad_fast
2982,a9cdfe4617b88f3cf2ff0b30af8bfc83d8fe0a6b,smistad_fast
2983,a9de5cfce9b8126cda8a2f8a4353a33bb9367e7b,smistad_fast
2984,a9e782c846b390abc8d4ee1f9c780d833490b431,smistad_fast
2985,a9ecdde32d82f8264a29796cf2f5494d53f572ac,smistad_fast
2986,a9fc42e7725ef6c0e70e0aa319ed0a71254061ca,smistad_fast
2987,aa1bfe1a692d225332881b305c651c69364c3505,smistad_fast
2988,aa2a89ab9b8ded968b21a4d33b6db00f51f0b618,smistad_fast
2989,aa397e1c2643171dbb835ae99d8c03236163d0da,smistad_fast
2990,aa8328ac75e71f70da5b4cba1499f14614eaeb2c,smistad_fast
2991,aa926ff185300d629d4f2d1043b27b91ca4ad24e,smistad_fast
2992,aa9510599b9e5945d0febb71dcb8ee3cb614c7ec,smistad_fast
2993,aa98be7aea848662026d45a6357b1be5df01b5c3,smistad_fast
2994,aa9d98fdcc9e78610c79631988c34595686797b6,smistad_fast
2995,aaa235306255c1a4b9af0738843bf203b2acefcc,smistad_fast
2996,aaa42421ba538df41a57e89a656e21136d82cd0a,smistad_fast
2997,aaa49dc46926267f850d38fb5422029025eb54b4,smistad_fast
2998,aaaacc215d8a98616722528c7f5f80c7cb3b18f3,smistad_fast
2999,aaae706bf154ba857359795854ed0e71d87c404e,smistad_fast
3000,aadd8d3cc1ee154fb3f49fff660bcc12dc6ee1cf,smistad_fast
3001,aae6e50d05eaa7843c6e54ad129cdf0e05c57258,smistad_fast
3002,aaf30884b745f8a260535c7206f37870b146de5e,smistad_fast
3003,aafd4a8b370f6f8ab5d91cc45b2d09a2d1463d11,smistad_fast
3004,ab02508475647bb0fe6e350d86573e3d19c3cc1c,smistad_fast
3005,ab03c151a268cee7cbe90a7aec9485062cd07d31,smistad_fast
3006,ab0811b0b5ef6a72d3e57f9be49557d5ec9b9f26,smistad_fast
3007,ab1e08c5e2df855da733c80c3018c993276dcc6b,smistad_fast
3008,ab3986acd030f21d9b83f4ac3fed21d1b7864a00,smistad_fast
3009,ab3ecfffa9270750e68db84ca4028a3de11bc380,smistad_fast
3010,ab4f8a81ab8c456e7adb11cd7af44fca43ef9b31,smistad_fast
3011,ab571dd3c189d80c5c0591ae49218200fe2ffcfc,smistad_fast
3012,ab6386042cd3d2417a8e0ce5d3871242ab4913ab,smistad_fast
3013,ab81831f8febf1aa115ca1a9851f218774c9bf0a,smistad_fast
3014,ab87986589e8e70410ac232b4e2bffc4245b9ed3,smistad_fast
3015,ab9ea76ad28c47fee6ff55b9680485ab2271136c,smistad_fast
3016,abb763af28953a357a25b77b0486b221d72d989f,smistad_fast
3017,abc3f8456af99c690758b32e6465db70bc28a864,smistad_fast
3018,abd66a7be29faf9ec29f9a41831999e64f6999a2,smistad_fast
3019,abe8a9688ac1def492c375a53e34de5044fa0bb8,smistad_fast
3020,abe934dc0604bbcab483ffbe9573246fe18ec52c,smistad_fast
3021,abff8274746fd804245bdec0c73f75eeda28e98d,smistad_fast
3022,ac03487a05446ba32c36c278a3de2d0fa2074fde,smistad_fast
3023,ac4c5e64fbaf972909765b08466e8e8d291eef2f,smistad_fast
3024,ac554f7139cb25e322fa70e92a452f0c5760fac1,smistad_fast
3025,ac5ef5a253a85794c5eb3580258a3810672ba3bb,smistad_fast
3026,ac7288f6b9ee6d7f98bee8e553870d7b70dfbfe7,smistad_fast
3027,ac82c457b3a750130dad6e19c7f488f7b6f018db,smistad_fast
3028,ac9e9bcc6b1cb50dbde6c4a1b76a346c90c61c07,smistad_fast
3029,acb0e9c30ae9ad49ba9411c1f83ed27ec2151ce6,smistad_fast
3030,acd6f6f365b8ed9e0cedf5a5de99870669b449b0,smistad_fast
3031,acdb7ea42594fa288d5d3043159a28cf4c0b8ee8,smistad_fast
3032,ace8af23264958b3a502295eaa85febf920e8ea6,smistad_fast
3033,acf35a273b6bec4d72c7642c202e04d6cc52a593,smistad_fast
3034,ad01dc4387fb344bd06cf91ce3fbea16cb59b159,smistad_fast
3035,ad021ac3cda9ef0d0ba3427e7bc9061c8e540a02,smistad_fast
3036,ad10be42c56d3fc9e4f81cef5dd80b3c2a2d0c95,smistad_fast
3037,ad1ee380ad19cbe19855b564af9034aa6b50b86a,smistad_fast
3038,ad40ec6b640da3bded035fc202d49043e18752e0,smistad_fast
3039,ad4a6f5cfa3d8a3851e7b9a2abf1e422e1c92bca,smistad_fast
3040,ad574fcc213ab688ba32405fed2a0002be58ad2f,smistad_fast
3041,ad5d205cdf7ad824b072d80a5782ab7291cc0f37,smistad_fast
3042,ad6dff91a3c55f24362bac45e4d8a8b4594211c4,smistad_fast
3043,ad6e24d07a57bb15dcc4de86fb049eed06fecbc2,smistad_fast
3044,ad8c1e3f54a1e34691731ccbfc94619b4ff4d2b0,smistad_fast
3045,ad925e695c27859fec95f664d4933fdfd7e60d52,smistad_fast
3046,adadf7dfd6521f2aa8d4cf7c635ce900645e5d19,smistad_fast
3047,adbb13717d3345988903c3fee064ded216858b10,smistad_fast
3048,ade2740c1325a11d6db65573c1f21bb79bc08cb1,smistad_fast
3049,ade4bec0274b375325713d4eb493179c4ca2cf03,smistad_fast
3050,adf51846fa8ecd9e98e388c4efaa119fd3784780,smistad_fast
3051,adf5ac6f8931786ac9816fc279c672ddcc83c5ff,smistad_fast
3052,ae0190d37f11d8b003c52c2010cafb32441a90f0,smistad_fast
3053,ae072d9238b74db76ab0a15ec02365e92c32d9ff,smistad_fast
3054,ae209d3abbd7e0124ded948d6d9bcc739c6032f2,smistad_fast
3055,ae2e38f8cc577e055134c37bca87ee51a0eeee26,smistad_fast
3056,ae385177a3a83c87927c8002301387ba99b0e2a1,smistad_fast
3057,ae3918289dbdd510443e35cc3ec8f7764339d8c9,smistad_fast
3058,ae4ada8f3ebd1bbad54e070f43f8d5390c3f4d0d,smistad_fast
3059,ae5161b43dc1bec2e0b58b20a1fa93964b1f557a,smistad_fast
3060,ae66d2bd33a7154d61e3518309ef604e5c41b3d3,smistad_fast
3061,ae69d51a51726f8f25ea03b4b2b5321fec40b76d,smistad_fast
3062,ae89e12bf3363c9e5f0a4152999e0916008d3e36,smistad_fast
3063,ae8cc66b39c9685cce3a1586130e72c10824809a,smistad_fast
3064,aea0308ae3acf4c337eee2ebe2fc1b6fe7df9198,smistad_fast
3065,aea1ba635454fe2d8ce061c004cf6ba6076a5857,smistad_fast
3066,aea247a726cf836a57ceabc2e9d02be5a884e853,smistad_fast
3067,aeb6cc32aa6a93eb5d1c666a6dc379c754ebbd13,smistad_fast
3068,aecdd7c695c193a63ebf5f082f60b73eb5036762,smistad_fast
3069,aeebbf6cac9b8387a70f7f9556fd34fb8d749994,smistad_fast
3070,af09225bfee455e7e8a6fbd7a31069df4712bbca,smistad_fast
3071,af0fa5a81f6612999cefc43ba22fd7253086698c,smistad_fast
3072,af1163a405d9f0543a20cec06c4a22838c50b0dd,smistad_fast
3073,af1279f2a84bea758b6792f3e9d55ba5ce86a954,smistad_fast
3074,af1b25f10140cd300b90c61c4898f37ef9fe34ea,smistad_fast
3075,af350d54152b6f282ca7bc4f74147fdfb7890b25,smistad_fast
3076,af456d874d4104b8fd51f29daea417f468314801,smistad_fast
3077,af515f49ba060c33c2a7c271ddc4bbc4737a1b0b,smistad_fast
3078,af5fe55319852eddbe4b2e6a562815593ddf6e3d,smistad_fast
3079,af97559b4a2cccbca1dd4952964728d6e4158540,smistad_fast
3080,afaecf0419e2a37ed6f9cbcbf45f4af34bed2c30,smistad_fast
3081,afcbf93d71d4b05eb5fb81b67af65f22a8f85d53,smistad_fast
3082,afd3f0049e98e845484af7bf145827ce6f2551a8,smistad_fast
3083,b0073f9226549e937951893f26dae2a6e192900f,smistad_fast
3084,b01e89edfca7939538664aa0432573d00350c75d,smistad_fast
3085,b044db514a9c60f48c9207acca44d4e82d44e86c,smistad_fast
3086,b0607f8b3b8bdda334f3ff324c649f38753d1823,smistad_fast
3087,b06c625bdca3071d7bb09d692ec53692be9abf5f,smistad_fast
3088,b082c94bd25774a0865dd82ffdce766259324776,smistad_fast
3089,b083f00d124ea35a7385592bcda9b1dcf48001e0,smistad_fast
3090,b0abcd60df595617dde4b377aa7462e4324b10c4,smistad_fast
3091,b0abd446c84639cd7636cd89825cb76a92068907,smistad_fast
3092,b0cbc3316e7b49dc845ef5e8c3dbe03007c59bf5,smistad_fast
3093,b0e63d496429af5bb415380cd8663badd832a7f6,smistad_fast
3094,b0e7014eed46dffc84296e8f4eabbdbddd246ee8,smistad_fast
3095,b0f132a83b5a3a9dc0bce0dd7e3aca3fc0c9f5db,smistad_fast
3096,b0fd4339ee3ea640d32405519d83dc122f6d95d0,smistad_fast
3097,b102d26a0e8143f4472ad884b31f7432d2cd2264,smistad_fast
3098,b115452d99ca98fca726da1ed40d4dd3eb087daf,smistad_fast
3099,b127a285debfc9b7f5ad8ebfaf37a540d5f091a7,smistad_fast
3100,b1299d6e5a7da4c8c7dc58cffe9bf08098beaad1,smistad_fast
3101,b14108dbe2ec7838cf2f10e38ef8ee4f520104ad,smistad_fast
3102,b149956cbcce72ea1eac6c657385ab6242983af2,smistad_fast
3103,b15ac6cdfedd6ab6ba1f9352cd2296ed4acb21c5,smistad_fast
3104,b17237f118b8e3fee6074da2fa3d0b99b7577b2e,smistad_fast
3105,b18af5a8294b5e4f7e7d01284d778184a9dfb6b6,smistad_fast
3106,b198489c60e0c746ddf1f694828ff30d78d3a3c6,smistad_fast
3107,b19e5479692cab5431d73d9d474ae2db1c482c15,smistad_fast
3108,b19ec77e355842a111bce154eee9d7e0a3a0cc00,smistad_fast
3109,b1a7e126bc68d4d939d8c7d6f400487e1dae986e,smistad_fast
3110,b1a9c8c70cb8667d12e08eb15e3a0c8bba5edd79,smistad_fast
3111,b1bb6e32faad5402fa86a2ecc9185acd5c6b8857,smistad_fast
3112,b1c2c641e7d27f4cce0b0541f8104b98b6e119c9,smistad_fast
3113,b1c9205273c2bb70d319a6d01ae5c6c46d4aa3ef,smistad_fast
3114,b1d9cd9c5281d40169426b37dffc6e2a5c17a5d8,smistad_fast
3115,b1ec1e123215e9842b0bbe53c8a60940db419a5a,smistad_fast
3116,b1f23edd72cdbfd6f2d33c9c8aa7f1633b02791d,smistad_fast
3117,b1f91b35f926f8fedf35a162f42f9417cd9a38a9,smistad_fast
3118,b1fe3be77b984e06d361705f513500a95411e1f1,smistad_fast
3119,b20d58956457f666bd724260cca06099836e5cf7,smistad_fast
3120,b22a7bf6ae1b426a6454078b833a0f280b1a32a7,smistad_fast
3121,b233a4806e3bc3d7bfad6d92aa8ee3d18a7786a8,smistad_fast
3122,b24a5bd2157ae0b8806ccaebb5dc8525da0c2d94,smistad_fast
3123,b251b578d263aba1cdba794cb5fe69353645cfa8,smistad_fast
3124,b262cd29321a0252b4425708256f63d36c4c3856,smistad_fast
3125,b27022042c9fa3fdf49f787d1882f1f0e310dc76,smistad_fast
3126,b27ef2453962eb03d3d432c73503c1653738bfdd,smistad_fast
3127,b28444c8f1070956dfc203ae58b920e068b337a7,smistad_fast
3128,b28a224ddb072a169bec1a988cae4082eeb53ad9,smistad_fast
3129,b28e65732f36e08da7c51857362eb13e096539bc,smistad_fast
3130,b29a591f5457b21c87deb2cc39ac1cb39019c1ca,smistad_fast
3131,b2a09c3bea29c76b6b32cf593f3ec9ea2d535326,smistad_fast
3132,b2a4dc38edbd900b9b9b8ea429ccdc9a5675f9b9,smistad_fast
3133,b2c1e4ef28ed7e76cb073a381677575901196b51,smistad_fast
3134,b2dc760a799fe9d8e4d9b8d5d3ee4fca1a0720f0,smistad_fast
3135,b2dee4dcbfadea319edbaa8bb6169b8859667df6,smistad_fast
3136,b2e97afa22f4b0b080d2bb5521fe6c66343afb02,smistad_fast
3137,b2faa1c9e208f04403536c1e236dffc6b8322c56,smistad_fast
3138,b30d5846e75138008fe5158799a2beec90510002,smistad_fast
3139,b32d55a99c53fb29c6076cdc8a5022d8a390e1c3,smistad_fast
3140,b3405da6d0ea87ba16d3b43615113b72c091973d,smistad_fast
3141,b343c979efaee7bba4523c8f6f730b002b808414,smistad_fast
3142,b3556c52dd55acbfb7fe9745d1c122a74a589976,smistad_fast
3143,b3574d142f5b8028552373cce4c6d50185851874,smistad_fast
3144,b366db05b7942b502d3634e52108f9e4fd507b84,smistad_fast
3145,b3a965523db6e291dec82a6ce30a200d0dbd924b,smistad_fast
3146,b3d2b0a4fb4feee509c2980b45e62e9058997408,smistad_fast
3147,b3e75bb4916da2f0a92ceba47f0d0329af3a91be,smistad_fast
3148,b4023880e1161e111f851b169c86e66dea0da934,smistad_fast
3149,b41940c5a7e7936150cd2ba0ae407624237ccf89,smistad_fast
3150,b41f594ea6615483833f8272d0d4e99b2508fd0c,smistad_fast
3151,b424ac4bc1756b6b51f88083a538314062753f54,smistad_fast
3152,b42922b6a7cc724fb267a221a7598e972e8ef628,smistad_fast
3153,b437a572a097eaaa67f8bf0ffb6a320e15a02ec4,smistad_fast
3154,b444fe958c019afcac53d40c052737ad3a3e8804,smistad_fast
3155,b462b34ef3a41abe425cce0438d516795e76679d,smistad_fast
3156,b46a0473aa122d702974e093e8897ce52044673e,smistad_fast
3157,b471ef9f2cfa330c2aed3018db4e6e081afb9276,smistad_fast
3158,b4a9a7c1dd14d51fbd60041bedd3ebf8b50396e0,smistad_fast
3159,b4b83c329c52aec1fa6ace4f8ec7110f98df65cd,smistad_fast
3160,b4ce0604eb8c72f5ec704f81b1ca393010d47606,smistad_fast
3161,b4d97bf70de209ba0fcedf93b3aa54338983e5fd,smistad_fast
3162,b4f35b9a5087586fc2e53a604c8e6911d1d9f096,smistad_fast
3163,b509306426db2da6de5fbc50b31cd2b7b84a89a5,smistad_fast
3164,b5173991ed87c7fb49b9cae908d4f5123f090beb,smistad_fast
3165,b54ff9cc8d5f234000a4a0496e5224096e0aed3d,smistad_fast
3166,b5555f2d363a26c3561e39fe7ae12f2c1b65687f,smistad_fast
3167,b57de4769efc14ef1a3c85d919d12377b6dd9a29,smistad_fast
3168,b585db534c2b509793e19b168c8e8fb58a9377cb,smistad_fast
3169,b587bb65d4b5ceef6cecc28a91f368a344a76295,smistad_fast
3170,b5941fe3263b183c6e44f80c1b4a4164da0914ec,smistad_fast
3171,b59786d059080203b315484b5f45a552d8eeab05,smistad_fast
3172,b59bb84a1bf3c84bf725c960fcc2d1e6bfcc0294,smistad_fast
3173,b59d8d8f8ed7a60cd36ed13f56ab8cd01e71a24b,smistad_fast
3174,b59e47f409bd547fb555f18019d7f7a8e0794002,smistad_fast
3175,b5b05888a2403a7eeec7ca5734fa419c1e9b18a1,smistad_fast
3176,b5b69241662e4a1a6624d6e6b58b940e7b40baa1,smistad_fast
3177,b5ba8a18dd21781c227079962a801a16476e7bc7,smistad_fast
3178,b5bcaade67dd4c9a49ae97bb7fbb407f91fd3544,smistad_fast
3179,b5ceda69766b7833749934c3ffdb81f49a2a5af5,smistad_fast
3180,b5d83e033a3a8a2bfd674b4d3668df0057b27c12,smistad_fast
3181,b5e7ab1b4d91f4d57d62eb25cf31164c2e995a19,smistad_fast
3182,b5ea142c187b0cffc5b239a64d0326592a9cf9cc,smistad_fast
3183,b5fe758b51451b7066047e19479f1b615cd0b90f,smistad_fast
3184,b607a320f7f8c052a8d28d0a5a134ea7c2a10eb8,smistad_fast
3185,b61af8b53c63aa0a18e5a77d54b499c47a3445a1,smistad_fast
3186,b62385d7ec25a1301944870a8b3fe8b48bb9ea57,smistad_fast
3187,b62c879949a5ea26ce8257fea32aba3de63fec24,smistad_fast
3188,b62d1b5d306bc0454bcfce4505c658079487cc0f,smistad_fast
3189,b635858d27d1413db4fd40aa3ed8faafdafe974e,smistad_fast
3190,b643c94bd10a244b7a0b332e4b6a0626b96ec8b6,smistad_fast
3191,b6583e8d049437a001851b42a1c0c1b43e1613bb,smistad_fast
3192,b679e11bb3cda92c143465913913f8d00869a89f,smistad_fast
3193,b67c9ecf60522e2f1461fa34777e77b2e09e3f47,smistad_fast
3194,b681f5bc6e163069fbe59a61702549b1773f1cf5,smistad_fast
3195,b69177454484828c817eee7115234d7ea4aacebb,smistad_fast
3196,b6ae6be9e65dfb2bdea9f655d11e494bcacd4cc9,smistad_fast
3197,b6cbf93aceab3c8eb3188c04abe40f19e2cc41e2,smistad_fast
3198,b6db953cbe799594f8bbcbd0a7922a108de2192c,smistad_fast
3199,b6e8deca62488ed2287ae6f875b4fd96312c7a60,smistad_fast
3200,b6e9c4615b0933efe85608fc562ebfdd48b9ed86,smistad_fast
3201,b6f42c583d313255e2c76cadb5104d54c6e7ed21,smistad_fast
3202,b704d02c7dc7a2b736dcf36ff4bb32e0da9f4b56,smistad_fast
3203,b71401f8f6740f010690fc5f59b378e26b259e91,smistad_fast
3204,b71fbf3559c6acb61b9894670aa2285ca294bf4d,smistad_fast
3205,b723123688029fb31e7abc63caf5b306c7078086,smistad_fast
3206,b735a72cd527e15af41f8bfc647be538ee9e951d,smistad_fast
3207,b73947c264c78d1064eb45c943a20289ed747cc1,smistad_fast
3208,b74185938de4744f243c0b34e72629376e1eb718,smistad_fast
3209,b74936f6cb50693cb42d027c6b0e7996452f8f08,smistad_fast
3210,b750d5ea9ca92313d546721ada4095ef073ee923,smistad_fast
3211,b75d0fd43ae6e7bb33904d7b39bad421f8a22a3d,smistad_fast
3212,b76e3bd8d8c1a617ad930e09844a90a7952025f6,smistad_fast
3213,b77babe47b488b9c36b5671e9e6a43aa0b34dacb,smistad_fast
3214,b77c102f7b1483417b705100460882df924295a0,smistad_fast
3215,b7888fbd8977a094edba393dc81d41f7d5c3f7b8,smistad_fast
3216,b7d1e46fe060d16c43a466839513b5dcb618734a,smistad_fast
3217,b7d2a26fd3ee6d84789045e000308227156f8197,smistad_fast
3218,b7e00a25116a69a0ed44f82adb6e007a6ccb7857,smistad_fast
3219,b7e03471ec713b55568542861e6a2da399d6cd09,smistad_fast
3220,b7f6b58818bce67d1c7a6d404e02dc9b0ec369b7,smistad_fast
3221,b80474f8a791018a2611e386ed41ee875ae36998,smistad_fast
3222,b8094f51f744213d9b10c6f2eef6427c04848eb3,smistad_fast
3223,b80f68976108c55bd6f0baf4f5797922cde404f0,smistad_fast
3224,b85d3a826ebe360f77a8ac6f625a9dfa7bb856fd,smistad_fast
3225,b8673c2769f73ddd282aae882c0e67a8a887c2b3,smistad_fast
3226,b86c6af22383c5a0c5a1dd42e3522ee296c65853,smistad_fast
3227,b88ac6779edbd3a20adc2fd7da3708b0b4bc758b,smistad_fast
3228,b8a12fc057bea0c7b84f376ffe9e2887f7322552,smistad_fast
3229,b8a5020d2675273a847fd1df6083d4460007fb29,smistad_fast
3230,b8abb8d6a95284f0054a34db2600d280a8302a42,smistad_fast
3231,b8b4550a2870c2f4ca08a2c4bb301d163e48b25b,smistad_fast
3232,b8b68d66af7c8ba1318000db9f811b3536d6fb17,smistad_fast
3233,b8b8436d5125bc24246aed6cace495a53e64b515,smistad_fast
3234,b8ba1d5243a749bc7743418dd8bd452ab4aa34d9,smistad_fast
3235,b8c0381195f4a86039ed8478406337a1de769e8f,smistad_fast
3236,b8c33dbb5d3398d74832b277599f809cf24e2d39,smistad_fast
3237,b8cf7939b2ac7c2525f338139986cec69573f6ca,smistad_fast
3238,b8d4f39abfd3718520b79acc35d3e2f9a70dcc59,smistad_fast
3239,b8d6e2ff5dd34515a082c4cbab8bbad139d56371,smistad_fast
3240,b946eeb15fe25d2279cf9e673fd50b71588dc2b2,smistad_fast
3241,b9609964ebc886dcb1250eb00ca756c54018e219,smistad_fast
3242,b966cbe42f4028f8fc75076d75c2e24c0807b751,smistad_fast
3243,b96b61b8b3fd427f69b42fa6c7a0ce31c9cca794,smistad_fast
3244,b97266eef89a3379b1781eef6f7af2aef69a42e1,smistad_fast
3245,b9769c2c21a6fb530926ab8a92eddb827f07740f,smistad_fast
3246,b99c6d593de052a10fac00620dc3451b3d73bcd9,smistad_fast
3247,b9a18efb4ebbe4b6977be9be0c8627337a33f525,smistad_fast
3248,b9b974b1485e89449904aead2897a55f3cc454ad,smistad_fast
3249,b9bf5f8be47e388745fd75ce62a6fd200336eb2d,smistad_fast
3250,b9ced85d5d8a82d11691b5f458f62b9c53060721,smistad_fast
3251,b9d512b2a5fd865ddb31b6ee33cc36d248116be1,smistad_fast
3252,b9f64a788140c910cd808be7de0e1b98cc1aebc8,smistad_fast
3253,ba003f4634694548017ca0c48afb1ca53c2373f4,smistad_fast
3254,ba1bd7d09523b15f5e8e642739a86a9883eb5ed9,smistad_fast
3255,ba23b8b705bbd7e4894ee7e3d8238ae5a884678b,smistad_fast
3256,ba2a12832419d6a96cacd996c232a915fac0b522,smistad_fast
3257,ba4759433281c6fefba70c40022d14f15e6f863f,smistad_fast
3258,ba4a845e5093c3bf3b7fe12dd73bcfbdf5930844,smistad_fast
3259,bad7d3d4deedd5955ed9f9f219d4cdb444fee45b,smistad_fast
3260,bae5f102c63cabbb8340d46bf01b6a7c261d4562,smistad_fast
3261,bb05ea353dd311f181dfbbcb725a4d9e8c0f3595,smistad_fast
3262,bb07161c89a0c7aa6db1c3f745777cda1803c285,smistad_fast
3263,bb0ad6114e2791913c7e60c9655b01c7eb1aa41e,smistad_fast
3264,bb0faae2fd23b308151710635c4772d475e3be94,smistad_fast
3265,bb1d2e0cd32d72d87b9c31b287e7d218de416a6d,smistad_fast
3266,bb25bcaec5ee6462bd58733b96fd9e4a89b3a2ff,smistad_fast
3267,bb35d80b4086b3c5767ed5c2a72c458b32e929e0,smistad_fast
3268,bb457617cfd797b01a4a49e796c7a62224834240,smistad_fast
3269,bb4f5879902cd9f6eba2674c430dbd3947fc690f,smistad_fast
3270,bb5f629efce9de8fd94adbe0968fa234595ad39b,smistad_fast
3271,bb6ad075367785cd3c669b010f4241f581d24dbe,smistad_fast
3272,bb77db01c0b5f6fa2a3cd7dd9a6515e109ff020e,smistad_fast
3273,bb7c562cb549f6e17a4f255b405f12174e356072,smistad_fast
3274,bbc016d145d572ed8fe4a6714a266bda39ded112,smistad_fast
3275,bbc2a043e73c4bf2da3eb8e729e6442de372d8a2,smistad_fast
3276,bbdc89e9924e53e65a679663935f2a6d020795b5,smistad_fast
3277,bbdd02f0695440b0b24b00c933d0da09f8a430f9,smistad_fast
3278,bc131358846cfafbe1ee1045e78000a5aa3bf36d,smistad_fast
3279,bc1d441c9fec62c3880cdc2931859d104367d88f,smistad_fast
3280,bc25950e885815ce6e48cc720867ec0cc66e71cc,smistad_fast
3281,bc29bf780b6edf3264b1d0616233c3d3bc30ad67,smistad_fast
3282,bc39b0321caa83163affef686c14eda7af1900cf,smistad_fast
3283,bc6e5eb0a7098a562ee5c7b8d350d36dd65f59e4,smistad_fast
3284,bc7112dfc5b8d7b1955ad9e95852a6f422f42d03,smistad_fast
3285,bc8a290a045ad97209e3a0845914fbedb1f9e5cb,smistad_fast
3286,bc8ddffb5b859ef41b91db1c347a4b77ec08cddd,smistad_fast
3287,bc91c9cc4c8782bc2f280f94c3a97b98a26c3b57,smistad_fast
3288,bcbe177ec59ee2c2025f326bc97f779a91deb2b7,smistad_fast
3289,bcdeb7e6fe30dff773fbb510cb09bcc3c8b563f7,smistad_fast
3290,bcee8b308ccd053c9be7a787b73120c6df419765,smistad_fast
3291,bcf5537f0c913f76796cc2064d794d6331172b4a,smistad_fast
3292,bcfa44623d394ca18dcd656a594afb701fe2a3fa,smistad_fast
3293,bcfd953c0fa9cda78db7bacbf76cb0a7c96cf4ae,smistad_fast
3294,bd100055cbb33be24c066a04d7f41885cbdb5b93,smistad_fast
3295,bd23eda7d51fccda88935aadf31b9d693f0e9192,smistad_fast
3296,bd328720e119d6d7e809b02a0d33748e5aba01d8,smistad_fast
3297,bd5061305082aa8a0e0e60786ab266910958d453,smistad_fast
3298,bd6992481e3d57de18098285c469c42766f7deeb,smistad_fast
3299,bd8f9127c47114aacfc388e8886c46f2d95e0156,smistad_fast
3300,bd9a0d2d6b8a25a40d9e1d6c4b89dff209260fb4,smistad_fast
3301,bd9a293fe0db976b7b3840ee05e84da9b877336c,smistad_fast
3302,bda5d54c9b8d8bb817bed72dc18b6233c417b446,smistad_fast
3303,bdbf082e8d481ad73a4a8f4fb3d4c2a96b41faf5,smistad_fast
3304,bdc4d6d037e3577aef5237291d87527d62ce15a4,smistad_fast
3305,bdd4aab4da43c38c2dde557bdc2e9dc51e9a8b05,smistad_fast
3306,bdec86391a34249edc6a7274a9fde1244c0ea68a,smistad_fast
3307,be33c1cd2c82d039db2d63bf26313f006930d0cc,smistad_fast
3308,be5f211754dc29c68123a4890447c2d690fd7485,smistad_fast
3309,be717c1f21278bdb9947540dd0f77d2c1d4a1998,smistad_fast
3310,be7449ecf39159c38387ac6c626e89ef40b8220c,smistad_fast
3311,be74e90fd149e81d7fbf564064a64cc1ba7a25e9,smistad_fast
3312,be8e574f2431de3a343dbe713ea1b2f802468c9c,smistad_fast
3313,be93409229a193b884f078d2524b132ee725c85d,smistad_fast
3314,be9ba0df8c05fe3a0c77e31aff09db3ed45635b8,smistad_fast
3315,bece91ef98bb09b89afd47ccc2d667b6476f9d1e,smistad_fast
3316,beeaaa80d5b2ef0847f6c3ef50329979ff9946d7,smistad_fast
3317,bef2198771c7e6f43b9ab5fd5956566ae8f7c8b8,smistad_fast
3318,bf0367e6eb684a8290e8e052541c95c8adec952e,smistad_fast
3319,bf0b6524ebc75453f135e6b6586e0736e7e4825c,smistad_fast
3320,bf57478ee08e137f3b77bf653df598bb56ddf4bc,smistad_fast
3321,bf58b40368f23b2865519188dafd7a6dee2d58ff,smistad_fast
3322,bf5924572286bd13ada198ff495c843e967adb37,smistad_fast
3323,bf5de600c93209eb450401dce22bd88ee8c6230b,smistad_fast
3324,bf67f0a19eb31e4e803a1760136421ff89673235,smistad_fast
3325,bf80de48996dadbac8aa83eb53d61036d515655a,smistad_fast
3326,bf8c55229cc9052ea1ea559245b2f25a219af20a,smistad_fast
3327,bf904016e1ebf2dfc4eb42a372a3f5d2f306c565,smistad_fast
3328,bf95890acc1a57a6c47bee284643aa590a88e281,smistad_fast
3329,bfbcf0cefdd9d7149f280b2f82053478bc6a40ae,smistad_fast
3330,bfbf7afaeaf77e34b38756bc8ec14bfc6f86eeab,smistad_fast
3331,bfcac29192c8e7e464a173c3a9e80af0c2e96a80,smistad_fast
3332,bfd4a3dbc8004752dcd1a722534b590935d453df,smistad_fast
3333,bfd98a9a943fb9ea712e4ac3f4914b976bea4054,smistad_fast
3334,bfe2340761c9635c50803dab951bc476c34837d7,smistad_fast
3335,bfe9886583d1cf9d69b6c8af33b3c39d577c86a9,smistad_fast
3336,bfedf68037d2921b5fa64e51f241bd68e878f35e,smistad_fast
3337,bff1d1d5af3e91c064087a56582d8c64c7c92334,smistad_fast
3338,c01ddddf411fccaa3fe5e42ce90ceb8269826099,smistad_fast
3339,c02c5a6573d5c2f23a5567070126e4d58e1c5e68,smistad_fast
3340,c03efda9fc5f5d71ad55bb3306340d26ad584a1c,smistad_fast
3341,c05d4193b990677edb4921c15e9a90a30babaa41,smistad_fast
3342,c06284c4e2e7570a0f18f7c3c58894953b0b9ac9,smistad_fast
3343,c09c9e964a5ddf17e7ad514e44d70b5d2daf5ae2,smistad_fast
3344,c09d3c1d58f78fabca6c2a60f24296aecb6e4b8d,smistad_fast
3345,c0ba9f9c489ef8b18c121168ce72e906baf6ae3e,smistad_fast
3346,c0babbe8133a8036df3ddde3962f309c860409e1,smistad_fast
3347,c0c0feed39870e16081423b824f2102984bee8bf,smistad_fast
3348,c0c14c689a4b4675c351a93ff028a7595021114a,smistad_fast
3349,c0c9ef8d00bae057087de289a7372a6d192a846e,smistad_fast
3350,c0e9ba77f628e7eac5af78e8601568887e5672fc,smistad_fast
3351,c10edb962e1d08c6d62b95fce9cbad20e97eb6cb,smistad_fast
3352,c11b5966d453e9e789c42eddb274d31fdbb61449,smistad_fast
3353,c12e14abed860df3566c736866eaa6ae77fe5f0b,smistad_fast
3354,c133edf19b2a5fdb48e9c4302b1a76e4ec369d92,smistad_fast
3355,c136731156f8f9a1e51a05a0e5262d467b6600fd,smistad_fast
3356,c137113612e28f52ca71cb0d46156ce4528e61d7,smistad_fast
3357,c13daaba2f71fc6fe4c1c261391bbc61fbc9359e,smistad_fast
3358,c15582e42192af959bb2cbff164690cc7739cdd5,smistad_fast
3359,c164d840bd6a7174aa7312e201fc7c5c490ac4b6,smistad_fast
3360,c167bbe85a3e23ddfc05c1a1397a24bb086f6362,smistad_fast
3361,c16883e57df0d4546bcd4012bca58fb0cb5fa1a3,smistad_fast
3362,c17a683822d4c8973f3fa8d5bf63146efbdb72af,smistad_fast
3363,c18bb7516b8116a24105a6abf5918dcf75ff8889,smistad_fast
3364,c19cf854a024505a0e3b86d0c318d58d5ab1cc67,smistad_fast
3365,c1a09abff088afa8a3b44136aac7f759f16b0288,smistad_fast
3366,c1a7f9c22f80d853c7ace76d7936951d668514a6,smistad_fast
3367,c1afb9aba235625a25a5c3e78546923ca999deb3,smistad_fast
3368,c1ba007e16b2d4845f4a4771c10db2717fa56623,smistad_fast
3369,c1d0f598e0a8e705129e3a6233b590f1ca1d03ab,smistad_fast
3370,c1e31acba231fd30e26af1f9c8f3e86c611c2046,smistad_fast
3371,c1e6cb577d7954991dbfa2d2aae327bbbc5c7f45,smistad_fast
3372,c1f94e0763e1be9aaec2224f93874fb4e09a322f,smistad_fast
3373,c1fc11b44370583d12f2278cd2bf41ce70d153b4,smistad_fast
3374,c20194f6717726e996a00cc5f38b5cd0d29be119,smistad_fast
3375,c208dd0d9d53d664828bd47b29f861d3009508d6,smistad_fast
3376,c20c0fceac66095f4d6a02cf6ed435c50f6b394f,smistad_fast
3377,c2206697a6ee7936ff385b2b4cc9614c2e9934c5,smistad_fast
3378,c22500c162a8a72d4b651e41abf40a976d5c245b,smistad_fast
3379,c22ec2404a5e3c169d929f84abd9cd71598d1e84,smistad_fast
3380,c242d99504aa98635d9061afda206b649621393d,smistad_fast
3381,c2522765d3bb369142ad53dd20dfb6d54c8e95ac,smistad_fast
3382,c256f2cccc67f1754450b4e0c286544da8882021,smistad_fast
3383,c268630b9b3a893a59e357627cffe67e09a75e81,smistad_fast
3384,c274596296c966a79190c84c6dca3167ae8d6f67,smistad_fast
3385,c288f30dd5b2e684355dc02d4078b0c642cbd8c4,smistad_fast
3386,c290884596d08a561df7993bc77c24bf2b359bc2,smistad_fast
3387,c2b10de972a130c4101aa0db065d614c8f0493e2,smistad_fast
3388,c2b21a373c7a27ca5ea8037907b249b572bca4ac,smistad_fast
3389,c2ccabee4532914471615247a7fed12afab50da9,smistad_fast
3390,c2df1f5a77fa250f9e2624ce25f5972044df6c2a,smistad_fast
3391,c2f6801603bc9ddcf24699e9b99b02ba8e0a4a3e,smistad_fast
3392,c30ecb5a36dd6db8a93ad3e24973a67dafddcd95,smistad_fast
3393,c31d127a39ef6254253ea0421cb89f4f7ebb777b,smistad_fast
3394,c331c72c0b27473664a8b1ae5b8385286b746b19,smistad_fast
3395,c353cc4931fc3775cbfc4404193a13784a770d48,smistad_fast
3396,c35bbc4387cf7eb66f1cd3e1f4c1858a9229d23c,smistad_fast
3397,c365c266c741a7450a1b140dfe8e42a742261c45,smistad_fast
3398,c371f40648cb4d06ae88bf3679777cfcf9ffb81b,smistad_fast
3399,c377835b693850ff5909b99391eae03ffac6cd12,smistad_fast
3400,c384df522a9c704a987c914f1510719ca0de1030,smistad_fast
3401,c38516ddae5839a41415e74f0699b76e1c70d931,smistad_fast
3402,c387c557e3d683952c70aa208f2b64d24fd9411f,smistad_fast
3403,c398056d885221560e7551490fc3ea59e4438697,smistad_fast
3404,c3b10451de135136467d42e4380ae98e1a7cc126,smistad_fast
3405,c3bf9bf348fb7ac698d158ed3b41ff8998757998,smistad_fast
3406,c3c78f55bd766cfd24fd786e95f88f6d7b10d2ae,smistad_fast
3407,c3e3ba972a4439c5b77686c087052e2ad5eb80fa,smistad_fast
3408,c3e48b783e49e112d082f6be42fd9ad71cec7cde,smistad_fast
3409,c3f75c40fcbf08599062124f22c00b12e6752701,smistad_fast
3410,c3ffc619276bb42816cb93a436d892013c51b153,smistad_fast
3411,c40bcb638caf07f817ba9bdc3337d5e1d1d32f60,smistad_fast
3412,c41e4949825c072262f695ed852de22b56d3e82e,smistad_fast
3413,c422775224c009f9b356625949e2a5c53613dab8,smistad_fast
3414,c42a703e42dd6ecda047af3de35f949fe4f02863,smistad_fast
3415,c4473d8e7ef0695cdb1dc91a35316aea890e9ca1,smistad_fast
3416,c45920881949ef02efdf045b1c52cc22bf70a0a4,smistad_fast
3417,c48ebc06cac87631e1e3946588c2f0ea1115cd43,smistad_fast
3418,c49331e19d7dcab4a5058c7dd7eb9eeab0dd3c65,smistad_fast
3419,c494273eecac32445a4db080421a9193a9017cc1,smistad_fast
3420,c4aba8533092e03170596651c800372a5ad0a257,smistad_fast
3421,c4c37e873e471c863489682c14ee95fb39a7eb83,smistad_fast
3422,c5123fc0b243ef55b247e5d855f9d6d4bffdbf50,smistad_fast
3423,c5275190ebbc9c398c54abdaee0c378b73e01a1a,smistad_fast
3424,c53b332899f622df30bfc22677cecbbf4d0ed731,smistad_fast
3425,c55197f2491726947ef03a95538ccc4ae4739aec,smistad_fast
3426,c55d38e156c8dccfdc26bdd14b95154d3706ebd0,smistad_fast
3427,c55e44ddfe71c73f2a459fbceb5d29d57abb2ca8,smistad_fast
3428,c56f9828ccf32d37c59534da49bc92eb7f44d7ee,smistad_fast
3429,c5782af04be5eac490a6b1434524eb8bbe35221f,smistad_fast
3430,c59974a1ee5945a2454b5dd5effab8d8975d4d08,smistad_fast
3431,c5ba2b55601c97a79b5556f9f6245f2f1476847c,smistad_fast
3432,c5c15c4506f331d853ebe0ed0c9e81d4541e10b5,smistad_fast
3433,c5c5bb16b21215a92566dd76aa94cd2b404eab9a,smistad_fast
3434,c5cb7db941e5ce349c4f0df67477271da47a6f8f,smistad_fast
3435,c5d9d965a5407fc3fd2729e623eddeea614fa7de,smistad_fast
3436,c5e20cddf135e019a76893f8a0f3fcdfc3ac2f5a,smistad_fast
3437,c60ce291a3b0cdb6171b34334368aa944bb238c1,smistad_fast
3438,c60fe91a86cbff7c155ee52c43f3d84004003f52,smistad_fast
3439,c62b342a2939ec124231d4a783dc59661cb2684f,smistad_fast
3440,c63d2819e6037de34bbf33a8e8cdc598490e90e2,smistad_fast
3441,c63edf0124da63f7282f248573e6f46fc3a1fb28,smistad_fast
3442,c64036f51cc925761ce5482d2e8c2ee7ca123691,smistad_fast
3443,c6435d0e6c05dc9c08784b9bec319c6c8e9d202c,smistad_fast
3444,c6451e34ecd10eb407d5877b269af1a863965136,smistad_fast
3445,c64827e0ff98a4878345d4b55757c85425b90a52,smistad_fast
3446,c67c88ee21e73d36a16dd5ab418b4bcfefee23fd,smistad_fast
3447,c6824643e98a1146988e3aa2de3c7f6a05e78752,smistad_fast
3448,c68ba9a9f16492f22013cc2dcef2722bc3bcf745,smistad_fast
3449,c68e56d121863fcbafbd7ab4555f87fb1432132d,smistad_fast
3450,c6a12e53d21b4b8f2712ad371d722165defec3b8,smistad_fast
3451,c6ac4b72dca208f10df70ad7279ced16c88f48df,smistad_fast
3452,c6bf06ce00c05891a37fbf6073e8f735fcf9ab7d,smistad_fast
3453,c6c681bd5f16404ee7931835c891816d7f842d90,smistad_fast
3454,c6cdca9c6d7e4ee9c187d4137a2bada116a49ca5,smistad_fast
3455,c6e75ffb307d98fb2019fbbc4c0a27491a2dbe29,smistad_fast
3456,c6eb561aa8f1dd31010d39f0c3c51986c80cb39d,smistad_fast
3457,c6f23ea5aecea190c4725630fb811298a2bce6d4,smistad_fast
3458,c7201b461bb6d8dd71a273136bfa725ad99fd50c,smistad_fast
3459,c72c8c663bd0f3962d7df8c08b42ea3fb4b8bd07,smistad_fast
3460,c744ce86e1ab624f85cc8805745aa78fea63c4dc,smistad_fast
3461,c75bee361095f1b916f58a025fcbf729272b058a,smistad_fast
3462,c781a589e7155051f7005b3f9a9a85ddf27e35a2,smistad_fast
3463,c78ee0b63647b9ac0d328df07f9f2f9b0848e363,smistad_fast
3464,c794aa44b58f7398be8de58c6051a20722318e90,smistad_fast
3465,c7a15fcc5feada7b7cebafd4d6b642d3ca01dc06,smistad_fast
3466,c7affa1275ac1429e7ed5ec5661fab64e4f5ffe4,smistad_fast
3467,c7bfda985b005e754dcd7fa13e454038ab4c6f63,smistad_fast
3468,c7ddf6ef21d1b6da4eea0831d66c6a4480325a72,smistad_fast
3469,c7e7c84cc3f146d6cf383a9cc645165cbc2c6601,smistad_fast
3470,c7ef701543547a68a13f46df87134696c4cd57cd,smistad_fast
3471,c7fe9afe9b4ff8ba4f38bc244935f8135cb5a5f9,smistad_fast
3472,c8174fee537fd0752a0fbb3b819c2ef5fe252fd7,smistad_fast
3473,c819a5618901f1d3704f1a8fe5cce9fd588e37b7,smistad_fast
3474,c820b89e6c9911d946019c802146c04a48237c29,smistad_fast
3475,c85127e49d10143fc27ef5d9a9462571aa4e7e8b,smistad_fast
3476,c85ebbf220c5b53ad56f57c4eb42aea2d241dea0,smistad_fast
3477,c881f5948c7f165c1526ab6e7f80740653e1ae55,smistad_fast
3478,c889effc0838c67b5dcc370d6aefecc52cc8603d,smistad_fast
3479,c88e68d97128aac7410866b639fa11fc58376575,smistad_fast
3480,c892a4198791bef48e0a561babe3965ee9619e50,smistad_fast
3481,c89d5b13133c3c489eb7484320ac6d32706d0afd,smistad_fast
3482,c8b96c9790a8fa3dc1dbfe8cbd71e0777aa8f93f,smistad_fast
3483,c8db4c198b390f4491c6b1a1be4f12786a7a2aeb,smistad_fast
3484,c8e1a3275e66c06f0f88b2063ac566a8f6d08f05,smistad_fast
3485,c8e4ac5f6265dfc0825049fae59450a3943c2e6d,smistad_fast
3486,c8e8c81c107db13a8d0c091d5a7a5020abb4028b,smistad_fast
3487,c8f1418485af1a73a133384491257be7aa64db7c,smistad_fast
3488,c91878b79b870d0b1f8109482b02ea744ed8245e,smistad_fast
3489,c9202ba6e2989678c44b913fa3f88e5427d2d73d,smistad_fast
3490,c92d254f677604b8a7827bd7ebeb5883cecabc8a,smistad_fast
3491,c935b378c3ab071680a1e7ca41c0526cb83e6b9c,smistad_fast
3492,c93813057480c56cf6a4fd0c64ccb51fc27f5a21,smistad_fast
3493,c94904857fc12cc48ebe106e1d31b782402b67fc,smistad_fast
3494,c94f8f5512cf75929b5330526d1dfcbc879e337d,smistad_fast
3495,c963131a2dc02a46ac550872671aa0ca2e28f63d,smistad_fast
3496,c974739cc5a5339d31754d8cdedf05ca6bba8e69,smistad_fast
3497,c98e2294373db8e07233c21359533c039c0e45d6,smistad_fast
3498,c99a97bdb3457efda618e132e20dd7134a3ac768,smistad_fast
3499,c99fd066c9d9bdabb1801aa612904abe570664c6,smistad_fast
3500,c9a7970ec1cf8055eb26b06519b1011430191174,smistad_fast
3501,c9ac2aaf792e7f926081e68cac2e7a4b8e71da8b,smistad_fast
3502,c9b568516e9ed0c53ba96853634736fcdb3b5a48,smistad_fast
3503,c9c680db1f522c2503e16d89834b67ec11cb56fb,smistad_fast
3504,c9e186d781ed60e4f9194b103b2f8ed0f04baaf7,smistad_fast
3505,c9fabb16287798ef9b870d459a376c7f65d3e2c3,smistad_fast
3506,ca04a33ba1fa365702185e192206a31221cfde87,smistad_fast
3507,ca335a8d04d69c792972a06a7f53836c7ac29e14,smistad_fast
3508,ca375a659cfde25cc174cfcf37447b64d24e5244,smistad_fast
3509,ca3eebaace1b252d036edc9424f4ebce981f9699,smistad_fast
3510,ca4fd208712df7beb4dea6d06fabe6bb5afa1623,smistad_fast
3511,ca53d1f406efd1da7054f4b40263ef8d42097c6f,smistad_fast
3512,ca568b3770441556daf68dff5576363b4cfbe08a,smistad_fast
3513,ca5ede7097d2d9166eb468e4ed86f9dcb82e81ba,smistad_fast
3514,ca77664da463feb950b787924e1a9a6bb76925cb,smistad_fast
3515,ca95829b949d72d5a5cc34bd4e58deefc10097b6,smistad_fast
3516,ca98b0a70b6359afa87efbb96dd664c875643fe3,smistad_fast
3517,ca98d6010d52b8376bd4fc99762f152b78a3c7cf,smistad_fast
3518,caab5654d5dbef8fbd2113bbf731d606b08e4472,smistad_fast
3519,cadb4993ae7707cfe35571c65b651141e064ee93,smistad_fast
3520,cb0100ec621d238569813ecb84c34e9dd4fdcd89,smistad_fast
3521,cb1356cc8d0abeea18102235061848959e199b3e,smistad_fast
3522,cb1861cbf9e8ed543c6bc8b66f5c964c5f73a8e6,smistad_fast
3523,cb1c4f29a4e78aa9eee6cafbcba8a3ce9f7dc75d,smistad_fast
3524,cb30d6d2655a482aa0a8283e6f843db126f10653,smistad_fast
3525,cb35d63ecd31de43cc37a00362cdba0e0799a21d,smistad_fast
3526,cb3ea6272d4e19414a5d5ef2cf499a29e11e758e,smistad_fast
3527,cb5ef54ccbc978f9c3dad6b8222e0d8f37275b0c,smistad_fast
3528,cb73efd6f299116a6a4edbcace9ce8c576242207,smistad_fast
3529,cb78b63948a1adc9147b5ea10c18c17ab01f984c,smistad_fast
3530,cb8bebe76c287fe34091162a5ff1d0eff992a7a3,smistad_fast
3531,cbac73c7fe8b5403f62a7a3b4230b867792cbd98,smistad_fast
3532,cbc15eeccc22001d756ffa8f68476c1ea140c360,smistad_fast
3533,cbd4cbe60803b34caa8aabde9fc22c6efa12584e,smistad_fast
3534,cbdaea084135ebbd59fd9fdaee4de1205f7bc1df,smistad_fast
3535,cbdd48a0dab608e91a14e2aa771124d77c196fcd,smistad_fast
3536,cbe27de606240d44476a9da46e2ad1fb524d3c65,smistad_fast
3537,cbfe0607ce8e159a916b0006e389357b59848b66,smistad_fast
3538,cc016ca793915a1ee33d41fbb69723a3e9ffff18,smistad_fast
3539,cc14a32f1d3221d4432ebe79f887000b4e43ced5,smistad_fast
3540,cc2ea4977fe42589f7933fda48371b624d8c0f78,smistad_fast
3541,cc3ceb5d85b8ec4d500485a4bcc5ccb4f7a70a91,smistad_fast
3542,cc4e0b528dbb27597dd807fab34780f662038e61,smistad_fast
3543,cc54b670449f368f342381d4e2bad0f2e35818f4,smistad_fast
3544,cc5d585d9a27a52efbb9a0b2f676f3688c7e9136,smistad_fast
3545,cc5ef2ac8a0594ef0bd5e22c98403c3a3795f6d6,smistad_fast
3546,cc64e3f7b9b20d5834e01f012d2d52cf727aaba5,smistad_fast
3547,cc89d05848adced454310338e630c07b63a046dd,smistad_fast
3548,cca77ef367716449e1c64e26db5598e1e8b0a267,smistad_fast
3549,ccb1fb647664ba28963ee12287ce79a4baf1be27,smistad_fast
3550,ccb95999cfa0123434e6169b13870ae16bb03ac8,smistad_fast
3551,cccc5667b61ec01179bf1fba28da2a6738fd5031,smistad_fast
3552,ccfe7f933f6c5659bd4a8192859be723bd93429c,smistad_fast
3553,cd03414e45345cb3167e286827e008fd270c9ab1,smistad_fast
3554,cd172205c96d56c8899cd92808ee35a4e4626cf2,smistad_fast
3555,cd30a89e17e677803a0843d0e5d3119d9bef0b2a,smistad_fast
3556,cd33d76b7eabb9130d6bc7ddd614b6462194e74f,smistad_fast
3557,cd4874ebbb270fc01788d6b3d7f0ab26e83eeebe,smistad_fast
3558,cd49cb55e5bdc8d314fb63ae611c182ea8ee36c8,smistad_fast
3559,cd4a3bbd6834895a735bef0164c955e377ca4a0d,smistad_fast
3560,cd531104e9cf9cea930cd567b63c71205f5a4401,smistad_fast
3561,cd5d90ea2634b5325be190bfe1c9329990202ad5,smistad_fast
3562,cd5e89e000145dcef9e0de63031743667ac018c0,smistad_fast
3563,cd6181f8935a6fbe28583b69a423f5f14db8a96d,smistad_fast
3564,cd747383e72f0ea543108b101f0d9b50a71be9e9,smistad_fast
3565,cd83457b4439b27d10aa6f2ec0606d07119a2e03,smistad_fast
3566,cd8375d5a2fdc402d9da9a3f173bf857f73dd4ed,smistad_fast
3567,cd9f21fdf9056a2019c7662d51e533d157e51393,smistad_fast
3568,cdb82d7cee2816ad01d3203c376394ff6ae2908d,smistad_fast
3569,cdb8a625cf5a91847dfb50467ad6cb74780d0a9c,smistad_fast
3570,cdbd374682bebce1ece190d6d81c239d58ce85f6,smistad_fast
3571,cdc547794abe1fcb405a1e0f602c4a940fd165e5,smistad_fast
3572,cdd1dce7ab46ad71054b478ff94ea4f337bc1102,smistad_fast
3573,cde482bd60b9b1c742693e4e88e7a67dbee8399b,smistad_fast
3574,cded12ae1dc972fc137a2f797a866a725b7bf8d3,smistad_fast
3575,cdf60463495b45593ca3bba9b6a41154d6adb3a1,smistad_fast
3576,ce2400d640be942aa0901224b08d261b87c32245,smistad_fast
3577,ce2d38cf92ffb5001b400f7aafc7eb2d9d8ba029,smistad_fast
3578,ce6dee38b8a768f0ea051e17b8e807b46493094d,smistad_fast
3579,ce853d6ca22da1f63d1f7e2440e4b292de29c5ce,smistad_fast
3580,ce8596b3d006094b878612fe5ecbf31d670a34d8,smistad_fast
3581,ce964353e3da82b1020369394220ff538df7d55f,smistad_fast
3582,ceb76398d3ecbfc663a731e19676c077557c9d4f,smistad_fast
3583,ced39c82fbaaf7c9fef21dba47485e0946f50125,smistad_fast
3584,cee11421e766f78292024ff82bd4c551eae0b0f8,smistad_fast
3585,cee2151384b6026f2897194a660c884d92b950f1,smistad_fast
3586,cee231a3152f4b14e867d4e92f5c0a92bfdc9525,smistad_fast
3587,cee63d05467998446084eea00f5abed8709fc620,smistad_fast
3588,cee8428bbe8c04d71b36a6c23f1f029ff3802484,smistad_fast
3589,ceeba2806ec3f94c9d753c5931df9cddce9da00a,smistad_fast
3590,cef260b3f9f1dab407deb53203bc656adb4c76e0,smistad_fast
3591,cef30d03aef99e2fa2daabb0902c5613ddef75f2,smistad_fast
3592,cef6cc62cb3e21a18d1c66db10f6d4100521a9e7,smistad_fast
3593,cefbd69c6d4cf8873b88909c8a2f076e7898db29,smistad_fast
3594,ceff5655ce56d9bd99941f77afbb6db3369aa4ac,smistad_fast
3595,cf04562e40340a65a2f9e5eb1cf2a2a69d40fb75,smistad_fast
3596,cf0651c416d0f04ea153120dbb4a39ff26748b96,smistad_fast
3597,cf0bca63ac76d9499de8c5d70f584eb035d748dc,smistad_fast
3598,cf16307a874c0520d04f7830085dc3c5c93012d5,smistad_fast
3599,cf28a1216db45aef1d45f7e27bcb99d328428966,smistad_fast
3600,cf299d469f6f51bfb3e9107b92fe2521bff57673,smistad_fast
3601,cf3b375c6beecbe9c7259dbf1eea371d45d7d9e4,smistad_fast
3602,cf3c2dbb6940ee25c6405d53cd12e045526c8472,smistad_fast
3603,cf40a257465db955938098abb0ea8d800a78dabe,smistad_fast
3604,cf4d4232a16b172bef74d7fdd046222b5106ab22,smistad_fast
3605,cf5b00adbfde24a5578d2ffb5526b02512bb318c,smistad_fast
3606,cf69a2ebe6d7e5fe206751fec87807ee1b19d015,smistad_fast
3607,cf8bf9edcc958cf3fceb39c14001c670ab01633e,smistad_fast
3608,cfac0001d879375d317076ee4592080619edc7c2,smistad_fast
3609,cfb01c346b44940dcbab388b623221eec56ff485,smistad_fast
3610,cfc2f38574761e1be50021740d8188661373f068,smistad_fast
3611,cfc3458eeebae81c8aca669eae0e70b607d5e6da,smistad_fast
3612,cfc3b6c98f87c9b3b294602133fc9a1f77b8df5a,smistad_fast
3613,cfd8842d21b4bda26807a50090aaff0459cec1f0,smistad_fast
3614,cfde5afe41d3dc3959c166c1661c98183f9fda70,smistad_fast
3615,cfe2dfead5ed80626fce8062c372e7dede90fc6f,smistad_fast
3616,cfe7c4382a3dca57c1a874c13623a21fecb20827,smistad_fast
3617,cfe93f9093ebc7ed33c0b2a9f17c2e5ec882463a,smistad_fast
3618,cff18b5783c285fa533dbd18ae2d06a0184f69e5,smistad_fast
3619,d00ccec41931c662ac96a7d258c17fd1695de6b8,smistad_fast
3620,d013ba4cdab0d4659f35a671539a65d7ca25933b,smistad_fast
3621,d0163ad32fe67ad5a475bcd5186c342a59303f87,smistad_fast
3622,d048f53301504bec206f2bd947eb34049b0dbfa8,smistad_fast
3623,d049903ebab80f73f10cd837adf6d2adb5570e96,smistad_fast
3624,d06c42db5e0e41d625e2a01bc1d23e6309b96128,smistad_fast
3625,d07d83ca8ab3b8230ff32d451606a2a6ec40ef94,smistad_fast
3626,d080ff2f7e64437d7b78890551bd80180d189350,smistad_fast
3627,d08dab9452b3fa4ccc4dc10024a30e50e727ef07,smistad_fast
3628,d0a4620306a8bc531c08bcacfd7dc727a59ebbfb,smistad_fast
3629,d0aa25729ac8fb750af443ce75c2bdadb74da6fe,smistad_fast
3630,d0ab8595f8cb8ca946ab363f7d3a67d4931875fd,smistad_fast
3631,d0b65b9d84e9ebd3a57e5f8820ea3c7da49c38a6,smistad_fast
3632,d0b6c5c252d73b0452928bbab4cc76bb513670d7,smistad_fast
3633,d0ced2628977e791c90ab8d0174de49437e74561,smistad_fast
3634,d0d7c9cdf9a8bef1506bca1c928ad38f130f4ffb,smistad_fast
3635,d0ebae2b162048041837aef1d682246201f32de2,smistad_fast
3636,d0f37f6a0704420d310f9a78b5e138e57bb47e3f,smistad_fast
3637,d1145488ba588b81f1ea4cc13883b8977e96cfa2,smistad_fast
3638,d118dec55e90532a9c52e4c31b69801cd502b622,smistad_fast
3639,d1342423c2b95d7ed128e98169e71885efaebec5,smistad_fast
3640,d14eb6a6022409201641270ad4db26092e8ed868,smistad_fast
3641,d1502ecbd9337ae81685e20637f8479c10315060,smistad_fast
3642,d1513a9d49524df6266f14a0d4d420bc979f13b3,smistad_fast
3643,d1733dde65b28f57b3109b0824e8290731447297,smistad_fast
3644,d18102878b4ef52689341781746bd27738efe5e5,smistad_fast
3645,d1b3647d2811526cd2cbeb972b9b208eb2d9243b,smistad_fast
3646,d1b9d57800b9b16cc7943562a7129bfa906027fc,smistad_fast
3647,d1c4812eb3abbb380fc0f9f5af39df230e36d804,smistad_fast
3648,d1d917816d5b3499f7e335198557b2207392dd94,smistad_fast
3649,d1dad987469585e7a2a1cdd653f2614498b60539,smistad_fast
3650,d1dcbcc6796da5e9d404654cdd34e4b3d0da4517,smistad_fast
3651,d1dcd3bda8fd2aa70c0ecc31ca751b2400ea82ed,smistad_fast
3652,d1debaadc7e94ca980c7d282601fa4bd6e8eef2b,smistad_fast
3653,d1eb79bffde2feea5a2e65951e52b93f45c4dc11,smistad_fast
3654,d1ee93dc7f4a090fae95b9299a7d1aefe9e47df0,smistad_fast
3655,d2305509b92b750f7a9a3044d4b7d815ed078ac0,smistad_fast
3656,d253c5a158a4994cc9ec548b970171af6e44b31b,smistad_fast
3657,d28616e46922aa5f08e7fbb911f8b8258c509765,smistad_fast
3658,d2897c42e20b832ba731aae96b18986332853456,smistad_fast
3659,d28aae52aabd9e62bc4a695c586d1aa67e973e5c,smistad_fast
3660,d28cfb8d7ba9e6646fe896c0bc9f5c34c8147395,smistad_fast
3661,d2a6f7c718596624ed5504942be1c1dfddfa1bef,smistad_fast
3662,d2c1597eeac554d314dbb49d06cb542c97d16f6c,smistad_fast
3663,d2cf547fd6ec318e7107d6f96998eb9807d2033a,smistad_fast
3664,d2d54dd12b56e983708193a22d4a76269a0ed9a9,smistad_fast
3665,d2d567caaba88513c38e15621431e91a7a577395,smistad_fast
3666,d315a15972f7491f7ff3b2f9239f939c2515ac70,smistad_fast
3667,d31d4cdf6565a9ebc408ee29fef14677092828f8,smistad_fast
3668,d326223c376819927b28a2384a12cafaf3edad28,smistad_fast
3669,d32905c40d89e667326cc0b9c3473bd6321ef906,smistad_fast
3670,d33dce455e73f85d290788663c8bbe2fc14c681d,smistad_fast
3671,d3425a480a2d351b2a0210306de902312d5fcd33,smistad_fast
3672,d350033552c9b332518d6736f6fcc05947040c47,smistad_fast
3673,d36cff8fbdbc0338951fa00ac05928c273e2d872,smistad_fast
3674,d36f2eeee8148391a025cbef2dc9a6e9787d745e,smistad_fast
3675,d37c88759ceb089fed7074f071d02fb7e5ae2e66,smistad_fast
3676,d3a7cb5a447699108ce9647d1b3519cdbadb3c60,smistad_fast
3677,d3b0babdcc03717bd1d5fbb80631d10f9a8aaa37,smistad_fast
3678,d3b5ca32896736aa8468165154af0db96640673c,smistad_fast
3679,d3bb3b17ae5788d1d8d29e263352f1256fc5873f,smistad_fast
3680,d3bf827c130e1254231b8ba9b723d03467d04730,smistad_fast
3681,d3d1ea63fec40731b0e1ac32faca2392404846a2,smistad_fast
3682,d3d33e7a53d47e7b69020657089771e676fda4f7,smistad_fast
3683,d3df43a6b1572a3f5be1016d6f0ea4065d8e50a8,smistad_fast
3684,d3e41b44b7af048b7c3a8593df0db29c658a01f6,smistad_fast
3685,d400a8ca41a05ee8973bada753cd5d6d3f895aa7,smistad_fast
3686,d402274c7fd1bcd90697aa41332d7cf91cd083a9,smistad_fast
3687,d423f8830a0b3f2091e6b76b0c18411f933f3327,smistad_fast
3688,d43ebb94be216deee55c8c39fc1906373d7620bd,smistad_fast
3689,d44057b9f2de38eb816d077c153a56074456143e,smistad_fast
3690,d445e7b3d0a18f8db517ab9315eeb32663767cc7,smistad_fast
3691,d44d7e0ab076a3c719ba6768f64ee9284d083cf6,smistad_fast
3692,d46ffa2de48e91a49db362b120d3e965fd62d222,smistad_fast
3693,d47480d44cdb4c9535c5863f8b51970bd20c8ae2,smistad_fast
3694,d47c9153d2809ce69ad77874d2590d74db0381fd,smistad_fast
3695,d47d75b5c55c34a0309fc8b237e62cbf2b1a0931,smistad_fast
3696,d48037c12504b0de0455101149c3e67b0139888b,smistad_fast
3697,d482e9a3c9854b56fec831b624a0361503ff4fb6,smistad_fast
3698,d48ce92288a8e71e0ba6bd6882de9b2e707f9e73,smistad_fast
3699,d49607b8f7640acc9e600b4ddcc83de7c6a86f33,smistad_fast
3700,d4995e183917c3158f4a99142f6f92f2fd24ed8c,smistad_fast
3701,d4b4d6883c9105b4b1cf3ca03a876cf4efbbda35,smistad_fast
3702,d4c1ec49bd542f78d84c00e990bbedd2126cfffa,smistad_fast
3703,d4c3311edeb5d8682b56204651330fc6406c28f5,smistad_fast
3704,d4dbe0f82ebd445c59ec62e93b10da55b204f7d5,smistad_fast
3705,d4fb8b542463a95c9b1ec76ca4e7c0013aeeea9a,smistad_fast
3706,d523b8729fa2362cdaef6d6c29474904d7c20d02,smistad_fast
3707,d539ea8f33c9df1655ab42d8b8caa243460c5abc,smistad_fast
3708,d552b58639c557236e32bf7ed29364eeee30166a,smistad_fast
3709,d564797a8ede399ab7a2ecde6ce309e4f071aac1,smistad_fast
3710,d5672995b196d6d5e16ff1f80095427fefc3ae94,smistad_fast
3711,d56d69a7a727276397413e703c7c81a0a7fbc2e2,smistad_fast
3712,d57249d2d24f3c6f6b4727d05b8eb78ec170f9f0,smistad_fast
3713,d5902b27b956afeb51ef1f1830272af277d55d88,smistad_fast
3714,d5acd3aa16ff1fca5ebdd83f25ba089b37d118f3,smistad_fast
3715,d5c4cabf4224e2f12306293140de7dfb09b1253b,smistad_fast
3716,d5daf876527fae4ef219ceac577983de7ea0ae60,smistad_fast
3717,d5f0d844f404ccc92ab5d4b32de10b86751ced25,smistad_fast
3718,d5f20881421420fbaf6904a08f8b2b6b36a271f3,smistad_fast
3719,d611ed0c6b530bd2580390b4bdc145f0e2d2f1f2,smistad_fast
3720,d613685eb3f2a599b4a1e91145d467caa23b91b7,smistad_fast
3721,d61a1364cf9747a5830c3c4ff39736e1e1e231de,smistad_fast
3722,d62c18a07ef6c6e717994482bec6d6d689a67767,smistad_fast
3723,d653dc3c39fbae9cb150a42e41cc25c4a1e17300,smistad_fast
3724,d654bb84400b1f2a22a94fee2ab3f3fabccc4018,smistad_fast
3725,d6603982a474e2dd6f20fa92ac4be95cbdc81b38,smistad_fast
3726,d66522260bf65c5ab74d75050131d5a353cbf602,smistad_fast
3727,d6848f9b68fce37f24b6c1bf9ee6767f7b7c1db1,smistad_fast
3728,d6a0d414f0ee1cac84e1f84ea1211df75ceaa685,smistad_fast
3729,d6c27fbf5fe59577b3e66a649555faf75398dada,smistad_fast
3730,d6e5fcea7f3fc34ac220d5818b6fd7e80f25a59a,smistad_fast
3731,d6eba3bf8f4753b5270df1e3859cb283dbf0d8aa,smistad_fast
3732,d6eeeb2ba5daaa8200e53f1410a81cbe41c18a31,smistad_fast
3733,d7009982bc3c2c1743fed24a93c9a28c27cefc83,smistad_fast
3734,d722be40cdda6a8763955f95fd2b24862dc14e1c,smistad_fast
3735,d72a6457506bba25c3000e324f72cadd138f99b6,smistad_fast
3736,d72f02520d5734607ee30fae5e51fcc917d8cffd,smistad_fast
3737,d73e61492dfa78de2b913234d51191c0dbcf85c7,smistad_fast
3738,d744add76712d77cc3a52c26ad44999ea480747f,smistad_fast
3739,d744f9c36110ee7bc00e9611ad5031fdbbb89209,smistad_fast
3740,d7473289b68c33e5f90f5385d25580fd1221de82,smistad_fast
3741,d74b336c2e0b55398b5025455d13f53066c8eb50,smistad_fast
3742,d7502c3bd548ed87fbd6e707e0d4f14edaf9297c,smistad_fast
3743,d753c5c3e3360da1398ac6821678135459dd0241,smistad_fast
3744,d7618e1506140e20684521d329ddb9dbfb2bd127,smistad_fast
3745,d76eab8dc430a23f3f6a4fc25c81dd19cda2495a,smistad_fast
3746,d7823551a278968635e52a84866f5a422b0f8ec4,smistad_fast
3747,d782a3b610ebcbb8342a0b2a106a209991bbced8,smistad_fast
3748,d78635329c633d15f40789c03cbc83f7f08de600,smistad_fast
3749,d79aac9f01bc1404387f2808870ce19f536780fb,smistad_fast
3750,d7b577341606315d0dead9f7b9f9ae8075e9a76d,smistad_fast
3751,d7c794f00ef39412f45808728e7e660eec568735,smistad_fast
3752,d7caef062a99967fca332ef23bb72714d7fe53ed,smistad_fast
3753,d7d6e01fffa707da627238b76df1953a11157138,smistad_fast
3754,d7ea529d632e9467f24b671a9d261da04d0d05f0,smistad_fast
3755,d7f3c4fc857281a7c6dceb1eda4d2c0979b7f2fd,smistad_fast
3756,d8019e99d7991c60775aeabf10b9a32a83df3281,smistad_fast
3757,d815fe882f9cc92721b512f5678462e92745b1a0,smistad_fast
3758,d81eacdd176b245ae60ea488487881e16cf0cdfb,smistad_fast
3759,d81ed6662edc615464a842e23f9e91e6c1e278e0,smistad_fast
3760,d83752ae6dd0e46e8119c3cfbf671dafe0d3b7a4,smistad_fast
3761,d843fab3b6b32768e709a3a1cd832fb89e932267,smistad_fast
3762,d84719de950cbb7bc642e77dab73984c9ebb6a0c,smistad_fast
3763,d85a00e5a8c30ce7e5a67d5f448086801feb5c87,smistad_fast
3764,d85acdf3e662b71a759120c26c3e2276a525afb3,smistad_fast
3765,d85ff624a957073056cff98f43d632748e8187de,smistad_fast
3766,d88efb044a0cc3913224cab78031ba4c6516b1b5,smistad_fast
3767,d8aee23f0b4fb4943bff7029bd772667f10e39ac,smistad_fast
3768,d8c024b2f46cd8a8752f0adfa12734bd0c0a3744,smistad_fast
3769,d8c0481ac9aba67868d00321f32dbf9edc62a4e4,smistad_fast
3770,d8dae7ffddea6f535de349f221c6b166c71daaaf,smistad_fast
3771,d8e4d02101848be0ab5f9504b7bfe46582f815db,smistad_fast
3772,d8f546ef5f2c13987d2df1f71da3617a9d1eb85b,smistad_fast
3773,d8f6377927b428645cc47a7421418e0e8fa31b53,smistad_fast
3774,d8f9330868d3541fd485b7fe37cd9f6a9ca67860,smistad_fast
3775,d8fc775347456fd270a22b831b9cb2a8ae8d26ba,smistad_fast
3776,d9096becb524e3be705738479b2fb580c87b5de5,smistad_fast
3777,d90a77c6c17d4f2d71bb78dfc2d30fcc5970167a,smistad_fast
3778,d911125eab9d35abd22bf9751a5d0b08f4669329,smistad_fast
3779,d918cf1cafbd5f8c7e8ea33848e3cec6ef90146b,smistad_fast
3780,d925a1bffc25bf9da1f0405fcb21819fd0b03c29,smistad_fast
3781,d9294a616030272c17db504996d94918a7558209,smistad_fast
3782,d93d98cd3c5efd5a3b64e11e12de32466cf00055,smistad_fast
3783,d9590859c2c024ed5d8a6b0612f30d2b4c0cc9ca,smistad_fast
3784,d976b39bd5833546d72505582842a8d7c1a8f42f,smistad_fast
3785,d9813b962cd312cd6b6fa1a736ca4ff327b651c1,smistad_fast
3786,d986dc5844aa7853df38f1bc9f8c6656ca7fa153,smistad_fast
3787,d992c04f6096e1bea602f7425cb308b5ea13215d,smistad_fast
3788,d9a6c45c437566a5ec6e47489f4e571c7143a300,smistad_fast
3789,d9aa04b21e0b0ac0c7499fb2d33cc6617b28fd87,smistad_fast
3790,d9b6012e120f95891777b5ded2620376a4a5c535,smistad_fast
3791,d9b73a98208c4ddf889e3832fd973163752e4746,smistad_fast
3792,d9b7d36318a6349087b158ab639f1237520166e5,smistad_fast
3793,d9d609cb9685cb2e13a15d8bd638f2aa03d62b73,smistad_fast
3794,d9d86f85a00db9657b1a300485809e3202dd6913,smistad_fast
3795,d9e9f7082061f6c6ac70f39458e73a57f289d4d5,smistad_fast
3796,d9eb8ec5b7129859bec45c7c3663800a97dd7546,smistad_fast
3797,d9f88db56236e4bf33317c748d7f754a1edc2629,smistad_fast
3798,da1280f5facae531ba7c5c25ffdc0a37ceb0bfbc,smistad_fast
3799,da1d523c682edaf2070383b8a5b673810693222e,smistad_fast
3800,da1ef9c678b51178fdaf8b0a70061b7561a47e2e,smistad_fast
3801,da3275dd4dc81e9c153774a26b3a71e0de0b0c91,smistad_fast
3802,da359be576af2de91733e9d4f1bdb03840b08f96,smistad_fast
3803,da675ee8d228d627ab72e220a4e91f58ab971244,smistad_fast
3804,dab69b61ccb97256817168704a77df269b7e7392,smistad_fast
3805,dad1518fcc6719155036abb8fa6b61a52b4e3f16,smistad_fast
3806,dad17972ea8e43d60a9eed8bf547336709be64cf,smistad_fast
3807,dae8f48c00c4f3041df00d4c379431ecdde9bd3a,smistad_fast
3808,daeafdf742b9b42c2b47ef93ddc27355c6764e7d,smistad_fast
3809,db10ac46e5114486a3b9e40a3327f17f73b069c7,smistad_fast
3810,db2faab4102d99adb7dfdb62479a26100d17e397,smistad_fast
3811,db5424b6bad9f4eb211e6c418a1ac5c243aeb080,smistad_fast
3812,db62d375631d91320f99a61edd0acd258ee1c550,smistad_fast
3813,db6d261a8ea14b20677343087363a3f8df46ff4a,smistad_fast
3814,db84c3712b70658d04afa279afb8d9f9e59ec0eb,smistad_fast
3815,db8e249f7f5566e2aeb81872c76582b5d59a7dcd,smistad_fast
3816,db92e1d8ae94aca4eeb2e4cef1f4e192e24d01c5,smistad_fast
3817,dbb5dfe2b19baa4d2c5087b995d003333dbbbb37,smistad_fast
3818,dbc0a6dba93f3e9621f9de3a8f0a9e59459f7fd1,smistad_fast
3819,dbcbe480d7c3d6ce8e9ae83a757986750002132e,smistad_fast
3820,dbd3872a40c846d3739e410991cb89aba26dbefe,smistad_fast
3821,dbe0fda1741fb6a57e88c3e9943dd290a79ac526,smistad_fast
3822,dbee1d22dd8cfab5f3343519cfda3240cdc81b48,smistad_fast
3823,dbf60adf1327990cebe529e2c9c8cc850067276a,smistad_fast
3824,dbfbbd7a583793453d3cc90eb0856612f7b2e6e7,smistad_fast
3825,dbfc1a3f24ed6ed1284a87350b205b3e9e499692,smistad_fast
3826,dc0b49b959765bacda785f4f48a6dfdb33f25a34,smistad_fast
3827,dc2a9eab45a3b026257d1d42ccd1532dafaae731,smistad_fast
3828,dc3a57f58ce9c374b954a73ecec3b1acab85be94,smistad_fast
3829,dc455bbea3e6d2e2d367a2d1074a12b2b1c6a4f2,smistad_fast
3830,dc4b93c4658c8d42946397bb7cdb183ee43a9eac,smistad_fast
3831,dc604c8c4056494fa1145b12486bb22f06599af9,smistad_fast
3832,dc701fe8e95b193796a825664212a926593dc75a,smistad_fast
3833,dc7417abed58bf544307fcbd7209227c5f5d9897,smistad_fast
3834,dc761e9c0fd3c236286c74f713ddc77dc1ca2adf,smistad_fast
3835,dc8eaf75a6412c6cada675fe3e7d71b7650a57b7,smistad_fast
3836,dc9b891b2678f751f3378f97e87d5320e0e905af,smistad_fast
3837,dc9bc49b65b3c7c8ed59a4ee79edbd2c4a18d32b,smistad_fast
3838,dca0bcd8140ea298b874e4ad433baf309fd14161,smistad_fast
3839,dca1ad419a61fff17f10169bce55e86f782956e8,smistad_fast
3840,dca57a1ad847d415359df1682970ee2dd9b8c5d5,smistad_fast
3841,dca9e03c98933029049dc4daf7e27de0b76f05aa,smistad_fast
3842,dcad5e1e2f94c98cbe3d284def218835588c08b1,smistad_fast
3843,dcb4382ce9f55bd8b53f90d65a45a2516acc99d3,smistad_fast
3844,dcc33bb7a1c554d4b5f777b57904efe36519ff81,smistad_fast
3845,dcd0448a47ca6c055a1c8230be2a5b7da588bee8,smistad_fast
3846,dcda2f572fde88999649b918bf080236d6a11fb7,smistad_fast
3847,dd01de6c4c11c1fcb03f1b3e58a2f9e5d6951b22,smistad_fast
3848,dd247963de3c8ac15a09e4dcdd3c9c690d0f5ba4,smistad_fast
3849,dd2547140866dc326f4047233ebd01d1f20df7ac,smistad_fast
3850,dd3f47d9c81f5b2e5ffd6386b12ea35b818511e2,smistad_fast
3851,dd5e8341b0c41891cd62174f4f9b284ffbbb9921,smistad_fast
3852,dd6b33b2991bb5b49dce059bd596c612d76d6933,smistad_fast
3853,dd6ca4b1dba32b15ad947cf41eca174720973d4f,smistad_fast
3854,dd74a9f5d293496f38036a0f230a27879bfbe7b6,smistad_fast
3855,dd903b3cca0ee202689e9d6994c8e9dd5b37e05c,smistad_fast
3856,dda1111d1568504c5f83628d3e19b1d73ed5d2b4,smistad_fast
3857,ddae088288b8cb2a5502592ed6f854822b0883fd,smistad_fast
3858,ddc7a1da8d20b4da000ec95d073b1f7184f28116,smistad_fast
3859,dde2d9ad73a44af27eb8211e06bb1057fe4a0ad8,smistad_fast
3860,de04b63b6109e412abfb423b45bba14c3863dd25,smistad_fast
3861,de05917d2f3b094d18cd2ee14954bf9b22071c17,smistad_fast
3862,de6583b7eb1351f15aed87fcff3a23c3296589c4,smistad_fast
3863,de6bed91099362a4cfba95c4eccc74f3139873e4,smistad_fast
3864,de792edf8bb75a677ae6c78a68397c6263838a75,smistad_fast
3865,dea5491965f18f1dfa41d6c4c478cfeabc9554e3,smistad_fast
3866,dea67bec43d678741f0c321333e9600a4c77572d,smistad_fast
3867,deadef14f58acff0a2730b70c3a631b7520b1113,smistad_fast
3868,ded9be053e7e8cc02bedd4c406652ea4854e6c50,smistad_fast
3869,dee28e2e05fd0aa5dbb821fdc0f1b41df054a976,smistad_fast
3870,dee2eb4aa494f5800a3b473bd93ab8c409dfdba7,smistad_fast
3871,df055afc828614129388652ca8bbbae5921167ca,smistad_fast
3872,df1082073499a2fe554d48f11942b4cc846def21,smistad_fast
3873,df10fbd8500b835e05ad6fb10edf02a476318180,smistad_fast
3874,df5120906792727b211e8c2622d000d98cd49132,smistad_fast
3875,df6a128e1f64752e11211bdde84f0257276a5694,smistad_fast
3876,df855803962df20ed2a2b2a2caa742bae967e8eb,smistad_fast
3877,df915aa3be9d7f42386bb87a05b72d188c999fc0,smistad_fast
3878,df95ecf440be849301103c3755012f4564517bea,smistad_fast
3879,df9723a53b65cf1887d7aee3ca5fe4199dd58f69,smistad_fast
3880,df9ba5440bd33806b190acf965da26c84b86e8e8,smistad_fast
3881,dfa593eae69c01ce46d316950991027b445c60aa,smistad_fast
3882,dfa5c3ded9d7f1715c5d65422f4045a7c885e046,smistad_fast
3883,dfb7854f63d25f907de56304489981e94afaa32d,smistad_fast
3884,dfd5d5240bf7e0f7792f4437d5da878bdb91a572,smistad_fast
3885,dfea33a87c1833985293695c1247d505271b8dc1,smistad_fast
3886,dfece8374f49500774e58ae6995f80db3a844282,smistad_fast
3887,dff4a37533dfcc67de33bfc0718f3f373fb2a402,smistad_fast
3888,dff4a513a9eccd05f07134afaed64b7658f2a359,smistad_fast
3889,e005e7144c1db98654caca950135c78b15e82439,smistad_fast
3890,e023c94191b8fd1164dd0fe674a86bfdf2461426,smistad_fast
3891,e03660602380660666d7e5f4d6950d383f4c3b88,smistad_fast
3892,e038530f2f102c13011858371d6628bca4063c45,smistad_fast
3893,e03c39839aca1a47ffb157237fc9d345f3284da8,smistad_fast
3894,e0456be946f38129c6aafc5256b43708d1db78f9,smistad_fast
3895,e0478e438edfa4ab854c6eee2e83fbf138db11e8,smistad_fast
3896,e050657ae1b543debbc9afca3e4fecdd950cfe81,smistad_fast
3897,e05908175fa37acd5e431f8e4aaa48b43018e72c,smistad_fast
3898,e06fa1adbe88533d4b3283f39a7dd21742a2121a,smistad_fast
3899,e09ae5c6e1865998ff6f7a502cb4e0d98dd19c56,smistad_fast
3900,e09bd703e50156afcc3071a3b94c92872402d374,smistad_fast
3901,e0af8b65f0eab75d634b25a9f05e7d12420c9de6,smistad_fast
3902,e0ddd464fb2fd22a1178ccb6f8b6868ae32e7fdd,smistad_fast
3903,e0e6dd12a7e61a17c0c1bbedfd5d6f6f9aab564a,smistad_fast
3904,e0f8e1b098fabcda97ef0d08d92e7d2b8b32e1ad,smistad_fast
3905,e1036c0048f2dc325c4ad5312e0aab93d3b5c305,smistad_fast
3906,e1135b8ac1c9a58d87ad02c3f076c8518b3da643,smistad_fast
3907,e121ffc9041ee08396f710b68242be1199ea63de,smistad_fast
3908,e1221483e8d7afd77198094583c59be07f1b64a0,smistad_fast
3909,e1282c5bf9d4e215635d9f53c09165add38bdf58,smistad_fast
3910,e1574d9766839e0a37fa183e0b2689c1e6656580,smistad_fast
3911,e170da0d3717112eb83b64fc74c556804cdca85e,smistad_fast
3912,e184daaf38094ae086d5e64973fa72fddf4ff4d9,smistad_fast
3913,e185981e762c8fe87a6f92719e4f73ef475f1746,smistad_fast
3914,e18918798f0a71c2060dec040fd60b7727858495,smistad_fast
3915,e1900381a0a8b93c81ee5d449246eee1df080a56,smistad_fast
3916,e19778ae37f31261776cab59760e5ef6165ffe3f,smistad_fast
3917,e1a433ed406514632aefca89aa1dd96f0133274f,smistad_fast
3918,e1b4069f93cdead55584165d09f502e3ab844960,smistad_fast
3919,e1b6c55c2bce5d607fa3b779a6d506e75c25f14a,smistad_fast
3920,e1e4f119708482003578e9705f7b1ebb4a3100f6,smistad_fast
3921,e213c29b2f3e3bfbabb8cfefbcc5e013a38a19a8,smistad_fast
3922,e218877e2b0b65c225fbc49aec4586c95939b149,smistad_fast
3923,e2319b0b6b5cdd5ffba33d9479a186f32b903954,smistad_fast
3924,e245277ba88bfc916eac77edd7c74e53ab2a6140,smistad_fast
3925,e2453f6b138214caa0064c9c823a881bf9c9ead2,smistad_fast
3926,e24961ef9cf34a7b96c88d2ec9f0685a3b997706,smistad_fast
3927,e249d24f42e5983a53be68276a57d8bf3108d0d5,smistad_fast
3928,e274bc647ab725af7b2244ec74c4e02e8ef39360,smistad_fast
3929,e2752a74d13e972955fe6e79859259c8e47d7457,smistad_fast
3930,e282ad028f335496c6d1ddc5e995a2b1c86d4648,smistad_fast
3931,e28b4b77c193a0d7f58a263287707dabdefccd07,smistad_fast
3932,e2975dec538cf0814f8052b58f4a8f8c60ebec5c,smistad_fast
3933,e299f26f414df01159ca9626f4b5dbfeae93cd70,smistad_fast
3934,e2b79d13cbe7ad356a15b19f8ef319c06748b854,smistad_fast
3935,e2b8a737ba3333990ab54e1be837fbc0e1144408,smistad_fast
3936,e2ce8b5367029eb5f92e83bcd12ab36db92bc77f,smistad_fast
3937,e2ddf8d5866a3df42532a32c629ae0b81098f410,smistad_fast
3938,e2e3e1ee72cc58e387cf1e488ce9438ccb70d1f8,smistad_fast
3939,e2fb09153415fb9cb94a034054d3651ef9376373,smistad_fast
3940,e3392358e51f30a6ac14b792cc8b0945740358b6,smistad_fast
3941,e33a1069a1ddc36941cb4f5405443189cd3a9cd0,smistad_fast
3942,e33ae8281dd13cd615fc6a8b776223b90bedf8f6,smistad_fast
3943,e34ba204dc6323722471833cf60f01e66393e14b,smistad_fast
3944,e3504ecea9fa6a27641d2a1616a440f33929670d,smistad_fast
3945,e355b4531d63d399ad7d13481ff5e5f38bc14016,smistad_fast
3946,e39643489842df9f2b2e0b9bfe63485beedf9ac3,smistad_fast
3947,e397cfcacd9574d5f6666aec2c01f3ac810a3e5e,smistad_fast
3948,e3a5969c6585bd3348bf8fae0aae349df220f499,smistad_fast
3949,e3ae9fbd6007ee092f225cd6ff4d71ec88d23aa8,smistad_fast
3950,e3c27f5b4544af0a0a9e5beac2ec0b21737b9634,smistad_fast
3951,e3c8e170f9ce3f8381c8e7e42fc6d916d5139225,smistad_fast
3952,e3cc91a0cc40b77ba12aa14041f4bd44037a89a7,smistad_fast
3953,e3d73fc37332e29c9d527a207ed40bf530c23154,smistad_fast
3954,e3de14ead0b21b7ab953c8b0c57caa8c167afed7,smistad_fast
3955,e4060fa4074d2121d93ae8fa6e6174fc37fc47f7,smistad_fast
3956,e412c8efa07c2154a9c64110f63c2ca8f241f0fe,smistad_fast
3957,e4217da3e9bd04705de9af0916ff82485aa46328,smistad_fast
3958,e426f8326000d7a9c8d8c5aaed8c3d1f526675a1,smistad_fast
3959,e42ddb44b17c84ea9d436800ec48fc2194519190,smistad_fast
3960,e43cc7660e7d317f93b3a8d68ee1f974cfcaf102,smistad_fast
3961,e44857d53f6bfcf4ee90b21c79d9f9b5e5643ed0,smistad_fast
3962,e453c44a5dfd9f2bde9f35d9b9675428eaebbef6,smistad_fast
3963,e47eb8bb75dbb5f4a9983471d261edd09b5250cf,smistad_fast
3964,e48b791b6287b5f8fcfc73869bc221a32a7dfb07,smistad_fast
3965,e4aed63f29828a822ef06057366e11ff1c9d5e62,smistad_fast
3966,e4bb25188816479f454f4dea286ded74188e8d28,smistad_fast
3967,e4cf6026bbf1b10ec5776c9283eaed25f12ac897,smistad_fast
3968,e4d8edc30b3b1dde77f56c51853788610dc8a49b,smistad_fast
3969,e4f745fe2d67509fbb61de5dc9eff2dcf0e276f9,smistad_fast
3970,e51113aa223947c09f51f3649d6a56004403b274,smistad_fast
3971,e515d1956e4cd21c29c8b8da5c4c26666c941615,smistad_fast
3972,e516c09c30e307919260ca3e254d2c2ee61bb565,smistad_fast
3973,e5266edd0918e3756d025f5c768c513c6c9abf17,smistad_fast
3974,e53067fe050a3ecf3996f8b13070239fed0e5c4a,smistad_fast
3975,e532832cfa0d6baf33df4825ff993c6d5ab745f9,smistad_fast
3976,e542de65836da54c2f07fdb6598faee6833c6fc8,smistad_fast
3977,e54aa14442b966e46b14cfa29496086d302aa2af,smistad_fast
3978,e558e091f07cd59f90c35a25341de3831f0ec38e,smistad_fast
3979,e5612cde56441d97d817b9219ad6e263bb3d86bc,smistad_fast
3980,e5775ff7ea173bbfd3527916be585c45a7e285be,smistad_fast
3981,e57bdf878b43747b00fb7be182ed9b298afee636,smistad_fast
3982,e58a7c061d38e33e68ae42b97936d811d0b2c321,smistad_fast
3983,e5926133170d08e0412489207f622a5bb42084ac,smistad_fast
3984,e59a8730bb0a25cb710444604ecff196d6ac5063,smistad_fast
3985,e59c233ed2eba3b4bcfa1ae557758f752f522d0e,smistad_fast
3986,e59db8f19a25abad4544a439ce36be3def9aecb3,smistad_fast
3987,e59f80c7513cce156ecc6fe738a4630ae86c2304,smistad_fast
3988,e5fb9ccd765c102c82d4740d2aba7774246613e8,smistad_fast
3989,e61c3114250ba3e68fc2dd9d0c4e2a55943cf9c5,smistad_fast
3990,e6416f8294b0971d51d282918c539671e8f010bc,smistad_fast
3991,e66046ee12ab5c6147c885980f67e205a422d6d4,smistad_fast
3992,e668b575069d479a98c9b022b6384eb31bb9d34d,smistad_fast
3993,e678f1c8b0a794b135ce96e4b10598a615f2a388,smistad_fast
3994,e68b36f98d41a974aa87bbf95f2472a71717dd0c,smistad_fast
3995,e68d92ea0e54c152c02d5648700549cbdfb0906a,smistad_fast
3996,e69b56c495e36bab4372b155222cef459435d00c,smistad_fast
3997,e6a4e8a63410cd2ea8f6340581ad98457fa5bd08,smistad_fast
3998,e6aa95e48e2af90181d021249088ea782ed48b68,smistad_fast
3999,e6b23ad6aa7f0a5640d458a5f2af765719b3e6aa,smistad_fast
4000,e6b9f40af05c5b75834c87f5bbeab0b64f044525,smistad_fast
4001,e6bc538e5e728b1e6a50b1d3c611d5e307d812ad,smistad_fast
4002,e6cd899ca465c5a750d5ba9f5ddc209ceaa4aa3e,smistad_fast
4003,e6e6c0e440ac3ad23437268aa9428abb960afc3c,smistad_fast
4004,e6ebe71efa1cc961b819bae4fd5b0d282e74b813,smistad_fast
4005,e6ed3411f4ddcd2dda96a4a13a2da17a59e71841,smistad_fast
4006,e708d6947625304168454151e8d8a64892e36745,smistad_fast
4007,e710135907c503b3a8c6d30a6af84a517f60015b,smistad_fast
4008,e7184a380aca73148bc9d92470e98ec3c822b90d,smistad_fast
4009,e725bd66116dbc35b288a3df9969faa86b18074a,smistad_fast
4010,e73973bf257383f742e36710d36a96a5d5aba87b,smistad_fast
4011,e73cc9b3902a44e6f3fdcb92b78df84481786c23,smistad_fast
4012,e7426ac63ccdf760466c17fc99665af4df0288e3,smistad_fast
4013,e74fb646caced0aa7505252e3b3206be7c9be5ee,smistad_fast
4014,e753e9332ff54821318a723612a910ac197e2cce,smistad_fast
4015,e76259c7ef1e7ab70ceb89d7734cced9eec53601,smistad_fast
4016,e7674fd76aea088a6e207210e92b4b0ace55afd4,smistad_fast
4017,e77d07ad6ac46aa15b6dcb3fedb6a0a1b952ba21,smistad_fast
4018,e7938274d9527a52c5b5aeacaaa3747f4bd4301a,smistad_fast
4019,e7b777e113b8cea1591febe413625da2a28576fe,smistad_fast
4020,e7c1d0945bcfbc8380e019d3bca0a31e4cecc518,smistad_fast
4021,e7d71809046625fa5019dfd6fc43852e17376c43,smistad_fast
4022,e7e01af4b9d84b85dc974ed81e05df33f13dda80,smistad_fast
4023,e7e882cca219bf3e76fd9e4c3daf0cd73910af2a,smistad_fast
4024,e8203a6cf30751261ce554a141602e5ed67f7d0a,smistad_fast
4025,e8244dc844d87123201b6084a704c4d0ac92b240,smistad_fast
4026,e83868a2330df0d28421308400c8d6e2be66cd5c,smistad_fast
4027,e85305308ffa430527eaecf2ad349b96adf465cb,smistad_fast
4028,e8597c1dc0a40a85a2da655ad347ba68747e7fee,smistad_fast
4029,e85d8223fb02bc54c92f7895a0c4188f59ea32d7,smistad_fast
4030,e8699e0bda0b6b9ced8a35391d795edb0ec40059,smistad_fast
4031,e86ecd0f9c20ea813920e9806dcf280a56bdbb1d,smistad_fast
4032,e878bfc41d555fdd1a9ca14255964d6416a3d3bf,smistad_fast
4033,e87a1455731113f013167f1542658252bb1e8a3e,smistad_fast
4034,e87b9c605ae5071634ccc399f94fedcc64aed4ba,smistad_fast
4035,e88ce5feaa3aac835bb7896bf4a1d9f99405a408,smistad_fast
4036,e89d88884fa85ed6133536d38ebc2c3238130bf7,smistad_fast
4037,e8a6fcc780308244530a33ddf9dac91467afe913,smistad_fast
4038,e8a76a18d1a318188d4710dbf90383605e7c81fa,smistad_fast
4039,e8acc4fe6861c00ed0a8c29d4cc5ec855b45c37a,smistad_fast
4040,e8ad46f108053307d11f66508c6fe4110fa79b3e,smistad_fast
4041,e8b4998fe106b3517230fb022c3b02aa076cde78,smistad_fast
4042,e8bd02d266ae8887de16e445d0c7ec0355b86fe4,smistad_fast
4043,e8c7a63418d32860a1c7b90025b6c8f29afcc919,smistad_fast
4044,e8d335f680714da15f2e4c1dfb8bb7cc2eebaf61,smistad_fast
4045,e8f276ff1c94ae066100165776b85dc71d899616,smistad_fast
4046,e9159f69a61174e34adf92d83046f74153bd54ca,smistad_fast
4047,e93476e4056e0c1b1b0969faa808b54b03040167,smistad_fast
4048,e93515cda8de17062889f80ba4699c433921c3a8,smistad_fast
4049,e94c4313bf60bd612b47ccc99be81a48e174a63b,smistad_fast
4050,e95358613b29981bb6d74f3748752351b4869a31,smistad_fast
4051,e95f57b4f011d269ea8e7f2254153d6dc622f5a9,smistad_fast
4052,e9668eff8c86f2819c7805e33596762b2cb11cec,smistad_fast
4053,e9685efe74ba19dc459a45de780967f6467cea29,smistad_fast
4054,e9728fae672a3ea30a89b783496cd7d32d6c9c32,smistad_fast
4055,e997bd26b3fab362a2dfbfad70e8c39cda874008,smistad_fast
4056,e9aa8851fc2e3f8ec97519bac92e998b04c64ea2,smistad_fast
4057,e9aab74b1d389ff10aae692eb359ed28c62172b0,smistad_fast
4058,e9b3d059c8289e4833792a0824189fcfb5e2174d,smistad_fast
4059,e9d4cb91d470c3b1d98051b515c5f54273ff0aa7,smistad_fast
4060,e9ee779ecb24b18778257a22f69cf67ff8840722,smistad_fast
4061,e9f1a12d61b9f1647ccb12f15e94a4383a1a5aba,smistad_fast
4062,ea2de21a42d859b365e1ea4dd2c623266a0c4924,smistad_fast
4063,ea2df27ab2a2b4425c05676d5e9249491cfbbfb3,smistad_fast
4064,ea4aa14b26e7009ad3acc519296f0e89d6fbe1c7,smistad_fast
4065,ea654b77c80b10612a2577c1c2bad1bb6abd068d,smistad_fast
4066,ea6896d43d0854442153f1583a9d268cf631e1ec,smistad_fast
4067,ea70c5cbadeef1d0c843bc80983c60a6363c5ab1,smistad_fast
4068,ea7f140e257acdc9b6291cb25a461092b0d9653f,smistad_fast
4069,ea86827fc89c23787a9e866d45c287d3b4409b34,smistad_fast
4070,ea9119a15e40f9400e6e75bdba4d448a8abf7775,smistad_fast
4071,ea9a430d31998c9456c46345977e9b3b8a251827,smistad_fast
4072,ea9d1f82c0dbbce9d90c98bfa1f3a80a31d52897,smistad_fast
4073,eaa050ed06c5c28e8240daa43377472a9dc5ec1c,smistad_fast
4074,eaaf87c5643ace4b7ed071429fb7aa4bddfa2f5c,smistad_fast
4075,eab67fd0f2a226e8fcac06ae4e00e8caa4d0c56e,smistad_fast
4076,eab6ee63da52c7ecb361a311cbe1c03b669b8edc,smistad_fast
4077,eabfa7433396781d1a209f94b92105d86394fd72,smistad_fast
4078,eac154bc946139523b0e8de3266863776f8a432c,smistad_fast
4079,eb1457cc7825f6e078a373a1aec97efebadd4281,smistad_fast
4080,eb2863c949f4913af3c2c19ea60ccbd4b246e41d,smistad_fast
4081,eb351ebfa41dd1b830c1aa4b6ca60d0f3acb4e33,smistad_fast
4082,eb39bcb9fc550acb985feaceb6ab32e447c20b6f,smistad_fast
4083,eb44e9ddcd94435979426923f13da5a9b39d3e76,smistad_fast
4084,eb52ea0304e0a693a0c9b6e7cac15de396263809,smistad_fast
4085,eb5586edbb51bc8b1af6ee949bc6dd70efdf5df0,smistad_fast
4086,eb59b713047e8f7cda6e6831c86d81ae21040ef9,smistad_fast
4087,eb5a865287895d137d6cc396c6f8bb87e3467e5b,smistad_fast
4088,eb5e124ba24ec0b4a1843312607aee3c62cecfb4,smistad_fast
4089,eb7019f2cf487efdbaf76ae2ca770f8e7f19d6a8,smistad_fast
4090,eb8a44bb58e184c630edebc947d88510d80b0f67,smistad_fast
4091,eb8aa8a41683706fe303cefcf55e5bde2a51725f,smistad_fast
4092,eba21bc2e476a7d9437681917392726070881b0d,smistad_fast
4093,ebc0539ad1e4105e67a7d566f625d7e63f03244b,smistad_fast
4094,ebcba7e437c75f36692461954a8849804c1590d6,smistad_fast
4095,ebdb102438dbecb9fe81bce559535e418cb92860,smistad_fast
4096,ec0e65b8b999239a32a2158102cc4a6c8557fb30,smistad_fast
4097,ec2baf6e711f0ebdd267bf922845dc971a0bf8db,smistad_fast
4098,ec2c169475d427adbdd587f8e3cc024b33cba660,smistad_fast
4099,ec36a0fd75019dd049e73f012df10c9f80a0edd1,smistad_fast
4100,ec3844e8aab6839a791a62c09f23d53b100e8c5a,smistad_fast
4101,ec3e30c935c1c6383b94ff32c4e298e04be0a82a,smistad_fast
4102,ec50bdb373e13cf492c2781ac47cf9da2e73f4ff,smistad_fast
4103,ec5a69df993450727c4648a0de569aab4f34292e,smistad_fast
4104,ec6970c3bb4e50440919aa2cfe0812fa045b6d37,smistad_fast
4105,ec74830a70c4cdcc68ecbaa204c30c93122397ea,smistad_fast
4106,ec7acb0f89af3fa7f8d04f76f6f6ac7a6e8b7919,smistad_fast
4107,ec8cd50f2490eefa952228aec34c435a770969d2,smistad_fast
4108,ec8d5c5a9adecd36664d2d6ca76582075e7dc253,smistad_fast
4109,ec936bd9de94dd5654303f845d18de1ea4554a31,smistad_fast
4110,ec9fa6fb96960c5b3a6dc661a87c9b17eb12fb52,smistad_fast
4111,eca0ddce3cbd2a3d34c99576c1a00f5b6c51ae8f,smistad_fast
4112,eca96d70c08f287a2360db137615883017ff52ae,smistad_fast
4113,ecaccbb31a23026d71132a943cd9811633ada089,smistad_fast
4114,ecb8b106166ab6de1b487a7e1c13ba3c58c89f37,smistad_fast
4115,ecbd4f5dc29a3405362beaca93869d244ee96955,smistad_fast
4116,ecd2ff6a24178e5d8702c63573b08723e23b6959,smistad_fast
4117,ecd4f2c19f3375bb7f6c4d674a148b61ea9ae7ab,smistad_fast
4118,ecd5029b96945ba1f548162355eacd087916b9dd,smistad_fast
4119,ecd7bdb86486c6cdfd94ce665498326167a2679b,smistad_fast
4120,ece948e932d9aada60bd62b4b0f4746578c52b6b,smistad_fast
4121,ecf632cfe98dc48c5b523ce422faa9d233ecb256,smistad_fast
4122,ed0c2da0741c1966d1848cfdfdcedd6267ff82e1,smistad_fast
4123,ed0cd95894200a1bc3b9cef6e68c1265dd320e44,smistad_fast
4124,ed133ffe62afec14d066ff8bc166a6d01ace6836,smistad_fast
4125,ed2af629c9b207cda393570b25e72e8096f399ec,smistad_fast
4126,ed312106696b4bf8aeebe892880c203d1d9d3f62,smistad_fast
4127,ed37a4569eb3666b0120863acd8a5bf713590bb2,smistad_fast
4128,ed397b073691854ca9b44c01a58cdfb2ebed0c67,smistad_fast
4129,ed3ad84b95a5400899cf098f68ba7fd89d3010ed,smistad_fast
4130,ed42298c6a6eba0f7936b40a96826531aa19df0b,smistad_fast
4131,ed4686513cce99691f9553d3aa27bde03a6aa0a5,smistad_fast
4132,ed47ac75ab40d0982dc0eac4ad9ffdab65a9c8e1,smistad_fast
4133,ed5a489ffd7b92e5baf82533bede38108dec63cf,smistad_fast
4134,ed69d3dea9c9edbc26673d3c9049664c7356a745,smistad_fast
4135,ed9035907849f74f04ae828b73ccda9a7e8694c7,smistad_fast
4136,eda01d5289771c8968bf108b43bbe300dfa42979,smistad_fast
4137,edac1bd0c51392a9685a67d8e82188ba75de44a8,smistad_fast
4138,edb11e6ed6e065a1575b7db169d2ccbb9663e138,smistad_fast
4139,edb389c69907db2295606b1bc9fb1f192983b407,smistad_fast
4140,edd30ecc9b786d89263155865c23ea4b7a3cadaa,smistad_fast
4141,ede97164b2c49651e46c29c173769812bb7ca289,smistad_fast
4142,edf6e66071ffe7b9c6ebc0bc1d6ddcf2f1e5c6c8,smistad_fast
4143,edfc8fbc6922c7a72220427039285febf17dd59e,smistad_fast
4144,ee0a2a1db55e9e580c2381d8d26a505c52775afc,smistad_fast
4145,ee0e818f3f07073c6014afe841125682707f85e1,smistad_fast
4146,ee43e404ba34469f079e319de6fce211f6b97aa6,smistad_fast
4147,ee4ec62d521cacc031b9f914294ac81785e5e49f,smistad_fast
4148,ee53c1762685846aeb584ff3f8c352ffd1b3b3fd,smistad_fast
4149,ee587ef583e368bfa5be0e9fa274306d5ce766b1,smistad_fast
4150,ee66a740fe8df491dbcea34a464f8f56cfd887d6,smistad_fast
4151,ee6d8d7ec146db0fe0f4ca920143011986a524bf,smistad_fast
4152,ee72f571ebeb5c9ebd71e5accdb7763a33acc878,smistad_fast
4153,ee7ba021d83a63d3c0f880cbc42cce374e83fb29,smistad_fast
4154,ee7dc66955dbc65f5a0aa5c7f84aabd484d3b1ad,smistad_fast
4155,ee8108fc42b9e4b2f7677f77852ecce6fc37b8ee,smistad_fast
4156,ee938980b39e42c83dcaf1d6fb450eb24e708780,smistad_fast
4157,eeba7c3ce450ed34f028830c04d0d087ea05e0b6,smistad_fast
4158,eee2a0f14886ef1ab6702cf5e7d4bb5a3e1cba1b,smistad_fast
4159,eef3d947c759b529763b170cce854d125bdfcdd8,smistad_fast
4160,ef0b19eac95c6d763c1ca275e37376d83c8d3191,smistad_fast
4161,ef11838dbbd80c82704bbc16fb17a4773b02f050,smistad_fast
4162,ef42ff81bfdc0425d4337c1bd7dfe1c6c97af529,smistad_fast
4163,ef5fc3bf4e2e4ad5cadccc68cbdb73339249b7be,smistad_fast
4164,ef645453a3a22ed444bf5c66030ebc185e0442c6,smistad_fast
4165,ef67a3e837bab03722c87d55f6446b8b5545309f,smistad_fast
4166,ef6952e14c86c5e749f392a6610a98e8d8efb157,smistad_fast
4167,ef6bbb08d00d10ffbd4735e1285cb133e1f20aaf,smistad_fast
4168,ef9f5868081738043d99f131f83193d31611cf00,smistad_fast
4169,efa77e01be969734404c2579ca1ec73aa3542359,smistad_fast
4170,efb07ec4a50233152c3e2e2fd1821b1cc2228e5b,smistad_fast
4171,efca1df35e463af335e156b6fc623c3d28c58f25,smistad_fast
4172,efda05d6461e84aedbdfcb24d3af9f8cf4aaed67,smistad_fast
4173,efdc1d778f49535a8fd50d726fc329b32c705144,smistad_fast
4174,efe0d1f80795e76b489f91d191d07c4d74b3a052,smistad_fast
4175,eff0aa11e7697f94cb1c14f69a961b8769dab11d,smistad_fast
4176,effcaf95d3abada78138521d9993585ed1ca5f5f,smistad_fast
4177,f01ac4edafaa5861e14ae4ad72e4a3ad023f68e1,smistad_fast
4178,f02fe59b40d7233c42e0c8477bf930382c156d97,smistad_fast
4179,f036b889d49206b4c1f995fa3c38bbbe56b74114,smistad_fast
4180,f046689a0cb741cce8ac0deb659ae64c59964b25,smistad_fast
4181,f047e81eae620041b33874d5f711ef0a5b34b56b,smistad_fast
4182,f068512a7b75331474eda44e82d4cfb135c27650,smistad_fast
4183,f07565564a04373bae6add0a3f695538fffc520f,smistad_fast
4184,f08a3a6f37dff38b4246c1be25650a1e21260c6e,smistad_fast
4185,f09d640ee26442f739e234ef4e584cffc37d25eb,smistad_fast
4186,f0a21bc34948ad8aadbde43f6ff28b3d5b33f540,smistad_fast
4187,f0a26b7b0d0457f47c2b930a4160a95172184ded,smistad_fast
4188,f0e5b9a6935a7c5c24cde5583448da987d8fd575,smistad_fast
4189,f0f1134a8539218e250ae939dac67e48bf702c47,smistad_fast
4190,f0f9068ff542a29c17d4b63fa49550b2bead5387,smistad_fast
4191,f0fbd0527c143b59bb6618b3b07098af7f0d807a,smistad_fast
4192,f0fea37911f1a3f7434f9d0610d8584c05f63ae2,smistad_fast
4193,f114c73a0aa74909e054930a27b88fdd9469e710,smistad_fast
4194,f13d58015263516fdc3cb0b91bc2317c982e3315,smistad_fast
4195,f14c03a33925135c64acb7c9200d74a8f3b4d599,smistad_fast
4196,f1651c39d917c53ccef95b38d6bd6615092c8af4,smistad_fast
4197,f16594b4c07647832de5547728cc722c867eee89,smistad_fast
4198,f167def41996fb02622261e2b0f54873a28ce400,smistad_fast
4199,f1720074e3e37baabe09db3662e4a2267a083c02,smistad_fast
4200,f1750218122333b76fdab8bef346a5c1cd86dc41,smistad_fast
4201,f17b22ec1af8c8444721129fb93e81b147effec7,smistad_fast
4202,f1874aef52d9050318abae1a1fd187c0457d3092,smistad_fast
4203,f189806d740cf3ef074dd21331900f4fd83d6694,smistad_fast
4204,f18fc5851517c31debd18ad7c3e4be12370fa5b1,smistad_fast
4205,f19609c204d9883f01673bc2f8e3a263bab29b2c,smistad_fast
4206,f19894d8ff5a53982d6d1017a52e919777b1cb22,smistad_fast
4207,f1995aacf2d86b94f870a13db5631b893d72841d,smistad_fast
4208,f19d4ed9df3e06abc6d2c29eb952b5a536ff5658,smistad_fast
4209,f1ae30faf1d78e0b64e475037709e30dbf93eac2,smistad_fast
4210,f1b57a0b6ed7e48c40316c040706c20444988f00,smistad_fast
4211,f1ddaa18750655c6212abcbe622d9d25e30c33e2,smistad_fast
4212,f1e3ff655b8db58017d6baa87638688f99e99fc6,smistad_fast
4213,f1e4ab8b6a424e7e33f8a6c90681839a5bb7a46a,smistad_fast
4214,f1e830021c3c0c0013765f174deb8564814e878e,smistad_fast
4215,f1eb5710a065d21721ae2bc9fc99b5b367448dfe,smistad_fast
4216,f221db7711ffb25b789078381904ba3bc80832b3,smistad_fast
4217,f229934eadef78781086b7e9b508518d3de82f85,smistad_fast
4218,f22c50e73f30be490f76cc248019289b9e5b1c6d,smistad_fast
4219,f25224a97ad8aa6b6fce636c835e1c4efb7a0c45,smistad_fast
4220,f25dce6a25a36a91bd56763531e0231640ae1b0c,smistad_fast
4221,f282b8114f61aabfc9743ee13292b2733486012b,smistad_fast
4222,f28f64f3e36eb4891c60b3448cf2a12ff8f824d6,smistad_fast
4223,f297f0dbbd595f748db599cd2b1f638c88f934ee,smistad_fast
4224,f29a0c26fe3faa8cc34dfc0d307606754c8bd402,smistad_fast
4225,f2ad0216349759bbdcb9a67b031fe5d4b49c4d3f,smistad_fast
4226,f2b198ed6162034c3e2b5ed4c556945f8a065045,smistad_fast
4227,f2c849563f9b2e4db136dfb2a350ced229c91480,smistad_fast
4228,f2d9458300f1e62b044ef9095f8f08382ec1a4f5,smistad_fast
4229,f2e807214e3cec2c4adc1b27fe58841e29a6a460,smistad_fast
4230,f2f5e292321331e38aa4172c5229fb6c9071c3bd,smistad_fast
4231,f32e6a9adee990d025ebfb41128a98814f8c4588,smistad_fast
4232,f342fb2010c1fd9418dad9478fdc43a8cb042aa4,smistad_fast
4233,f354f405382fbd166dbf7bf65c208843658442e2,smistad_fast
4234,f395a76d990032b6b72b4d793bd58099bcafa61e,smistad_fast
4235,f3af43a03f5bf33dc093e9ecad2e2fca67e26ee2,smistad_fast
4236,f3afc9a90ec016002a24f0cf7e955d4a15a70fcd,smistad_fast
4237,f3dd727bf5fb10ac36410d21cbe597a009c4ca22,smistad_fast
4238,f3efc3ffe47205ae0395f21a7bbf090f049cfd71,smistad_fast
4239,f3fb0e2e2c6eb02d626a40bc6dcae773af219f36,smistad_fast
4240,f405bbd7a844143ec0beb2776a792b308c7e1311,smistad_fast
4241,f407464cfd32653f5a43d160258590d73a734c4b,smistad_fast
4242,f4133539ac4e0a2af5937b7ca273770e59875b3c,smistad_fast
4243,f429e327626f13b15afdcea14bf22d7babc4f180,smistad_fast
4244,f432284afa78de08e539e5c2e100aa4da0f629ea,smistad_fast
4245,f4331e9ba587d3deaa1e5e6f5db7523484c318d9,smistad_fast
4246,f44130cea2848d9dfeab945fa1b6aafb38f18e90,smistad_fast
4247,f447f9a97feff2933e8a328bf12d1091d14dc7d0,smistad_fast
4248,f46ced5415cc443bbd2a1684d613b9287dfc862f,smistad_fast
4249,f48a151f3006f774e8b35ef4bd6c6aaaea823c2c,smistad_fast
4250,f48b970502d71ecf77a594d3c862eb1f940107db,smistad_fast
4251,f490d9bfdf6b6c65cb02b5922b67eb79dfba1334,smistad_fast
4252,f4a784f49988d4a1bb35912707916d2ddc185e01,smistad_fast
4253,f4b48e4f36f0abfcdd63077503e6779d846f7acb,smistad_fast
4254,f4c917518232c78f9cdedd7a872a680ab08401ce,smistad_fast
4255,f4ccd07bdbc06c8405317c056fd4c71bc3354cdd,smistad_fast
4256,f4dedc725ef426c1720a78ea40a7ad8025a15bce,smistad_fast
4257,f4dfcb0e7dedf70169ff94efbe6f3e430becf5b8,smistad_fast
4258,f4e84129a82e827eedbc00f510a81b8f48bf1fa1,smistad_fast
4259,f4eb785a4c323d5536628158c6bd5788673aa1a7,smistad_fast
4260,f4f06cd2edba54ffd21bebe52495a1b25809a900,smistad_fast
4261,f4f3e423341c423a75569850985df65419e784be,smistad_fast
4262,f50384f83c428b53ee54d1ca7d157691868f5b22,smistad_fast
4263,f5077b7ebeee119b45c5e43445fc2eeafe900670,smistad_fast
4264,f51d7583320405da473fc81f3d71cacfaff97467,smistad_fast
4265,f51fdc1a4d6674509e0797f0b013497eae00f11e,smistad_fast
4266,f52cda945189065cf5b0287c04c039649b9d4de2,smistad_fast
4267,f543a9d110da1f7dd36112ec5c637261615a9eae,smistad_fast
4268,f566138e5c1df57235bffb9dbd93c85f5c2183ed,smistad_fast
4269,f56b4f96590791255e2948b219e20f45c12319c3,smistad_fast
4270,f577737eb9b1965d9e946450cda2bab1cb5e5804,smistad_fast
4271,f582b63dbd10518572a132285914080aeab8af07,smistad_fast
4272,f58cffb2ecebd644b79df8b703fa432c9799ca15,smistad_fast
4273,f58d6c655e94fceaf55d67c88ae397525497e9b8,smistad_fast
4274,f5d2985f62c4833b06d324525df6adbbc634e956,smistad_fast
4275,f5dcc218014934aa1cae7d94fe1789de3e4466bf,smistad_fast
4276,f5fa6098b2bfac6fa59505edc9671df288ebf05a,smistad_fast
4277,f5fb3562b24eccdd841c36a65d2e2cf0e9c37b23,smistad_fast
4278,f6079af42b8aedda29eedab61be45c6acb913386,smistad_fast
4279,f611187d814b53071bc988add8cf289a415d4fab,smistad_fast
4280,f61f74dfb9877e37e2eec72cdeb8ef09ab6ee3e3,smistad_fast
4281,f65acfb0fe3c59226adb3f1544e5ddb78b814a48,smistad_fast
4282,f672c7dcf5107302f76f70426a4844c587b6ac19,smistad_fast
4283,f676a85031846e6fda7d8610932e0520ec8a69cf,smistad_fast
4284,f681981dbac3a1d58466829104b0749e070ba113,smistad_fast
4285,f6825fe1de2e95f03e93cb7ffd79321f9923fa08,smistad_fast
4286,f68e5f0152a48f3d460eec131c108bc4b9374b54,smistad_fast
4287,f694696606e9b4586b8bd9b3be8d9db0c459625f,smistad_fast
4288,f69858465d4c713ff7ea4c5d07654df1abf0142b,smistad_fast
4289,f6998a74d2743b972608840129008762ad9cedf2,smistad_fast
4290,f6ab221947798427a60c532f85ac55b4922ffe26,smistad_fast
4291,f6c22259e97fa031ef9e63453e2f84fcff9174bd,smistad_fast
4292,f6c45ef281c7eccece88bcf3f4f6df1e8404f012,smistad_fast
4293,f6f1eccc8adc923806f60265dc9086cc728cd8c2,smistad_fast
4294,f6f53567fb1a7835a5826c38fb040bd449f1e562,smistad_fast
4295,f6fde743527d7b67d0b3f098f7ba5c19aa7ab486,smistad_fast
4296,f707a450cf3a47a86a71a1a6397b3fee5623b2ae,smistad_fast
4297,f71adcd5b8ccb59f2a1146b58c5dfa0f052323ff,smistad_fast
4298,f726799a2e5ad296dfb88a1585b0d25f858743a0,smistad_fast
4299,f73033e7838627305ce3b346bd6f1a86fd814aba,smistad_fast
4300,f7414117ecac0696b7bb14895df459b23676ce72,smistad_fast
4301,f74dd52a9715448203cf37c04fd5fd1dab9bbf24,smistad_fast
4302,f751ff1fb55ac5d572a8132b7d248dafaebc943e,smistad_fast
4303,f76c1f3dac7ce1e8243448ed0b6ddcc58abfaa08,smistad_fast
4304,f773400736845d8a3a1228362131b5ec7ab456b3,smistad_fast
4305,f79a35afb75717f8d61f43832639360d7d94fe98,smistad_fast
4306,f79b8eccc9a3135aab2ebe4b291d7ccd89a16488,smistad_fast
4307,f7aebc4e27c8ed1aa8ede3b03b9e47e391fec3bd,smistad_fast
4308,f7b097c39394846dc445e723c4edfe5474508fa9,smistad_fast
4309,f80827bbcb3aa7c1671fd6e688fb6e355b6283f6,smistad_fast
4310,f811c10307a43dbf53ddfef113169638104dc15f,smistad_fast
4311,f81836597db0529f2b8e23d5ee9236cef7377b48,smistad_fast
4312,f841cff69b822f194c9da291231d307d24ebed77,smistad_fast
4313,f85c143ae6f81f0d0049c31685f0affe8300ccb1,smistad_fast
4314,f85ec59bee35d234b3a764d3001049a8e606ea51,smistad_fast
4315,f8632d8e55a9f45a0acbb980060621d3480d5e47,smistad_fast
4316,f884f6061bd7b012e8e89298af59d3397d421377,smistad_fast
4317,f898004d87019e5814e20d573ec27f64b3837223,smistad_fast
4318,f89f6b2f1ef4971f6969f00dbfcc78886c450634,smistad_fast
4319,f8a93157dbd92a66de243a34195e27f5b4d5ec7f,smistad_fast
4320,f8b74795f78a8040dbb7356aa21fda20cece6633,smistad_fast
4321,f8c472f03a05dcb864f618d0e4fcf6e8f92e69a6,smistad_fast
4322,f8d872a080582f67b99bd011f432e3d9e2a93e71,smistad_fast
4323,f8fac29a95ccfe91cf96bd1eff85222268f0a038,smistad_fast
4324,f9139d8b9f401a97046c982acf1784c4d5991a6c,smistad_fast
4325,f91e7c11899a05f9618189ed4de2409344eee8c8,smistad_fast
4326,f91f94859aa48093c5e4d5888b093c76199227ae,smistad_fast
4327,f92948b65356e17d0e7c2bd1353af29f04d9b8af,smistad_fast
4328,f942a9fdea37c832e7742b6a77021a4bef52811d,smistad_fast
4329,f9678924fcc5b13c882ae4af3a70bb3cea138a27,smistad_fast
4330,f979f42e311ee2185745faeb8db7c6e8a3e606bf,smistad_fast
4331,f97ed5f743a169303c7b81eb78781e226aa46618,smistad_fast
4332,f98df336630741d812bc0a47aecf72715e9628a5,smistad_fast
4333,f9999a419c2678ba657663da77541c92cda6d6a2,smistad_fast
4334,f9a3992f3fc72593cd4f3bf06a6ebe08442a4277,smistad_fast
4335,f9b0d9842b98b5463212fdac81e07011b75b121f,smistad_fast
4336,f9ce3925e387a3d95f080d2475b972e5ee6cc604,smistad_fast
4337,f9dd7a065602598e77e36fe629df047868b80368,smistad_fast
4338,f9e8be74c62fbd6cd80fde9b6cf907f13faa62a9,smistad_fast
4339,fa026df6c8a9b473f386ffebf34876f94bb1c0a0,smistad_fast
4340,fa0bd03aaad4cc47c673c46baa41d61c2c623146,smistad_fast
4341,fa1d114ce141b38fa52130e5b58ba69edc95bbc6,smistad_fast
4342,fa34a6602cfe0b00eeac21219742eba836ac6e25,smistad_fast
4343,fa382583953b64c66c9c5431ffda8284420060b2,smistad_fast
4344,fa3f3108347e96c4484ea284ad7c5138c64645de,smistad_fast
4345,fa530d5a62bfb1d6a60e10f982f439c002fc3e87,smistad_fast
4346,fa7ba930e161a8c6575a455e9b4bc5b20f127935,smistad_fast
4347,fa85fe545d27a304becb30f4b0e52fd5177aae98,smistad_fast
4348,fa9a067114375f9f01658c49853ec0e585441f12,smistad_fast
4349,faa6dd10a28ea5025cc88a420c739a818183ee67,smistad_fast
4350,fabba5247f67b6dc070749be1f4c803b47f6f460,smistad_fast
4351,fac2fe6585405f37f69b4e3d0f68d768c31d1d6c,smistad_fast
4352,fac7290a9e67d060d6eb6fae0b0b219fe7e0f32e,smistad_fast
4353,faca8cd0f17e940f19e8e80ef879de6f2309c839,smistad_fast
4354,facccdffecb8e0e74833cf19fc7525ce0dfb4ed3,smistad_fast
4355,fad4ee97e5c2c3a39fc8bfa78f40b903f3b64b7c,smistad_fast
4356,fae62d19e19f5b4d7fa3ba420c43722af9def2fb,smistad_fast
4357,faee2539e39e1372c1e8c957b3c2fc7dc9aa0fda,smistad_fast
4358,fafcead54ff10707be01c82413d440c95071f1fe,smistad_fast
4359,fb14b412c0f75f9c7482b472f01ff768e0981381,smistad_fast
4360,fb2199a6e7a3d9ed7aedf2e68406bf6f282ad004,smistad_fast
4361,fb29f5a94fdd2e7e7020a304a7b2aa2b77b34443,smistad_fast
4362,fb2a14c042e51f5b87c6a5c7be52ef3448b1e151,smistad_fast
4363,fb32015e14de38a43952a8b1432712efde50aa3a,smistad_fast
4364,fb33abac67cc42a3c048e0224e7019b893f74217,smistad_fast
4365,fb372b62b548fa25836533704b7890ae4436e4f0,smistad_fast
4366,fb55b879a99bc057324fc86a1e9b141ca180da52,smistad_fast
4367,fb595b035232188d0c04e244c397452ce3d6fb5a,smistad_fast
4368,fb5b01bf8c4123d6d41db53c2a36e138f2ec6c9e,smistad_fast
4369,fb6f9b4cf0813165d9f851e92fbf398a92437d56,smistad_fast
4370,fb7e5883faa4cc504fd68ced4036d0d8ba756cbd,smistad_fast
4371,fb94a4ec908dfd3a01bbaa672a94dc3cb90448fb,smistad_fast
4372,fbb8405f82aabfe2ff76400f7045e2d9c5d7eae2,smistad_fast
4373,fbe96e5c551f18041a00043dc61748baae8b4419,smistad_fast
4374,fbee1144acabbdc5f8b29e683a9111f490d98c73,smistad_fast
4375,fbfe74e2db0f59b95fd8f14e2c916baa4d475788,smistad_fast
4376,fc04f61105e19217bdda96124006016d3dd6ec45,smistad_fast
4377,fc0a0356cabf62b0d06e7ecd62715fe0b47ae351,smistad_fast
4378,fc0ab944d3854ab0a49f3c50db8a7df187c70b4c,smistad_fast
4379,fc13563870884ee524e6d18228e4cfa388052911,smistad_fast
4380,fc22e434f51e21bb519add11ddc5896d040e019d,smistad_fast
4381,fc23318b643ca07375af834595edf5fd307a33a8,smistad_fast
4382,fc3e3b8929ab07d29a914274c1060cef7f1199e4,smistad_fast
4383,fc518af7b8c2e637c9a9745f024a3740269b63d0,smistad_fast
4384,fc562e8c030d709234444bbb44c496a4caa924d4,smistad_fast
4385,fc665598bf81f90db6ff2d88f8ad0dd3e9f53e32,smistad_fast
4386,fc67de7a33d6f9913858f8a08d270907133795da,smistad_fast
4387,fc72fefa7f8acd0469b4c25be43b7bd9b2017e83,smistad_fast
4388,fc7c1db6b6e1b582690e6b06d75514e0b09440d5,smistad_fast
4389,fc89d2e5ab0b66d6f3fa67e4d56f997f7eab3c64,smistad_fast
4390,fc98b7d6a260d1f7a196210b81e34f575bf93709,smistad_fast
4391,fca791d07daacca9f1344e82e4624ac3f726e016,smistad_fast
4392,fcb4f53929e975db912d53300697a9d3cb9ce9fe,smistad_fast
4393,fcb781931fb5658563af40629552831b6e15e920,smistad_fast
4394,fcc5237e1eec0079bc02411431d2ea20c8f74441,smistad_fast
4395,fcd75707d3049618fa1b7b7dc385984dfc8194d9,smistad_fast
4396,fce40ffaec7e36a84bb3ae86b20fd9253a4536de,smistad_fast
4397,fce759f8649ffcee2f8dff3888530f848cf3c442,smistad_fast
4398,fcec19a62fab19e3692c7de5f63219cebd385af7,smistad_fast
4399,fcf9a5429874218e2024a68be14cfa9d3c65a7d7,smistad_fast
4400,fcfe92def5e374d0f8e9791320d943cecdbda773,smistad_fast
4401,fd0f263d09b992d10f4b506de89550c67e251dc5,smistad_fast
4402,fd36334bf605484e7f9b7b0ae65db2e082f387c5,smistad_fast
4403,fd44c3b506ba072dab65b9cf927d82a8f23eaf14,smistad_fast
4404,fd4d45c091d3ccfa101ebc8d615c8942ecd653bd,smistad_fast
4405,fd4e363b32f2e6c6e2af622ede964ad266f0395e,smistad_fast
4406,fd5fc693037482e5f62c66478cd32ee303f96bb6,smistad_fast
4407,fd77a729fca2678af5279a8ea4ae25b34c79da97,smistad_fast
4408,fd8709fd6b46ea78faf865e0fd5ab306a3aa092a,smistad_fast
4409,fda09a94fdcc984d99a97c0f0ac18a91300cefe3,smistad_fast
4410,fda52094003bff487b9f36be01ad83d610bd5f79,smistad_fast
4411,fdc003548699cec917e0e6317393a2104cd93437,smistad_fast
4412,fdcc612c9efbaa6ad307f22c6c572870cc555c31,smistad_fast
4413,fdd1adf8e2d1d139be5d49e9141c1f71c4b5f15d,smistad_fast
4414,fdd380982156f67913af62d146a25bd69abca40a,smistad_fast
4415,fdea06e4c3266fd33865a52d906234e190041c87,smistad_fast
4416,fdeb0928064d1d954cdfc6eddc4480a88d114576,smistad_fast
4417,fdfac7b16a6bf04b2930978924295ce3de7e11a0,smistad_fast
4418,fdfc96d22cde2d94cdb65adad45c7a459e228130,smistad_fast
4419,fe07006ba6ee3a4e85321e0d5f7538282d28e9d5,smistad_fast
4420,fe08a444ee319ecc509b5a21bcc635cc6697c3c3,smistad_fast
4421,fe0a232b2d17d243b39484aab873e8bc465c159b,smistad_fast
4422,fe10c5ce9bf9e87e0206ae63092945c175a1a0d7,smistad_fast
4423,fe2b0a5736b409f72d0965af0fb8f6d4cfe90a64,smistad_fast
4424,fe3f925d5dc5a1dc99fd3768214dee9be79aa0e8,smistad_fast
4425,fe4574ddb50b37c8075baedf15f783f7cf54b987,smistad_fast
4426,fe4c6492a7881d94ebaef3b3aba3fa98334c31c5,smistad_fast
4427,fe6391d0b8811881357c1104388603aa45b57e40,smistad_fast
4428,fe70603cf329be4a816696d71411658c8a8d45f2,smistad_fast
4429,fe7ab71965c809458572c8ef5ab5f306276d36aa,smistad_fast
4430,fe8eea751921fe1c64e95a1d7117d12f2e59c261,smistad_fast
4431,fe8f2aa23cf9f6190575c0183849cafa8da9a203,smistad_fast
4432,fe922f0a62e8d14cfcccbe64816694b446eba7a1,smistad_fast
4433,fe95b4db140650691f88f13e6e6479197a3decd1,smistad_fast
4434,fe9c9b2ed32b9d7e904d86ef07b007135ac81238,smistad_fast
4435,feb8281632a72f495652bd7bc5f8a22350ae393b,smistad_fast
4436,fec6196c7e3f674e28dbaa364cf2a1111c1f5ac5,smistad_fast
4437,fedaa3d069d66357caa8e25e3f33e703e107fb67,smistad_fast
4438,fee277d52a281c5b6e8b46404d9da11ebec0853a,smistad_fast
4439,feeb19ccd4fd4720776887d5ffec541c0b380998,smistad_fast
4440,feeca74d125ccac026f057dee4fc8a5bfe16d668,smistad_fast
4441,ff175f0cad71506e19f2c4b1ec3adfbb57bf5d90,smistad_fast
4442,ff1db492a56fdb96b0f798db78f0bc9e83113906,smistad_fast
4443,ff5ebcd260d821adec2e0c56e86fcccb81d366bc,smistad_fast
4444,ff6616c333b683010eb2d237b0f0a34d9d004eb1,smistad_fast
4445,ff6963016bcc8fd973eacb986edfff7d9236fa84,smistad_fast
4446,ff8b287f0aa7846edf114ca52b34ef2ecf01dc0f,smistad_fast
4447,ffa332162b697716ac02e6d41473ca88faea7ff4,smistad_fast
4448,ffab9876cca47693290fe8f2616899b4b62808a8,smistad_fast
4449,ffb785732ce8f3e4da1a75a6691884e7ceb512c6,smistad_fast
4450,ffb83fdf2282767bb705f7067300878e768a8b33,smistad_fast
4451,ffcde68b9e3f840bad01d49265dbfe3bece931ec,smistad_fast
4452,ffe1abbe12df3a78648d62300b29d1adfde754b2,smistad_fast
4453,fff36e1f6880e23fe5f4b6e7d864a065cce5faea,smistad_fast
0,001aea4ac3244788bc93fe3131c5df53a1fc6b9a,mouseland_kilosort
1,004cd77c15dee49e6e0919620f90dceb03a114f7,mouseland_kilosort
2,0068232073d964581291ab25ad87fa5aeeebedda,mouseland_kilosort
3,00764cb178613372bda9d848453626510f807173,mouseland_kilosort
4,008ef8f51e183a40ba229c37e9a2fd3c1a7b7268,mouseland_kilosort
5,00a0026ff4039a9e191a8da539c8e825e4d3f73e,mouseland_kilosort
6,00eb177efdcfb87091411857b74ae286d1b88167,mouseland_kilosort
7,00f0ca835a719935c87046fe62a567fbb39ea9f0,mouseland_kilosort
8,00ff5635868ca65d365ed3e83cd0b5330d006649,mouseland_kilosort
9,01096f5cce135c1aed23707aa65049e076b17cf6,mouseland_kilosort
10,010b0c7749de8288ffb170f9b8ff60e4a4abd5f1,mouseland_kilosort
11,0112982dea5d200cd01949f8a3eccc418acb60a9,mouseland_kilosort
12,018fe09ff06cf6849dd5cf110a7898d8cffe4541,mouseland_kilosort
13,01a3b4a31eec3ba2e7a6b4068012b31ac1f98253,mouseland_kilosort
14,021203257025df570349355b092b9be4c9ef471a,mouseland_kilosort
15,0226eb581a2575aab9c9e7b3ac80bf6f977013b8,mouseland_kilosort
16,02438ece785dab6973b2a56d06790883e7940c66,mouseland_kilosort
17,0252603f71608cfa559dbe682ffb28b1e76b5565,mouseland_kilosort
18,028e650b2597522c44cb1f24839206e0be43ebfc,mouseland_kilosort
19,02919111e7e50b0d0070c5e40e56e9a36353ba86,mouseland_kilosort
20,029bab270f84d106b63b7299b2a4cb3bcbd787a8,mouseland_kilosort
21,02be3e802a9527aba0aaf23f7d287dbf8c4537b3,mouseland_kilosort
22,03090d0a641795c73d19bfaf26b926188ea19e5c,mouseland_kilosort
23,030c449b54ff1cd13380cd5e2911cde99510d85d,mouseland_kilosort
24,0317108bb84cbf3d2e39a47ea7063781e655b2a7,mouseland_kilosort
25,03307142f57432dde320e37a772dbfd872ce3841,mouseland_kilosort
26,03671edf069190f52b79a8350e0d056afb0b9510,mouseland_kilosort
27,03dac932b145cb23ffd5e13f3917f7642e9804b1,mouseland_kilosort
28,03eb996365f78be339e6135ab46c99f775459048,mouseland_kilosort
29,040bd2e0d8bf8bec0e8c48e5fe0417afa9dfaef3,mouseland_kilosort
30,040c4b3a0425a8fa619d26bc7e468b8d6db3bc25,mouseland_kilosort
31,040c56245a51e695ac2cebc9eed72d5a0a7b61c5,mouseland_kilosort
32,045220b14677cc5dc36dac189a6f824fbb1e41e8,mouseland_kilosort
33,0458fdbbf05609b61d03f62fd911a5f15d099ccb,mouseland_kilosort
34,046ee63c7e3ddf8b479b3c8b54140bd3d56de84e,mouseland_kilosort
35,04913e3373e6f5730c3c25c830eef3c43bc97c6b,mouseland_kilosort
36,04ad4767d09b9902c801f99eff99897d6d8defdf,mouseland_kilosort
37,04b0d602912d8cca0d5c6e3b27d6f6267b5063d7,mouseland_kilosort
38,04f1a6111908743b1a5ed493323b0a2c1470bc07,mouseland_kilosort
39,051364c7d9af7d4686f666560fd914dbdbf4fe78,mouseland_kilosort
40,052212260aabfa83b605419b744a75b553b331cf,mouseland_kilosort
41,0538bd1a8785d3acbaa031a2355acc19cb2f627f,mouseland_kilosort
42,053c7b34c1502cdbc16cb2238d972454988edcda,mouseland_kilosort
43,055af853af7da8f94b785b772d7687b940d8c588,mouseland_kilosort
44,05698a5e787a548c09e37e458a430a2a8152773e,mouseland_kilosort
45,057830a8a9165bd29fd725f1dec58c764cabaa02,mouseland_kilosort
46,058244ebfc58b1beb61461dc75409dea652ea58d,mouseland_kilosort
47,0588edc3c0a351258d09a1169a04d8babd0805ea,mouseland_kilosort
48,059f05ffcdb7b0f0e715016da17d35f72e6e7994,mouseland_kilosort
49,05abc6e1fe0e03b84be761024eda861970f04884,mouseland_kilosort
50,060f53e1debcb3b749ca1cccc9966809ecf37d62,mouseland_kilosort
51,06123aa611f6f91862ee4692f4d41adce40e5d66,mouseland_kilosort
52,06196a1ce7ce8c0995853c4739a0a16633472f48,mouseland_kilosort
53,061c1edb49b188688b54b22873ac1fa7b65e433e,mouseland_kilosort
54,061e541cccd550d84841758ab178167c7763574e,mouseland_kilosort
55,0647fe392a5279c4dd4b1018a7f409f00785f10c,mouseland_kilosort
56,0651e42e4af9e7cac29d95c197204ce3bcd7ee10,mouseland_kilosort
57,065ccfe122060427699614cc5d6ba98d0eee1a39,mouseland_kilosort
58,06730b55e8838e768a478aa3eed92a3a4c5fc49a,mouseland_kilosort
59,0681d248ad93136a7aff5ad73e6b579f2a1ebb93,mouseland_kilosort
60,072950467dc83ec395e091a02d6be96bc8a0cd9a,mouseland_kilosort
61,0730d5e9e15102b9a5f5df0eb0a8e88839e13309,mouseland_kilosort
62,073cc15cc47f13271105f85e27520e16d109462c,mouseland_kilosort
63,0747ee81c01bb3e7fbe2386c7c9190d4102d5cc7,mouseland_kilosort
64,07803e55eb30675d32a713be1e6ec028969a2ede,mouseland_kilosort
65,078e9312ab8c349dd1ea578c5dc1a870f12e6dfc,mouseland_kilosort
66,07980b28d224a3cb0c9c32cc228402fb6a667cf0,mouseland_kilosort
67,079f2a543ffb4b87a1f652bb69c72d92fdbcfcc0,mouseland_kilosort
68,07b0cb82a94b6ca6edc5882215d4898a05a871aa,mouseland_kilosort
69,07c2f4448e4cd943538347625c6cbff575c45c9b,mouseland_kilosort
70,0814c4dc9c091f850c4b98a3a86be223cab5c85a,mouseland_kilosort
71,083a9015a6c88f90f8c2669b7322a5b9dd84fb19,mouseland_kilosort
72,0846527296703339098d644da83edcef92a42c1f,mouseland_kilosort
73,08a770d11dc88c35912564f85658564b45a682de,mouseland_kilosort
74,08d53cfeed5b10b16354a16d41c5bf4712e6de07,mouseland_kilosort
75,08febd76889acbceb1c0bf6e4d44c9aa1ac4eb3a,mouseland_kilosort
76,091bb34e8dd43044c16150183dcb48bf2af97c81,mouseland_kilosort
77,092c39917c07e0d95d869405476c7b4b9d5804f1,mouseland_kilosort
78,09311fa26391fc324489938cf0d506b4358bdd46,mouseland_kilosort
79,0949960432c7b644ff4426f43074a23659dc19b2,mouseland_kilosort
80,096bb88a7d341bec813a88dd2288d9078fd95f1a,mouseland_kilosort
81,0981772452f01ce0858a0f613edda19fd2e1b434,mouseland_kilosort
82,0983fef1253c3a8e7d9b557bd11063eca02adb77,mouseland_kilosort
83,09af1486f30ee812d9aa126ac5dfff729aeb3eb5,mouseland_kilosort
84,09c0244fafcb4eb33be5916d6ea3b2465b66932b,mouseland_kilosort
85,09c401ad6dd6ece70d2360ed5d81914744fa8f60,mouseland_kilosort
86,09d43471aaf039178882ac68612c6639d2183a9e,mouseland_kilosort
87,0a07efa8e2d087673be75126931008693a4cb57b,mouseland_kilosort
88,0a2d9f2d1f9d3f4a28f872721a21837f09a93df8,mouseland_kilosort
89,0a55eb58769af2efbcbd8bf0186697448f71c442,mouseland_kilosort
90,0a9860925ec09c99966cd994b7e077d9e9654e13,mouseland_kilosort
91,0a9d38a5f97dec8d6a99436166723510a814396f,mouseland_kilosort
92,0ad39ffd2caf41786904a29e3beb45716be3ff96,mouseland_kilosort
93,0b0c88c51aa296e6ac3939d767d3de2a1eb9ee3d,mouseland_kilosort
94,0b24f17153fdfebed70b8c3a6f99b4c8eed819ef,mouseland_kilosort
95,0b62c26a429e4341ffeb69054eef83edd134be94,mouseland_kilosort
96,0b76edb839d7ef7e5cb76b84fe0ff656609c5b64,mouseland_kilosort
97,0b7b8f3e5484e947bc383e4b5b314efdb4adefc6,mouseland_kilosort
98,0b952969b5443db16e4a934dcf5d3144defb8399,mouseland_kilosort
99,0bab72a22a3384ad5e144851c682711b83e3415d,mouseland_kilosort
100,0bae1aba9e6cadbf3d337f165214160ce641e651,mouseland_kilosort
101,0bd7cafd98d47d2ef992a82f50dc4ff89c894a7d,mouseland_kilosort
102,0cb9ff929a8a363d6259124e242e81123963ccab,mouseland_kilosort
103,0ce102799e69b97e3364ae47b403a809712d7e15,mouseland_kilosort
104,0d0dbb5b94f03665f725c882e5b673f382170475,mouseland_kilosort
105,0da840f93addd7dc060e85b1308a72bd52d32d26,mouseland_kilosort
106,0dbf14bf10ff9a03185e261a1fdd6ee9c75036f6,mouseland_kilosort
107,0dd6a76ca803b96bea2b8640f48364f807aa95db,mouseland_kilosort
108,0de2131f7bdcc935f4acbc2e618664098de13484,mouseland_kilosort
109,0e2edcb37d06e12690fe08696d308ba4082d3cdf,mouseland_kilosort
110,0e365a04f266a51931c0d9a6c794a3b541ee9e57,mouseland_kilosort
111,0e57a1aca73db5e8ac6694814f2f0bbcf1e9cca3,mouseland_kilosort
112,0e5e932ad99595caf7661873182970dc9d9ea7ff,mouseland_kilosort
113,0e7aacfcf38c17eabb10f5c12709674711b6290c,mouseland_kilosort
114,0ecf0d4b48a5c3e069b29cba50778a0509f79328,mouseland_kilosort
115,0ee5597e14c22b09e488ef72f11197d08aac3e3e,mouseland_kilosort
116,0f1cd7d70a245500e3fa7c1dbd1d6783e7e75e4e,mouseland_kilosort
117,0f1cf24dbb62299842ef346ee1b0c1edcbfcc512,mouseland_kilosort
118,0f43c9a8bf7f4873dca60abe73746becb9a56ab7,mouseland_kilosort
119,0f4625ff06da7e564296bb77e3afb48d27d525e5,mouseland_kilosort
120,0f5b15c281f08cbf077dfad26256d601f5d865c0,mouseland_kilosort
121,0fa64dc0a301f28008ae76ce60a190c8774c47ec,mouseland_kilosort
122,0fb2f646f4605133925383ee7d79a25965fb1896,mouseland_kilosort
123,0fee5d3226c7e7a9ffea0c2e0d4b1c1d25b15636,mouseland_kilosort
124,102fb686b4626b6598a4430593f6bbaa2df16828,mouseland_kilosort
125,103289990710f57ebbe87411365719a67358c975,mouseland_kilosort
126,106191ff60fe99413af8e4ba08d53bc3c4ef357c,mouseland_kilosort
127,10620b5201cb00e47d327fffaef6f95d84ac0db2,mouseland_kilosort
128,106f1447d82f28ccb36f7af28318bd7d88572d4d,mouseland_kilosort
129,10a768d7f93ddd1479b20d1b96d32907df9a7788,mouseland_kilosort
130,10aaaf6d27c14f94b052da12e6ea1dabb4370a47,mouseland_kilosort
131,10c00e41a36e6a726862b7d15783f665c5fe4215,mouseland_kilosort
132,10dce58b9d16f51ad1de8e03d46cefeef3f2fd80,mouseland_kilosort
133,11102a60b8d61ace0f250c06dc8b472901be2002,mouseland_kilosort
134,11905424b0be9a117f77e258b71805f96e4b3444,mouseland_kilosort
135,11b3ee215b4422828ba8c87233b4ef887e86f12b,mouseland_kilosort
136,11d68df76c2eee190691a4683424f506764047dc,mouseland_kilosort
137,11e085b65616fdf4bd4e260686e429e8fbe132aa,mouseland_kilosort
138,11e5fc848d73bb64a26fae2d5da16c10048fd01d,mouseland_kilosort
139,120810c72182b49b89acdfc1a369a23ebfe46b08,mouseland_kilosort
140,122698214387d917220c24a12f70ae926a27048c,mouseland_kilosort
141,1228092c30c8eac0fc6f038c8c6d2ce990317567,mouseland_kilosort
142,12a1fb7b66a1cdb676fbe19b130793c9dc10eaff,mouseland_kilosort
143,12b34cfef047015a89ffee4c94e226d1ede74502,mouseland_kilosort
144,13370b0d2f35774008e919a36ecbe76f706a5953,mouseland_kilosort
145,135f0a689e45718730d9ca94edd38099effb3d58,mouseland_kilosort
146,136912cb204852ad92146506ae41d80339b2aacb,mouseland_kilosort
147,138fa1f27d607d3423d948dd2c92d35453650478,mouseland_kilosort
148,13a852a31f4ac62dc737bb8d5b3365c82dc1f6b0,mouseland_kilosort
149,13af7cedd0be2a33909453ce7798a9cc5bfb3627,mouseland_kilosort
150,13e232aae65bf97108fea4d2205b5b58d4f8e6b8,mouseland_kilosort
151,13f4bafeeae63ec41efb60d8d3205afc02d61e9b,mouseland_kilosort
152,1401d5f6b409507515636d68540bb483b2e549b5,mouseland_kilosort
153,1450e72237e019a1eddfeeeb022dfc9d49880e46,mouseland_kilosort
154,14575f8d7bd5296e1742dc95c85794ba9268e15c,mouseland_kilosort
155,146722c07118a583935e616a2d603799a2830543,mouseland_kilosort
156,1470610b2f4534978824ccfa407df5e9cff31977,mouseland_kilosort
157,154a7d3a0439a214a6eca82c03fd7313cde6f256,mouseland_kilosort
158,163daa904e330354d4ddc888b8aa2e0069c14b79,mouseland_kilosort
159,1643d0a53ffae7634f52abda81f542f7074b5f79,mouseland_kilosort
160,166e6257824b6135e37c96b2872e4f2b50e8d80a,mouseland_kilosort
161,166f94dc5ab6600e277fce5b9c7eda21a526aace,mouseland_kilosort
162,167eab17bd266edace48b21aeded6f2170d606e0,mouseland_kilosort
163,168340c633a7bb3967f2c28da159fe2d2fa799b2,mouseland_kilosort
164,169d3fb5fbd6a6330828cd5f93a008bc2686885f,mouseland_kilosort
165,16a4c9ea43f8aa87e5cf7921ec47b79fa1845fc8,mouseland_kilosort
166,16bec1d542cd4b7cc220eb2176ce5fde8eb7bf7b,mouseland_kilosort
167,172a133eeeaa96e269ec143d61e0eeb35136fb38,mouseland_kilosort
168,174d7d9cedc49bc58c1c60c6892b4c5a7374537d,mouseland_kilosort
169,176c7ce6fd8fd8aeb1b9ea1e9ef7ffdd32b68292,mouseland_kilosort
170,1778ce002e01d581296f3ea4da52a78c08aa7428,mouseland_kilosort
171,179e999bf77cd796ac973e215c067eba976ca2b8,mouseland_kilosort
172,17de380c937db42d6513dbe784df51498209c409,mouseland_kilosort
173,1811e205aa318a0739081bd2ac4e377135c73018,mouseland_kilosort
174,184675c3925919b4fbae9eedcafeda0192eb6fb8,mouseland_kilosort
175,1891d66617ae6c5164812c43e9df734166c1e847,mouseland_kilosort
176,18c7c2aacee0f160b227168bf10cfbc3767ece7d,mouseland_kilosort
177,18d8632229eb7c979694f71dde045cb1c786fbab,mouseland_kilosort
178,18ffaedd86df3c4004aa71b759ad82bd6d67595b,mouseland_kilosort
179,191a986626c799d4c5e73c183f0826674cdb1129,mouseland_kilosort
180,192e6a622b1f4bb9e72fa489ffd4dd213d546ff8,mouseland_kilosort
181,1948061132a61048433d06bb75d6bdbfd3b9bdd2,mouseland_kilosort
182,1981436dcaf00ae67b050a7629b11ba6ea51f327,mouseland_kilosort
183,1985d62def3b83127ddff243ff21410693393ab1,mouseland_kilosort
184,19a585ff4a7be086c70a7490f252f9fcef974bc3,mouseland_kilosort
185,19ca411d85fbae9c577f993dec3fced0bdb3012b,mouseland_kilosort
186,1a030bf8ca460899dfc0294005f2f971cf63c9e7,mouseland_kilosort
187,1a1fd3ae07a49c042b4128d6c2e79d6ab55872e5,mouseland_kilosort
188,1a2bf365fe085bebe4e83312b4bb02cac42133df,mouseland_kilosort
189,1a5f4281c03662085b041ea6f6462afa462816be,mouseland_kilosort
190,1a9a052b1924681c99cafb95c9fe2e9f9b246891,mouseland_kilosort
191,1aa18c409e5cf7a0c19725a793fe8fd3b12a2e3c,mouseland_kilosort
192,1aa96067f878705456ee43657752fa9b1e874638,mouseland_kilosort
193,1ab9c5d6f352542a1a887b5a4de7c098701c1723,mouseland_kilosort
194,1af5e1b1b183bf2ccf1cdc548b860a3ac76754e0,mouseland_kilosort
195,1b0513dc5dcdcadffffe7b7ec7527cf3d522ce52,mouseland_kilosort
196,1b1e95a77acdbcb5e93224b18776946d0197ef80,mouseland_kilosort
197,1b2245479e87d3753ee4c429b1d3baf201eedf8c,mouseland_kilosort
198,1b4afa8a5dfb18ec2847a48474e87b8a7d98cf94,mouseland_kilosort
199,1b5383faded7307ed0a5b41f1dab03fbd47a16d6,mouseland_kilosort
200,1b83d08c1b7e3bf6bbc66d2e2da781985f87b021,mouseland_kilosort
201,1ba0d810d977c4dca959051dfe9110a3b432ca33,mouseland_kilosort
202,1bad3d6a26d83d1cb3f2d1f4f0b85d2876ccd1de,mouseland_kilosort
203,1bb1d0b5f415aecb1e87664aa546215091b23794,mouseland_kilosort
204,1bb2d1b4964e8861ad7f921292abdf3b9bfd8210,mouseland_kilosort
205,1bc1b9a556cdd3d351664667b5b7de2676d8fdbb,mouseland_kilosort
206,1bf1f89ebdc75f78f92da6716b7173d6406862a4,mouseland_kilosort
207,1c2473ec030d03bcb4e549badc8b5998e7c01dc8,mouseland_kilosort
208,1c50b2378b450a68e6ffc2a8a690f091f978b3c9,mouseland_kilosort
209,1c56dac1fded07f5b75c72c361049e485b11e51a,mouseland_kilosort
210,1c6ed58121f011676ee0eaa1b8543b31e9f88e17,mouseland_kilosort
211,1c8828e087388c6b35a06d411211f601ab4b47c0,mouseland_kilosort
212,1c8942931191d1404e5f7320e2a14a7fb832258b,mouseland_kilosort
213,1ca28ba45776e923e5fef41fd3bbd6ab6108e66b,mouseland_kilosort
214,1cedbcb53584ecada2965b79296634fe10eeb603,mouseland_kilosort
215,1ceec0c1828f81b3a008ab767a3ab351187c2391,mouseland_kilosort
216,1d11e345e69256d0ddc920acdc6db60802cdd291,mouseland_kilosort
217,1d12619093874b4ae87dfaa48f0e27d31773c96a,mouseland_kilosort
218,1d1929d53d3b02dd56176d035df2cd3de798e79e,mouseland_kilosort
219,1d31150e1124b103c186c35109f8c70cb93ebf56,mouseland_kilosort
220,1d429f60b51e3f4c9a1c9fe600a6b9503653ad8b,mouseland_kilosort
221,1d61459792ea323218d589add6d7f1ccd3be9a40,mouseland_kilosort
222,1d82e81725bc50e57fc4cc37cf16e7485a6a6ae7,mouseland_kilosort
223,1dbf6520e89994cabd9dbef08e8ee165c70c34e0,mouseland_kilosort
224,1dd9cb930f4bed9714357e3ee378a6fed1186501,mouseland_kilosort
225,1deca852cbf4f6ee07c24ff71200f61654f0af69,mouseland_kilosort
226,1dff5d38a6c95ef668f12f27c4cb886e0ca7c14f,mouseland_kilosort
227,1e1a08a0f360c04c50e9f960f67cc1f89db25543,mouseland_kilosort
228,1e203e0c5823b7f525204b642664960f0db1239e,mouseland_kilosort
229,1e470591b73c0c45b2c51208a7593f587b7086bb,mouseland_kilosort
230,1e4ce574445f36a310839dc8bd26000001f55396,mouseland_kilosort
231,1e9196c7f6b63167db5080c6f29b0580ba71ef59,mouseland_kilosort
232,1e9531b9cc6dd8933c5addb6af730c8995cafd11,mouseland_kilosort
233,1ea427a959fc7143f1685626b694d8ae7a4cef24,mouseland_kilosort
234,1eee3eb7c5cc7de574febdb98e5a8a58644d6b68,mouseland_kilosort
235,1eeec40de98201860013687f66035e6489ea615f,mouseland_kilosort
236,1eeec52eb1980e0554e09bba862ce6925a3e95d2,mouseland_kilosort
237,1f025171af4a2d63dd28c0617a3f6e1eb16cf8d5,mouseland_kilosort
238,1f2200201753971d610c0737a1a6ea7560fd2c72,mouseland_kilosort
239,1f233c0a4bc6136d140c6464e74c7c9d34c77c8d,mouseland_kilosort
240,1f29766f05c1b9a7c4d76133112830d8e0d05f4d,mouseland_kilosort
241,1f3496bd7a35db6a66c2ea17efd29571240f1ce6,mouseland_kilosort
242,1f80962e1d0fcbba39edcb65315bdf9eec863073,mouseland_kilosort
243,1fc936f0318349d9e64b0f54e6a4c101f71f4bc8,mouseland_kilosort
244,1fdf087b8376175dd3f7df66b4ea96b861458298,mouseland_kilosort
245,200038838f527ccebf182e41a34634d601b15aab,mouseland_kilosort
246,20578a5c771c71f86d396f75b96351e57fe8eb1d,mouseland_kilosort
247,2069b82516b189d9ebbc10d0234200fd3a5743af,mouseland_kilosort
248,207d4a3585f91ece67b69edceb6599ecfb4eddf6,mouseland_kilosort
249,20ca928e0b7810cb522dcc0502d3bbb1537528e9,mouseland_kilosort
250,20d97f21393e972b0f8f3921c50749388e313c8b,mouseland_kilosort
251,20f82211c31fd3c5d7c1af9bc7088aae54ced873,mouseland_kilosort
252,211337ce19b33fabceb28ca3c7905df16c267ebf,mouseland_kilosort
253,2152306ab1f20da608c4be077669c003b5604ee5,mouseland_kilosort
254,2157315d076156da6b8f1f8cbfa2fc681ce71ea3,mouseland_kilosort
255,21988edfbbdede0fa921a75f7e26ec91ad54b727,mouseland_kilosort
256,2208437462c4172cc053d60a46b2e09b9c63e5a8,mouseland_kilosort
257,221ee2641d29827569734aa3af60b90c7c282190,mouseland_kilosort
258,222c7c4114575b981e320e567fe08c8474d3a716,mouseland_kilosort
259,2292c622e27d81a63e22860b452be356819b98f1,mouseland_kilosort
260,22a4168db66ab321e7805cd8c7f0981044af8843,mouseland_kilosort
261,22dcf580914e6f905e98a599e4cfebdbf837cadc,mouseland_kilosort
262,231bfdd824b4e51255c45d2f43ce061017f11f64,mouseland_kilosort
263,232a40a5ba62fd442c247dec1acce4128e31f3bc,mouseland_kilosort
264,236421a304e76bc6c3d41605e3ded1c9dbaedef7,mouseland_kilosort
265,2371d5521111dd6038cf7ec6b3403ac4b37cd67d,mouseland_kilosort
266,23c2a1e8cd8070305356938440634de5a0d15e10,mouseland_kilosort
267,23d7fb2916a0cda528d05a76dd88f9852934bc89,mouseland_kilosort
268,2483eb18cd8dd8a6d568b56b67582db4e0d7f189,mouseland_kilosort
269,248d3c4561ac60af43b141713e01acf2f11cd0bb,mouseland_kilosort
270,250e83ed66872b13abfb8a095db2ea5c3837e7b9,mouseland_kilosort
271,251acb83663fdbaf16b2c684972176c54cadd49f,mouseland_kilosort
272,252b601965558975f4f87fa651da73e2b66e047d,mouseland_kilosort
273,252bcec40c5ac6650622585b70e8949212ce6f48,mouseland_kilosort
274,2535c3b52ce071f1d4d02f9ad504d8af6f0003ee,mouseland_kilosort
275,2548fbba2a36d1accc97b86b5712d17183abf4c0,mouseland_kilosort
276,2586930f0098acb0829a5e73f2f25bcc6ce792ed,mouseland_kilosort
277,25b849d2ed6d52ed09b87294d3f87f513fa9a943,mouseland_kilosort
278,25c1896e5296db98c69eaec44d9a586a6833251c,mouseland_kilosort
279,2602012391efefc7ae4f0fb51d6ae1a5e3f97610,mouseland_kilosort
280,2609a6faaf7e7bee7b51037e776ed1202df032d9,mouseland_kilosort
281,260e3468a699a3d9edecb5d6988dd191c5f96fef,mouseland_kilosort
282,2655926135dfc2997115cd2da02c2a46e30406fb,mouseland_kilosort
283,2689095f5bbbb032fcbe5841757c5525471b2074,mouseland_kilosort
284,26a389b74a137ad6d20342d4bc1f538c2a0a3dea,mouseland_kilosort
285,26bcde3f155fb3ae6f0be3d5acf21052741e94eb,mouseland_kilosort
286,26bf5703ece99c0b3d8969e9221bd9b4c12fb826,mouseland_kilosort
287,26e1ec8c634fb920324c409e85a8a9b56044d322,mouseland_kilosort
288,26e4521ca582e513bee5a08479b5e410586cc275,mouseland_kilosort
289,2708c265eba1213b78c53a9d323753312c9390a7,mouseland_kilosort
290,2718acd8eef2821cae759797baf2371bff285e72,mouseland_kilosort
291,27692ba372e55f873afc8a200ccb23811f20e97e,mouseland_kilosort
292,278e8dff77d088beb45d04c6ac4cb1deff7ded9e,mouseland_kilosort
293,27d2294a2fff8e01653a5705176d72956269dcc8,mouseland_kilosort
294,283e290d584a55e7fda4c60c1a519a29b78c89b8,mouseland_kilosort
295,284bcbdde799ac7d8928d867330d4f5b7f26eaba,mouseland_kilosort
296,28b1cd8cfd86864d876b49e010e272f70581cb86,mouseland_kilosort
297,28bf1c7d97a75ac15b07291b1eb378eca3b1508a,mouseland_kilosort
298,28d79a8b6e353693886f0301bc0ce1aefb835dee,mouseland_kilosort
299,2938cffcd285d446656920fa7e6a3645024809dc,mouseland_kilosort
300,2946aa07e12f904136ea368e1655ebee0da9731b,mouseland_kilosort
301,2970adf3d548c1f62b9d97531af4c05d43d03b1f,mouseland_kilosort
302,29740aaeb892ac4c24d3a90229d343a037ec52ef,mouseland_kilosort
303,298a0864f88842ef7964625536a258b09f491ba9,mouseland_kilosort
304,299b3b23bf45865d2c91dbea0ed2aea15db6ffe7,mouseland_kilosort
305,29ba79f3af53b5e0f7c340f29742de4630e8b3ec,mouseland_kilosort
306,29d1002ec054c142fd62df758c310f8ca3f324a8,mouseland_kilosort
307,29d195d01a413d15f1e6b9e5ab0988cb73e6f290,mouseland_kilosort
308,29ed68195fd31e8a9669dafe4f4fab3e1039c6a8,mouseland_kilosort
309,29f02ccdce74facff9b96d37d6c9cc86cb9c2f60,mouseland_kilosort
310,2a399268d6e1710f482aed5924ba90d52718452a,mouseland_kilosort
311,2abb3ec5828d6bfd9524200802ab83b8934102fe,mouseland_kilosort
312,2acf8df0f1b1d3db70ffe6b52f0da73da9b6c8f8,mouseland_kilosort
313,2adaa5dffc6486de90b127ce0c006c6cc9558b86,mouseland_kilosort
314,2af7de0569fd747f5c8b3a9522e1f9bf8e1857bb,mouseland_kilosort
315,2b14e661e3bec922446e9c65edd6adde6ff43da5,mouseland_kilosort
316,2b2fc658849fd31112a10216ec2d479262558662,mouseland_kilosort
317,2b2fc9ea8a0a4cfddc9331d26a76296025672c27,mouseland_kilosort
318,2b865052d013aa667f5f9285e81074f71dc3d60e,mouseland_kilosort
319,2bd0888b49aa3e6f0924978136e383e46ef2c063,mouseland_kilosort
320,2bf0539c64e8acca9e24f45229bb82f58efd6ec2,mouseland_kilosort
321,2c51780d05b8f03c90b7b7014bf6112270cdd7b6,mouseland_kilosort
322,2ca10b1c44766981da5c71165557dbf1b7512c3d,mouseland_kilosort
323,2cdf786b87d0d7ace81dd9e6585ec0d32fca5217,mouseland_kilosort
324,2d2e66632a5bcc20ce4a0c1f80bf847b8ce01466,mouseland_kilosort
325,2d49b3ee734472404150a4984783f1342dbc6a2d,mouseland_kilosort
326,2d628432a067e5821556fafc2f07e8df19cc2426,mouseland_kilosort
327,2d914d796f84607ad7b6c0e6a4f47319747a33ca,mouseland_kilosort
328,2dbe2adcdcfab4ded61c34125d60aaa7588a3a16,mouseland_kilosort
329,2de992aa01d9814a2cc7213480dd40e1e50c9e3d,mouseland_kilosort
330,2e53bafbefd966ac41eb4307473f7b969eedc9be,mouseland_kilosort
331,2e7547c52ce8f02d770ed4d0b469a9e2d62d346b,mouseland_kilosort
332,2e9d0f0c8702b6fcae02d56e0fb3ac956cc70b68,mouseland_kilosort
333,2ea2ca755a4051b056d515946d947f8a83603d72,mouseland_kilosort
334,2ea6150c35087b567ad09e22c28b55696294691d,mouseland_kilosort
335,2ec356a56d0c8d4e5e196f267e9f2f53b9140bd3,mouseland_kilosort
336,2f7aa6fad0a0108de902c9b0b100c21175ce6f72,mouseland_kilosort
337,2f887ea6f991665f8572725c05016227d33aac03,mouseland_kilosort
338,2f891ca59d7c840ef5cede209c11a121f863e912,mouseland_kilosort
339,2f954c6dad4b355c3dd0b45c15d7a711c6795bfc,mouseland_kilosort
340,2fa18f4de6b4334ce2052dacf9985df4854cca6f,mouseland_kilosort
341,2fa25d9d52298db93bf556c299e4e2e96cb022a5,mouseland_kilosort
342,2fa31c4daee87d5ef85f0cba81078add5762a5a3,mouseland_kilosort
343,2fba4f26ced6aa83ed1bfe520decc94e39ee3d4d,mouseland_kilosort
344,2fba667359dbddbb0e52e67fa848f197e44cf5ef,mouseland_kilosort
345,2ff2980fe4966ea327e84a032db658440fd95dd0,mouseland_kilosort
346,302ca571ab227b6ec09a6b4a50cf5da03ac9b2b0,mouseland_kilosort
347,306932b11efd027cc2d31382a6fc65832bb50589,mouseland_kilosort
348,306963729cd99d57a8f6139d1328958638cc7fbf,mouseland_kilosort
349,306f16175d25262d1d50b84589fa0502c1d61fca,mouseland_kilosort
350,309c7b39b0fc1ec65316131ec5381d5ce735a9f0,mouseland_kilosort
351,30c16c7499dce0ea59447b5c648e109ae1049aea,mouseland_kilosort
352,31175170e773d8a1c7a6a2886e5b3826a654cab2,mouseland_kilosort
353,312f6c4ef940b488b52e578010909117d037c090,mouseland_kilosort
354,319b6386841b009b5bbbd523a3b55bf33b10f8cb,mouseland_kilosort
355,31b1dddec93279c02292ead97d078bb3711c6d8e,mouseland_kilosort
356,31c65b4eb2da48c9532449e44fba7d457ceac4ef,mouseland_kilosort
357,3209b2a024aca1516e16adedc59bed6dfc6c8e90,mouseland_kilosort
358,323c37e64e62c8f22a8c88d502bd004fb35471c9,mouseland_kilosort
359,3243bfddcfb34eff2dc8f81a9e11a231d66895ee,mouseland_kilosort
360,324caab27c861f05899389dd05d1e90278930cd1,mouseland_kilosort
361,32644bb891098416536798052a64038ac02d409c,mouseland_kilosort
362,326a00dd2c6f130fff96505295b88965cc09a21e,mouseland_kilosort
363,328ad8a181f0e90adcd4c1191807ab4ea9d7c645,mouseland_kilosort
364,328eaa05ed4aca18de46683911f5210280db4c0d,mouseland_kilosort
365,329ef27bc2b115f831315195817fef45e4eb9aa2,mouseland_kilosort
366,32a0ef7334c51ab9f2069683a80f1da6809a75be,mouseland_kilosort
367,32b419f1dbc650a6c7ed03a4dd7c44bd603a9246,mouseland_kilosort
368,32bbd83a83f9736db03fc6a849a925f9acf3858e,mouseland_kilosort
369,32bcc1384ee8e46d24b6d05eac0b783246bfe01c,mouseland_kilosort
370,32fe11ec98a7328d1b960e21d6c59c5e2317bfeb,mouseland_kilosort
371,33035ef3364d7ecf16b826580065c552f78839ef,mouseland_kilosort
372,332504f49b56308d5468955825551fb7e818cf41,mouseland_kilosort
373,332db0b85e7dfbd38591621a3db974e2c8bb0fa3,mouseland_kilosort
374,334305ab4ff4610d9853ad47528a6ce142a9ae08,mouseland_kilosort
375,336803099e2c3e6469194f5a6d352076ed9182ad,mouseland_kilosort
376,336a976077c5dbe8edea322d7c06b46c8ce2f5d1,mouseland_kilosort
377,3372d5e3d83a97592cd7306f736b8caac3dbfc97,mouseland_kilosort
378,3393185a925a5278d8b7bdaf5ea9b571ac1391a8,mouseland_kilosort
379,339fb66bc93b8b46fca3c8089401a7a0261379d0,mouseland_kilosort
380,33a188ef081f15eb9b206bb01eb48d3659a4406f,mouseland_kilosort
381,33be287a3dbd2354d6842b95ea987027ee94f147,mouseland_kilosort
382,346a24da333780b6cb1c50a1e8a70f428a27be56,mouseland_kilosort
383,346be75b70e6117c9601a61855547465c78caf5b,mouseland_kilosort
384,34ab6ce9360e87a1a4b8008ecc5e02d6d76e6073,mouseland_kilosort
385,34f220808ebed66eff699b242a43066c6c418c7a,mouseland_kilosort
386,3549d6e110dfc8842a41f2917a93fbefaab2c7aa,mouseland_kilosort
387,359736076432e1a60077da9fc7ce593f8adbabe5,mouseland_kilosort
388,35bc3cc22cf13f79d8ec45098bfe54385088aced,mouseland_kilosort
389,360f8d4fc544c70b820460ec4bbf7ecc13cafd9d,mouseland_kilosort
390,361419e3dc7e1ac0bf0b8f24028cd3907b8623ae,mouseland_kilosort
391,3672c5bceee6531a4ccb5a49ef032f5495f3086c,mouseland_kilosort
392,3693ad7e6fa8d94db4e4b2628ced534a0c69a063,mouseland_kilosort
393,36ad1a28d70165477421b0b2d77c8532ccee45f8,mouseland_kilosort
394,3705ceac9c6a0aaf28cb101c24586ceb2777265c,mouseland_kilosort
395,3719ee824b31266d33935f129d25301f5290023c,mouseland_kilosort
396,372ab060c86d752dbd7d7bdc1cdfdf9d4b40a032,mouseland_kilosort
397,3744ccb094b5860dd3bc0a63ba6ce50091e8f8ff,mouseland_kilosort
398,37489533b5451dd3631340e17e711bc1fd2ed530,mouseland_kilosort
399,3750f61edc3e3333e24a3fdeb62c4df1f00437ec,mouseland_kilosort
400,379bfbf9c2b34d39d375ba914d011ba557757cf1,mouseland_kilosort
401,37a60c9286a4e2ec73a8cc420b57105e410b53b3,mouseland_kilosort
402,38221b1a680f7de60ea096a813954e2dcad98883,mouseland_kilosort
403,38300c6c48f2ec9f66d70e5fda01dd11ac0f6a47,mouseland_kilosort
404,386631656c5e976c277f8d8724c2a7ff808ef497,mouseland_kilosort
405,389cd61da085c1de157ba016431e4552bd904520,mouseland_kilosort
406,38a42b81a85fc11a45f190c9945f0a42160e86e4,mouseland_kilosort
407,38d16d9630a5becd23d4946d998ddb095b072fc5,mouseland_kilosort
408,38e16a7d2052ce234d1aef27765e10fe99f3c7f9,mouseland_kilosort
409,390addf0a3b590734be65c9059845abe4bf679b1,mouseland_kilosort
410,390cca3bd8c462e573c74fd0414b763b434e199a,mouseland_kilosort
411,3949475cdd1734d41e3948302b1e3402402805fe,mouseland_kilosort
412,395515a1fb8e3395fe35c6d4bd0c5e3681db3e7f,mouseland_kilosort
413,398335d48d769833ebf778a6a56a0ed7a94f9530,mouseland_kilosort
414,39b4b3ce719d8106886120b3a7abc166cd0df3fd,mouseland_kilosort
415,39bedf1b2fb35247de22a9011fceebb26e5998dc,mouseland_kilosort
416,39c07f8aee2cf49026f656216909cb4d7796e30c,mouseland_kilosort
417,39c543b5944eada700d4a810dcc67193916119e5,mouseland_kilosort
418,39dcca594ccde7101d83066f1c3b8082c491c0aa,mouseland_kilosort
419,3a07aa9b674059da9b022880e901e00cc842a154,mouseland_kilosort
420,3a1af9ddbba4e612676ca08a865e2823e6819d01,mouseland_kilosort
421,3a1d8a483ef0e9ca887700b0c864f76953a8cbc5,mouseland_kilosort
422,3a21ed562cc268b5aae2d48d79d2478bad0f827d,mouseland_kilosort
423,3a25782e636caca78bf260d7b2d7a375a1d6948c,mouseland_kilosort
424,3a2839ca5676414f12640fb604e78d4693aa331c,mouseland_kilosort
425,3a33ae5c1f9a13740c50a31364eba12157e117d8,mouseland_kilosort
426,3a4f0878ec14f52d29ab374845d30b1ae60326c1,mouseland_kilosort
427,3ab2b3c8e5612fcd8a2eb8c8d352fcab0c646e11,mouseland_kilosort
428,3ad249d72d56e263789a9a8344069341ecfb48db,mouseland_kilosort
429,3b60d9ace59caf078f5bc8acbe2fb305c12c52e6,mouseland_kilosort
430,3b83b217a641b790998011dff95172e65ca20773,mouseland_kilosort
431,3ba3d52e6065eeb9de3232cadd73d0723e5f3b2b,mouseland_kilosort
432,3bb180459d57298923c958cb6782bb99432be246,mouseland_kilosort
433,3c91b065a3ca31a5408c1df39cdfed465b492701,mouseland_kilosort
434,3d28fbe30ce0d1ea46b32d99e9191249fc011fe6,mouseland_kilosort
435,3d43b641cd81f466677e4a4be73ecf4462485919,mouseland_kilosort
436,3d45eeefe303013d5f197338e11649581ba55b62,mouseland_kilosort
437,3d575a1c6dec10492efbe7f86e2923adc2f1ca10,mouseland_kilosort
438,3d5af336ad9b72ffc61a36fafced26d9bc744644,mouseland_kilosort
439,3d62374c5f3af96a384179f5f2abd1d27a4311b1,mouseland_kilosort
440,3d75960496201d51f3bcfbd309c1b77145a9710f,mouseland_kilosort
441,3e010bb445658833236f24a14bea85ba3486f4f0,mouseland_kilosort
442,3e15b4ab190391043b68a7741e10b91b61d8c0b7,mouseland_kilosort
443,3e247065c2627a91dcc4ab20c572a431fa87655d,mouseland_kilosort
444,3e40ab0b299f9309fd9a492b7b7d8b9fb104c585,mouseland_kilosort
445,3e62f9bf60aba8bf8973ae72933547708d99b34d,mouseland_kilosort
446,3e8597eac04a53e83da2ea45a454679c571cd795,mouseland_kilosort
447,3e8b11f631334c72321a32d649ebef2cbe47280d,mouseland_kilosort
448,3eceb1c30fac1dcb304cc02d10991a56cf3495ff,mouseland_kilosort
449,3f12ff492267bada1c974dcd2e4f19be45415f87,mouseland_kilosort
450,3f375623cd7d22dee5b4a33c7f148893f95c814f,mouseland_kilosort
451,3f3e28dad852f89f22c6a2b7aa5260b73009ee71,mouseland_kilosort
452,3f48c80d31845ef54018932b7b6a1ca5e56cfac0,mouseland_kilosort
453,3f6ac1f93751da58535baa1debf05bbb01dc8023,mouseland_kilosort
454,3f957c35a9a4559d42345479fa8efb64232cf81f,mouseland_kilosort
455,3fac1131dfb121bb11edea692caeaee9875a3fcf,mouseland_kilosort
456,3fc22d233e3a530cb181439c2f73f269e2f181bf,mouseland_kilosort
457,3fc768f7d6dd663c4679e7e13ff4f6153644d227,mouseland_kilosort
458,3ffa7289479be8480fc14f64b1329e2df5736c7a,mouseland_kilosort
459,40059fca73e60d6d51b708622c3957c5ca8b7ea8,mouseland_kilosort
460,40188536c8a979380b3ddcee2bf3d922f990d6cd,mouseland_kilosort
461,401b25b692e1a64e5cd9d7813a6af213388e722e,mouseland_kilosort
462,4038e1c9d6e55d6b674403e952083fdf58955549,mouseland_kilosort
463,408455c07074d2cd3de6c6c3cc8be4fe5b055d17,mouseland_kilosort
464,4100e1b64f4f2470630ba1abb9e0687b79b87347,mouseland_kilosort
465,411110210dc1030e7241a4e768f50dfdaa11fdbc,mouseland_kilosort
466,4121776f91fbd7dd87c385c275117ff85ca2d340,mouseland_kilosort
467,4122eb626677c32034e9e6aaf0a6d09c9ddc1ff2,mouseland_kilosort
468,4132549440b24db8f73c7a7030a2fa581a7b7340,mouseland_kilosort
469,418afcb2df1d62d8b227b8f5ec00818208a6e21f,mouseland_kilosort
470,41ca2f39e774828b456e7d9e46a10d75d89aefbd,mouseland_kilosort
471,41eca08fd15d126032382f31302d78088637da52,mouseland_kilosort
472,41eec4c4e0c8b0d2cb45a2711be5fa14cd1c6660,mouseland_kilosort
473,41fb331ad178764ccf1f3382ba4973065b03d4da,mouseland_kilosort
474,42223ac791dcd612f16b409d005c5c812b611334,mouseland_kilosort
475,423ccce5d2f00dd77652336b4068edc3b0869a3d,mouseland_kilosort
476,42640330d6bf9b5b47b389aeb130ce49cf902abd,mouseland_kilosort
477,42a7f1aad07f924437f883f18dcda73414da103f,mouseland_kilosort
478,42e01bb1f47644828dee47af98bc5e260b09e381,mouseland_kilosort
479,42e140549eabf611c52bbdef3d5d1d89eda28fdb,mouseland_kilosort
480,42fd52c962cc1ee2f6f6e2f04044c9f1bc4c8966,mouseland_kilosort
481,430f253582d32816267decf6dfa9ee840bd23fce,mouseland_kilosort
482,4326f644db20a28a05997ad21ff9f942268d481a,mouseland_kilosort
483,4331438da6d930eed7d900c9781ebe9212353298,mouseland_kilosort
484,433f494894da1b39cc2e67f1c5fc9e4a34f46577,mouseland_kilosort
485,43880a42e90561e4ec1c484bd02dc6ff96a22d7f,mouseland_kilosort
486,43a68b9d693636dd08303125244a8afcd5ab607d,mouseland_kilosort
487,43c54d7df22682e6dd27e56090561d5fc7fad07d,mouseland_kilosort
488,43e0ba517eb1c562aa9af03dd0158051338f6ef3,mouseland_kilosort
489,43f6ad781e15d82a09a23c95191d34c2346a1a4c,mouseland_kilosort
490,442136a3a3beb17284329362e497e037a64d095e,mouseland_kilosort
491,44252a24e71a1c7ea0daa298d7aca7a0dfb5ac33,mouseland_kilosort
492,442b2c68561b96bd46fe18639b01ba329368e2af,mouseland_kilosort
493,44396b77b47b0ef6815d8af7e3ff4c7480cfd564,mouseland_kilosort
494,444ca917423c42be7bbd2e0dabc29d5d716fbfa0,mouseland_kilosort
495,4459c0f36c85f82bad3c0d064d037e2bed90dcb8,mouseland_kilosort
496,44705d099b59f547e7b0ebaeb0a882328d3668dc,mouseland_kilosort
497,44853df26ecd1acdb2939bd59c70b366f5d53f54,mouseland_kilosort
498,44d7da4c5c1ffae508297b972b7d017fa918c34d,mouseland_kilosort
499,451960923efd764862d79bbfb6bac73530b56af1,mouseland_kilosort
500,45b1079593772416f26e764b2cd56758670aef9e,mouseland_kilosort
501,460987c4a2d5c9f0e8b1c39001cfac3201c23819,mouseland_kilosort
502,46a769590faef0e759bca21bf51888501663f266,mouseland_kilosort
503,46c0bd95a7c63c631fc6cc217bf51e402c75ca37,mouseland_kilosort
504,46d672f149ab181cac3745fa385e61204dd9c8df,mouseland_kilosort
505,47014f335f3df6bd647307a79ab4736f330befb1,mouseland_kilosort
506,47cc9bb500ff6468e888eb6edfbd69360de674e3,mouseland_kilosort
507,47d40c84fae3d573fa67e1e8e42a7fa43c315608,mouseland_kilosort
508,47dd0556960d37653a00cdd7f47efc10fd63faa4,mouseland_kilosort
509,47e6f9508da52348a6f6e02246bf6c93b3523b50,mouseland_kilosort
510,47fcc788cfe9faf1d070e600e664abe5632658fc,mouseland_kilosort
511,47fe6ba46870b0364dc79174a5fff87a5b39ae19,mouseland_kilosort
512,480ebec8ae98e736c4d99bcf0f3e3c660c19a8ca,mouseland_kilosort
513,4822c7ddd73ffc94b75eaffd4ffbba6ff280b0c6,mouseland_kilosort
514,4842c35693397cab1b1bf2d3474040b1f8adb8a9,mouseland_kilosort
515,486c3fd06133ecc5c2cd4178f97536486ac34c29,mouseland_kilosort
516,48bf2b81d8ad3bece919f358e071520d5b0930e1,mouseland_kilosort
517,48ce998f2999ba31637ff1d1f3c1eecbcd8e3488,mouseland_kilosort
518,48cfa3c0474e3bf083c224f6bcdbe7b9e6fd9dcb,mouseland_kilosort
519,48f14f229918ed2c24f135f209695ccf55f1aa58,mouseland_kilosort
520,49289f73fbdde322a675d92602b3f62d2e6ee4f5,mouseland_kilosort
521,4933867981c44a39d34e4c15b436f4d887b5bdab,mouseland_kilosort
522,4985c2131daf4d46b64b1e734b68116fe921f12b,mouseland_kilosort
523,4991ceba3cd423df027bc0d77e2314e9d7909e04,mouseland_kilosort
524,499533545c10395062ed1841eb2b3f9f45e1c276,mouseland_kilosort
525,4a606acfd046a8eb28f0c4088c38fb04d8f41877,mouseland_kilosort
526,4ab81ec02a3d74d04d0d5ee980d259017390f665,mouseland_kilosort
527,4abe65a28360b104512db9fe10eff16af6058ffa,mouseland_kilosort
528,4aee688104c9dace97f1590ff148d36cfa33db9f,mouseland_kilosort
529,4af03187902724d70ce71e3b1de3e5d371ccdd81,mouseland_kilosort
530,4b000b5191c7588a5ecf3e0a1836c68a36eaa6ac,mouseland_kilosort
531,4b4dc75cb3ffd9cab7841a34fd95330235ce3914,mouseland_kilosort
532,4b8df433b4ae8a85f30d5ea0655aac6e9b491ab5,mouseland_kilosort
533,4be7a30f86d2ec7fbd58827c4aad75cd22d7ed67,mouseland_kilosort
534,4c13187453d92f7ddf785558a11abc21860e3133,mouseland_kilosort
535,4c2cfcf58950e92447eed6c9fc0164bfb09c712b,mouseland_kilosort
536,4c8a1e70cc1e85175a29bbd515320b0850643c62,mouseland_kilosort
537,4c8c827e76e71b580c0a59131a784d1a1a12c057,mouseland_kilosort
538,4c92fa14e2b7f19f25c452dd73834d288e789703,mouseland_kilosort
539,4ca4153ee6b0bae91c6fb290f8659bc6fe678653,mouseland_kilosort
540,4cbc9facbfe83bafab8ccfc45a5e3214a2bbb6f0,mouseland_kilosort
541,4d25a4429a5227f628cc9b06e346654d3b9efbe0,mouseland_kilosort
542,4d332b28fb5e99c38399332765131572f6933959,mouseland_kilosort
543,4d4ad6fa4917142ee6e18796384a8b6830d88cc1,mouseland_kilosort
544,4d5cbb77a60348e1c885adf1c1878728546d9f17,mouseland_kilosort
545,4d90df7f332777689f53efc16b4ef1d1cbcdfc77,mouseland_kilosort
546,4de5336bbbf3b25421766747ad35120b7d77726d,mouseland_kilosort
547,4e07d21738c717588456101f293f119350ef5cd8,mouseland_kilosort
548,4e4611e223a6ec4adeae89cbd330be09974f38da,mouseland_kilosort
549,4eaa73c186f1025a7fc7075a22429a3910120850,mouseland_kilosort
550,4eb893ad50d359b10711032421df3c2566bcb6fa,mouseland_kilosort
551,4ebb47f3215184b2b1da1a1805072d9a00cdf6fa,mouseland_kilosort
552,4ebc476d22a090d07154ee3f5f1ea02ee0e4ffa8,mouseland_kilosort
553,4f03405d942a350f7ff1b4e7c4fd0263de73f91c,mouseland_kilosort
554,4fb75aa8236548fa81de8c22af4ac71a1ea3e078,mouseland_kilosort
555,4fc022896b7a4af7aa5a9f8df0681a7f77a82804,mouseland_kilosort
556,4fcae998f6dc39e68cee62c52e47cf018325da17,mouseland_kilosort
557,4ff9bd9df4a6e9dc567fcb4c1da80bec0b7c70b1,mouseland_kilosort
558,504339da2aef5c9dd40f03b355545d7a4f48cd3f,mouseland_kilosort
559,5047a49cd49861970c22959245703033341bf5a1,mouseland_kilosort
560,504dc4f270bcc4f4648ac07c6cabc870e0d95497,mouseland_kilosort
561,508a726722183cbc8f9b45946bcb19666d602c71,mouseland_kilosort
562,508c0f8eb418ecd6e9e8481d3986a1606f1f8a5f,mouseland_kilosort
563,508d166ed3a419449784411f891f9b7589c9017e,mouseland_kilosort
564,50a6d3a955ece94b533e8d6585416db26d787389,mouseland_kilosort
565,50e298e3781a41b9ba4617b93e270234d366d1f9,mouseland_kilosort
566,5117a30ea308f54c51e526c039f2faa08b3952e6,mouseland_kilosort
567,513418c4729a5adb11ddcde48107ff79f8f9aea5,mouseland_kilosort
568,513a3249fb2cac7b064b720bc8447bd052ad0ede,mouseland_kilosort
569,514de71aefa42e57fb5560ce2b437d1445c05d6c,mouseland_kilosort
570,515a889f9aa50d2ace3519635186aa42e76f803b,mouseland_kilosort
571,5169a39fa1633e4280e28925a1312ccd21f647b7,mouseland_kilosort
572,51835656bdd35cc6c0c466e95c403139b850ad05,mouseland_kilosort
573,5199ddb36b4f1bc85ed88847f5d8ef5b33f7c5c5,mouseland_kilosort
574,51b087b1766014a156ce3e7f2c49495df170c667,mouseland_kilosort
575,51b6e8fc12f9ed2d46688b64f1228fe254b70692,mouseland_kilosort
576,51db96f6dc1d8974c1bb24e1660388afcf004f8d,mouseland_kilosort
577,522d2baedec78143c48b71b52217f66b020083f6,mouseland_kilosort
578,5248cfe28ea1300172c469cf4527f905688d1c41,mouseland_kilosort
579,525065c6aaf9ff8a375a00d34b552f5eab5be076,mouseland_kilosort
580,525d7b35806545af578137c8f327bffc2098e50d,mouseland_kilosort
581,528586ac03b2724496574c8d9227f782a566d2b7,mouseland_kilosort
582,52d1af360ccaab8d024b8c05060849a702a09345,mouseland_kilosort
583,531019765481e39500e3690ba88e36e869ffcb9b,mouseland_kilosort
584,5320a0e3efd5fc76d6a0269e6895923d43e3b6d4,mouseland_kilosort
585,5321a429e6d807f07467a02a3bc210843084f832,mouseland_kilosort
586,535545aefa2c9d39752b727219ad4d49aa0a977e,mouseland_kilosort
587,5360e0b032f4ac40df07aa02a43e3f00a25e277c,mouseland_kilosort
588,5377391a96adef55552bbf7d362bf3d6c58dc25c,mouseland_kilosort
589,53c92e2f9b3a83c8fc661afaddad54f93a0c0c67,mouseland_kilosort
590,53d17be7b4dc1b09d31ccbcc1c927531d8a474ca,mouseland_kilosort
591,53e05ace2b869a352442158e5258cdfeaa601cf0,mouseland_kilosort
592,5408d1793f84fc3920c468cfeb29bd5b06d2b5b0,mouseland_kilosort
593,540f2bd9d6bdb7ec208f2dd330df7a168ae12cde,mouseland_kilosort
594,5468689b252efa39301602c4812e2ee8949de4c0,mouseland_kilosort
595,54f6008aee7b0276daae305d657639de5c438cb5,mouseland_kilosort
596,550a9368e1f9ad8de267b29507e710e9b4f72418,mouseland_kilosort
597,552b74cb380a5a8bf4db9f8cc407629d06cce1ab,mouseland_kilosort
598,5542b409664103083bdad1b3eed273aed30977e8,mouseland_kilosort
599,55470213d9d0fc60124e87db4148b2296ab34be1,mouseland_kilosort
600,5565d4ff9af1253064a7009fa58d31a312051c4f,mouseland_kilosort
601,55703abc15cebf05f4a32cbe05b74157280b3a20,mouseland_kilosort
602,55b559edce49ca6bd005f10368f9d79f0af20d3e,mouseland_kilosort
603,55fe1342fced904e6412a6cff517772d7764455f,mouseland_kilosort
604,561abcd143b132ce234214440617f5556bba8998,mouseland_kilosort
605,561c83fa851475e4a58a93f45f853753a1c846db,mouseland_kilosort
606,5623c70262173d4819e3f7887096c3d2f74abb7c,mouseland_kilosort
607,5629125f072795b082245f4265b567d3540cbc2b,mouseland_kilosort
608,5631fa9e7e89f640e2dd475298caaf240e7e0d15,mouseland_kilosort
609,564b394eeaf9ef79d260f5b34cfa29b334d49bdd,mouseland_kilosort
610,564fe83e14071a425be14da7e7c9a9d666a44647,mouseland_kilosort
611,57022d674301093b27f8082127f749dcc66ba3bc,mouseland_kilosort
612,5702389b4ac9893b18ce7f4792094708ced099b0,mouseland_kilosort
613,570272462ad6f5430085c93c684c38431671efb8,mouseland_kilosort
614,57036646bb686c46ad6f82528aa9c7f5f6bb3aef,mouseland_kilosort
615,57184448aa5fafecbe5d8bf3eee5c93ebd093b11,mouseland_kilosort
616,57378c1ddc6f211c691dd938e7d222c1666d9f87,mouseland_kilosort
617,5767cfbce1c54971ebfebbc0980a656439949abb,mouseland_kilosort
618,577cdcb47f27404c559ae61bf91fd834af442437,mouseland_kilosort
619,57a0afa1b7abb6e3232798926f7350c73be04fbc,mouseland_kilosort
620,57af71b86746e2464fd14696762c4725303d6f77,mouseland_kilosort
621,57b89edadd5db85d269e9b9bf40f74223b5796d5,mouseland_kilosort
622,57cd4ad0a022e31f8f0276f5ebbc265b19207dda,mouseland_kilosort
623,57fdf3c509dd2ec795a7cecc7d69fc841efe0c34,mouseland_kilosort
624,5817146d53d0f373aba6e0995b2f776c3e1311b0,mouseland_kilosort
625,5844e51f5bef2f104e64cce0e087ff8a2019f0e5,mouseland_kilosort
626,589bb2e7cca915c8a8bfa4ce0893de27b084b082,mouseland_kilosort
627,58bf805d1af27646e16c1df00f18eb1b824ccc26,mouseland_kilosort
628,58d19d091e6b46105070694156f0264fc2f2e404,mouseland_kilosort
629,58e1aeea532d6ea959e8ed9d326ee12d51e07e88,mouseland_kilosort
630,58f46e26616121003dd87e1958fa8f507f7782eb,mouseland_kilosort
631,58fad3f67fa9aa314045349e56aeb7dfa4c705ba,mouseland_kilosort
632,59358a563ef7dbc5bd3faac0aa0c3b880b03134c,mouseland_kilosort
633,59399603045e52e28cce969d7cfa418b4b4a52af,mouseland_kilosort
634,596184f125f3aba06562a62ca40f5a3ed268effa,mouseland_kilosort
635,596ac40f3329ff7fa99dae89c26399111565fb38,mouseland_kilosort
636,598fe041cc5785e23ee9d379bb334040d9c18836,mouseland_kilosort
637,5992355f905db6b025b9062b7371a1e18a949298,mouseland_kilosort
638,59bbd2e371bbab53bd4d0f1f3bc4ca7d5cdb3520,mouseland_kilosort
639,59c0300f06709428e930c5226e8d13883a2c1e57,mouseland_kilosort
640,59c03b060cc8e8ac75a7f1a972a8b5c5af3f41a6,mouseland_kilosort
641,5a1e6305bd67e291ce463c8d3ef8abf8042eb8cf,mouseland_kilosort
642,5a6dbe624656964731e729649cb863f4495a513b,mouseland_kilosort
643,5ab769e403ed33fba9e4314c15e5f6517b2c051d,mouseland_kilosort
644,5acff9fc49df7f95b6e762d6e7bef2d9e7aa4a24,mouseland_kilosort
645,5ad8f4f83ca737394460510a0835753367b70842,mouseland_kilosort
646,5b038d13edcffb574f4c21c32674d0ddfaf99be0,mouseland_kilosort
647,5b0f9a47970151416aeffaf0302c9abd88c5faf1,mouseland_kilosort
648,5b46edfcf0f7ace731a742d4b5fa993e80c425ba,mouseland_kilosort
649,5bb460459e8d844d019f29dd18a326e0f9d4234b,mouseland_kilosort
650,5bb62b0e66cba7f67168f4ebd6f2b8383521536c,mouseland_kilosort
651,5bbda7607871b765660202bcd0b4895f3c745a84,mouseland_kilosort
652,5bf07c1e8d051a0fc59c9049b0946d4f2a46deec,mouseland_kilosort
653,5bf6ad794129101502e3d6fa088a6b9092d5352a,mouseland_kilosort
654,5c072a213718dbd5061064151aa4933720f8888a,mouseland_kilosort
655,5c0c1d4f196db803b45c40fe0223dd13bd25c468,mouseland_kilosort
656,5c2178ec6734a8f0548eb824a41ccbd6a2cb33a4,mouseland_kilosort
657,5c2bbaffc1373fbfa8240c0e42758779f4c3758e,mouseland_kilosort
658,5c329c2bc4916cbc3f6f568ca94e1179dc256028,mouseland_kilosort
659,5c3a8a0ca76b418024eb27ea834dbb35a27d0506,mouseland_kilosort
660,5c3cf3ce5cacfb08d05d28d1ad048f761d9efc50,mouseland_kilosort
661,5c75bc5625e44e65ec3800e6ed77c5fb0ab8a7f5,mouseland_kilosort
662,5c8a3612a9bbf2b2fe9494bb1e956dd05485ec31,mouseland_kilosort
663,5d1190081ecf7a6eb767721adad6809f32802c07,mouseland_kilosort
664,5d56c37af488b0a45acc660ba40f9ccc6d321cc7,mouseland_kilosort
665,5d6349fbc2272cf7ac80866fd88268fe2236efd6,mouseland_kilosort
666,5ded3e6249c41f9e82eaa6d6c8a0594a4b8cf03d,mouseland_kilosort
667,5df5e09feaaf8f6770d4c6d67248ec6d9a6aded1,mouseland_kilosort
668,5ed060d67ce403bc57bbd8ba1bdecfbc563f8aad,mouseland_kilosort
669,5ee79ffb58ee00bec87c82bf07d1ab5e5f34d390,mouseland_kilosort
670,5ef6c1d898ba3e4e41ebdbab9bcda78bcf1f902f,mouseland_kilosort
671,5f195617f841b185f30d445624f282610d0f061f,mouseland_kilosort
672,5f2eea8a932e47db2852d638153d3b672515c6c2,mouseland_kilosort
673,5fe7d94c7138ee5bcc30be565372347ac8e084ce,mouseland_kilosort
674,5fff308125e71321c8e6e65d52bb77d4e69ec178,mouseland_kilosort
675,604340c554f90ab8f64b54fd6618099b5e00fb72,mouseland_kilosort
676,604bf67758dde30631d11893d1af1fffdca97b7c,mouseland_kilosort
677,6062f0608fb83e271038e7a9cfb8f556cc50f349,mouseland_kilosort
678,6072b6a0a94e35994dfaf6bb7345354b2e7bc610,mouseland_kilosort
679,60e6ed179fdbf5ac14a32ec247b697f951865fd3,mouseland_kilosort
680,60f48a2c8dbcd49839b2634660bcb6cc90f98030,mouseland_kilosort
681,60fa3c191b9485c051dd59d5033b2619a608883b,mouseland_kilosort
682,613ac7e9446c07d0974ee05c4a3f3512769eba14,mouseland_kilosort
683,61772f5f245670d2791ae6e3dddfbac0d075ce3b,mouseland_kilosort
684,61e502de0b6753aafde314b6048b2689680d1d73,mouseland_kilosort
685,6227da7933c9b575a8852ca7599a04ae929dd8ec,mouseland_kilosort
686,6244953dc67307380902664a505cb08664375ed7,mouseland_kilosort
687,624a819acf579fd31148ffee8a7ccbc3ab485404,mouseland_kilosort
688,627bf32d1c3e634b4a32136d15584a664851440a,mouseland_kilosort
689,62971642fc2493718ea842a1a5ef060100793ca7,mouseland_kilosort
690,62c10cb8092d18eb02eb96262c5d4f756af12e91,mouseland_kilosort
691,633ee9253a6b9e9f50cf4afff0045a6401115821,mouseland_kilosort
692,6353ac9966e385240759a80772fdb7677985adb4,mouseland_kilosort
693,63700cc64700848ea3bd8b8cbbd198086cdeb982,mouseland_kilosort
694,63b9a84e9da7d0ac8d20c590e72ac5131d7892c3,mouseland_kilosort
695,63be8b8954d7e933f09241c23bb21fbecbd515fc,mouseland_kilosort
696,63c099a1ecef6386eb05017b9672fd97a7d70653,mouseland_kilosort
697,63c485f51a1b2b3ceb235c862deede5c57f0f5a3,mouseland_kilosort
698,63cb1a7869c7aaa73c6df0d35f7b3d32ff6fc90c,mouseland_kilosort
699,6458dcd50a4a1a68fae914a1a3f6fb1a84d0af25,mouseland_kilosort
700,64bb572d71d18dd4e7ac5607f2fa35ae36234f40,mouseland_kilosort
701,64e28c57cb42588fe113906f9b133c216931a85d,mouseland_kilosort
702,653e8b956a9be56eeb8eab06dbb8512b392e56cd,mouseland_kilosort
703,6555d6f7a8aed417b471870eb370433862f0072a,mouseland_kilosort
704,65d92a5ad01967888df85e7916578d914b0b4391,mouseland_kilosort
705,65d9acd34d161c4cd9c5a1914c21a53fc5233751,mouseland_kilosort
706,65ee40292a58d289d8499f866726669427af4bc7,mouseland_kilosort
707,65f14a3879043a7ee557bbeb32028dbaa71be451,mouseland_kilosort
708,65f3e5f8dfcacc510a7f620d7316b68463f68f7c,mouseland_kilosort
709,66069e6839fd9b94d83222b393a713cbb1b8606a,mouseland_kilosort
710,660c3b5272612a568a1a58054bd5778066b93433,mouseland_kilosort
711,66177483e9f814b05334367dad9944879d1877b1,mouseland_kilosort
712,662d72e4ed0f2d06290859d7222929d3ea5e2b18,mouseland_kilosort
713,6637e6d9211bba8148f21a5e9f7c0eca01813b31,mouseland_kilosort
714,663da761eabbb99e57c5f15318daaac459b29893,mouseland_kilosort
715,665aa78ce03060219b20c4046a0d3433828f2202,mouseland_kilosort
716,667c06901104a09d591d892cf2f8d4fe1663ac7d,mouseland_kilosort
717,6682999d8cb74527fd65857da259a2f9efd3de2a,mouseland_kilosort
718,6684aca018b80e6ba8f79cf8fd1084c7defaa8b8,mouseland_kilosort
719,66c67f93004c47a69f50f354e05fd8672b0931f5,mouseland_kilosort
720,66cf758fa14aa55fd50672d910c464028b114e76,mouseland_kilosort
721,66e258b82b639ac605cdd09c861661d7f083ff99,mouseland_kilosort
722,674e5bb1af8d7f2fb121a7d77a5734061ada1b69,mouseland_kilosort
723,67a42a87b866b6150385a46eec358adb349d9ff2,mouseland_kilosort
724,67ab1e6fc690f24a00c152784b0de0eb91cdc5d7,mouseland_kilosort
725,67b352a11dfbf983afb9c07d41916595524ffd35,mouseland_kilosort
726,680b856cd5728ac12d7bd266e73b8776c114ae62,mouseland_kilosort
727,681b1c256f8123acea3556115aed2ed9c74f5f02,mouseland_kilosort
728,6857c3b29e598c0b5c4c8b6d916fc23ab57f4bc0,mouseland_kilosort
729,68592a52fc86bc849a728d77c5806a5e33d1e19f,mouseland_kilosort
730,68ac9e19300cde2b09c5eaa8c1ee28d413296612,mouseland_kilosort
731,68e6792511052c4fb2f4b6d57df21a02b036a28d,mouseland_kilosort
732,6905a9c4a1de2c37ab2031b4c5748527f670935d,mouseland_kilosort
733,6911d3e022832194052c1a65fbb3645949958848,mouseland_kilosort
734,6916916f0c77a501130491710e311bea611ff0cc,mouseland_kilosort
735,691f1b0b4195f2d54a2adfda32aac5c0a04159d1,mouseland_kilosort
736,6941bd18ff2636f72cee1ba0d30617eb04792e8e,mouseland_kilosort
737,6954fea1e7cc7f01484b986c34d129316df842fa,mouseland_kilosort
738,6970c69b5a9e6a164f3a6ac4665c933379d9d8c0,mouseland_kilosort
739,697f3fadef5d432de0975e9c603c55cc6d7b6f1e,mouseland_kilosort
740,69a39ca7084aafbf00b00df1f0ab73d33b787146,mouseland_kilosort
741,69b56678d09c0488f1125ba1be01e42a731d01fe,mouseland_kilosort
742,69c1040075046004f3bf8bafcb97031bd6c29fa3,mouseland_kilosort
743,69cb195340980701a355e1eac0c74f952011a9ac,mouseland_kilosort
744,69d24360b92bba72afea3d49f8f5390fc895711f,mouseland_kilosort
745,6a5ef6a93667c5110141380ac7797da75e1879c0,mouseland_kilosort
746,6a6664f2c0f079cfc2322f2839d756ca8aec71e9,mouseland_kilosort
747,6a91b786c8f3c26cb0fb92f1b295678f5dbfd6c6,mouseland_kilosort
748,6abf409c50921754f69fe9bc5f12767274cb988e,mouseland_kilosort
749,6aeb6a8ddd606dc2e462e48064f4da83c0be0e7e,mouseland_kilosort
750,6afb380d1e09c2acd95de08e25b2a7da8681389b,mouseland_kilosort
751,6b1e7c92f119335e3f332ce3d7d2e4abbeeab7ce,mouseland_kilosort
752,6b2506de56b0f44d472129fda0dda29ee884a8c5,mouseland_kilosort
753,6b6f09f512a8ceef0261c6267cb7fd1d12e79fe9,mouseland_kilosort
754,6b7bacdd389a7f9963e425739808c809677e9115,mouseland_kilosort
755,6bcae6717a1923dc37f5ea40e841ce87ece8b2fb,mouseland_kilosort
756,6bd180eeaa3faa1d2c6685b68ad5ceb2aeebee46,mouseland_kilosort
757,6c2396e75b6b25ddaf43cf50012c3503b2a70557,mouseland_kilosort
758,6c55f317c4d415338d83602ec0f04619d800641d,mouseland_kilosort
759,6c5639a36e71466d398032f25a9dd4784ed039c9,mouseland_kilosort
760,6c6f567cd6b718aeeab6064dffd44d1b3c8de767,mouseland_kilosort
761,6c8ce1fb2362f23cc719943e00fef161b1d54bf5,mouseland_kilosort
762,6cac0fc2112a45b3ec2e559e501c50bb19ab2688,mouseland_kilosort
763,6d3b628a7ea6182e478cdd86fccc30c04c5f74f6,mouseland_kilosort
764,6d3bad31fd529753153cadaab52d467152407713,mouseland_kilosort
765,6d4149919b256da535426a758120ca86062dcbf3,mouseland_kilosort
766,6d689af3faff451eeb4c38d0c9246a5d15812534,mouseland_kilosort
767,6d7f0bc50172631e01d9bb13badc291b715e7517,mouseland_kilosort
768,6daad20de0afe41343a75a821e20021d998a96df,mouseland_kilosort
769,6db0f8bee04d90115fe4bbd6340f2798a9ac4a41,mouseland_kilosort
770,6dd100d81877ddcbfc87173b2a039ee99538f8ca,mouseland_kilosort
771,6e440f7f2400dc0de0bb3200ff7a4038ed37d051,mouseland_kilosort
772,6eba96bbcc32e93cce72f4a122ec723d297889dd,mouseland_kilosort
773,6ec826a31a08e4f1f4f90305cf7f147e7ef8937f,mouseland_kilosort
774,6edf536ce552ce20e0f17d5a61fa406f6a2da2ff,mouseland_kilosort
775,6ee5bec5cccc7ba031ca18f53eab554eca540b24,mouseland_kilosort
776,6ef8f24f8552805bca94b7dde258a9243790420e,mouseland_kilosort
777,6effe7342409312b959fe0a586bf1ff116f2294e,mouseland_kilosort
778,6f25ee8e41d31cade9b0517c0a614431d14b1f7c,mouseland_kilosort
779,6f48aea758036846d6e38a1715e92e6252b5a637,mouseland_kilosort
780,6f6ff4c0c7d1bd2142b9b0b0499d53098c57b072,mouseland_kilosort
781,6fe79cf01dbc960ce3a496c03b36a5f66b30534d,mouseland_kilosort
782,6fedbf1b1c127a488662d686c09c90da4cddbbd2,mouseland_kilosort
783,6ff84a0ff135f4a7495711ea0bd11028803a91b8,mouseland_kilosort
784,7002935984da64d32af0f188ddf5e94305b5a5ab,mouseland_kilosort
785,70584dad138c8701b33db7076b1e52430369454e,mouseland_kilosort
786,7061f7dc82f896cd629daf63ab5b63d6a9caf048,mouseland_kilosort
787,709ab82a1c55da536ba0e9364bc98c9cc5567e8b,mouseland_kilosort
788,710197e13d2ce00a1679a47df737a3bebcc4baa0,mouseland_kilosort
789,7103bf236806636455e1d1a8d6ec22c418b4caf0,mouseland_kilosort
790,7108979416550252136eb5a81bd2e606ed621c4c,mouseland_kilosort
791,711dee92df6d7c19bf7c61882faa13d9734ed01c,mouseland_kilosort
792,7150d94366b1a0994dfbca1426a4f799ef57878c,mouseland_kilosort
793,71d7675b50dfa85a00517e01e660bff2a455c50a,mouseland_kilosort
794,7207f49d4d9ecf2378b6d4cf3322971c6df38edd,mouseland_kilosort
795,72096c433d399ba36ec87c9408fc4ef59efb3ad1,mouseland_kilosort
796,7209ab54dcb29fd8d5f429dd06b48483bf2d48d6,mouseland_kilosort
797,722df51d95e1bb123b1ca8ccde2b81f9eab3ed5c,mouseland_kilosort
798,7269af6a78dbcf773c90d043bd79819dfcbe3a45,mouseland_kilosort
799,726cf036458dd80113c5442afa3f726507837d20,mouseland_kilosort
800,72b4faa8e20b21523bb7a53928065f3a0c407259,mouseland_kilosort
801,730128e30640028bf0e1c919357a3525d7527355,mouseland_kilosort
802,730f5df2324b1c4bdfa5b51ae0a737efbb1da413,mouseland_kilosort
803,733fdb03bd3efacf6288c270a36a80be6e73fe3f,mouseland_kilosort
804,73430b6f4ec46d5eedcee4c146d0f27f5f4c1ee1,mouseland_kilosort
805,73591f3d5063da1e2c9bb8a4e578c309319a47de,mouseland_kilosort
806,736482963a9dc3b5cc3d411cf33d68b10978bbb4,mouseland_kilosort
807,7366809758c3f0c5aaeb739e48087a36044f4b7b,mouseland_kilosort
808,739302a71928110d55769c3e1b57cd3204a605fb,mouseland_kilosort
809,73a3abc4d45b824054d42c3931d05b31f1804ca9,mouseland_kilosort
810,73a563f6e4ce95e2efd64870be30e9fe541d3fb3,mouseland_kilosort
811,73a98d8a888490b122cb3c4ee6d9c5da1621fca7,mouseland_kilosort
812,73afacf6d19d8034ebefc8893ec3e5a117b791a9,mouseland_kilosort
813,73b626c527a9e1f3b76fa6a43011653412684fbd,mouseland_kilosort
814,73d98fd0a53576779b100e020d6eafb4fb1152f8,mouseland_kilosort
815,741208c4b3fd3606f7f0fc7d91e3292501ae1ef3,mouseland_kilosort
816,74173418609274cb10105fdb217d923cf1f523e7,mouseland_kilosort
817,741b1393dc00071984aa4d2bbfd46b8ced4a8679,mouseland_kilosort
818,742ea27b8b59d59c08744c7ce85031cea1ff3938,mouseland_kilosort
819,744237f94cb2ba6bde8aa0ac67d08c86d9972be0,mouseland_kilosort
820,7471cf04a6529f6b7c25803d3dc3af8879828f01,mouseland_kilosort
821,7476f7e1414f86310681744878875974d0b4bf0b,mouseland_kilosort
822,7480145bc0ada5f001e2ea3d2af087e2aebc67a3,mouseland_kilosort
823,74c64485d8dd0bc5dd976d7bf51a46873b08351f,mouseland_kilosort
824,751080ddda6f55f2c83c279619bccc23d4081147,mouseland_kilosort
825,7572c8cf77ae30cdd8c1f7e1b83940ea6aa0924a,mouseland_kilosort
826,75a00abe9dbb8aca8288335dde36593db009b9b5,mouseland_kilosort
827,75aab9a4519d88a2456def899d2075a4ee2d1e57,mouseland_kilosort
828,75bb01c3582ddcbc8cc50c8fce2bb1a7b11a8523,mouseland_kilosort
829,75ddca4bd3f3ee3c1c6b8f02fd1bd9e071e28d27,mouseland_kilosort
830,75de96385632b3d6041ddb35b826c0061897468e,mouseland_kilosort
831,760da1a74cecf9ecd7b4be20fe3818682a1ff516,mouseland_kilosort
832,7614d8e9b28691f8f5576b6e55babaaafc09d4cd,mouseland_kilosort
833,7680278464da3a2d8d9f6cbfdae58e18d500436b,mouseland_kilosort
834,768fcd9b360444b9588123a10c54aecb20572eef,mouseland_kilosort
835,76921c443916c737777716ec3408e0d9bccef8a8,mouseland_kilosort
836,769dfd232b398f6627738d85adea81c93b28fd78,mouseland_kilosort
837,76cac5aa25e6a3a3ddc8e434740ef20eb2370122,mouseland_kilosort
838,76fccb8c3c9c4d701c7b40f54d846aa8deb4bb5d,mouseland_kilosort
839,7721f6bfbf113c9d4fe6fec4cc5b8e575e200e4d,mouseland_kilosort
840,7749501aaa4bd5d933a66a2397def4aa2108affd,mouseland_kilosort
841,775f81b5d8e6e1ec1d6e8ef915e7ea70e24d8e71,mouseland_kilosort
842,77718f9a66fa1cad38333225994060d95df836e3,mouseland_kilosort
843,7777b309a829c4284b7d32089d177bf18b0e5bab,mouseland_kilosort
844,77bd4851430f4de9c7f6082063ec273cad637108,mouseland_kilosort
845,77e08170b1122010490ca36f84508801babb3c50,mouseland_kilosort
846,781721ac170649fdc67965e959fadf4cb038a671,mouseland_kilosort
847,7833a60a1ba257328c20ace4b054945815f5be71,mouseland_kilosort
848,7877367b5002c2e8bfa281bece20ca38cd3a9e08,mouseland_kilosort
849,78958a2fe6fdbd2c604dad984c7644fdb9b6bd04,mouseland_kilosort
850,78c4bc126d69512170599f54a3c8348969178b13,mouseland_kilosort
851,7913632acd478ed935c734231c04749fc698dbbe,mouseland_kilosort
852,791fc381e8d77af619e25ca6ac085345200c87b2,mouseland_kilosort
853,79971f55903c857516d1398cbd4070fc42127731,mouseland_kilosort
854,79a2e8b0160a2e70b6a06e4c9a052ee8478c9bd2,mouseland_kilosort
855,79adb65d42ec19f93fe2143dca6208688060bc35,mouseland_kilosort
856,79e7dcb66be21ffa372ee21298760f0116302998,mouseland_kilosort
857,7a03d918c3520ae097be4dc5d48bc90669308189,mouseland_kilosort
858,7a06be9102e7cc061b5b87cf7c328ae128fb137a,mouseland_kilosort
859,7a1213908fda32a98edec43332feec9add334be9,mouseland_kilosort
860,7a1c970e1f5e71718cbabc501f6031169753729e,mouseland_kilosort
861,7a1ccbf51a58d4b78937d98dd227bda09ae4a439,mouseland_kilosort
862,7a241b9ca1f1855702abba42d864bcd76457731f,mouseland_kilosort
863,7a2abf82ef3bd26c4443b20ad53fb655b3cabc6f,mouseland_kilosort
864,7a40b4d14b3fd4e321d5dd7449e2626655b328ac,mouseland_kilosort
865,7a464153adde81404892047baf2f542ee69fe741,mouseland_kilosort
866,7a96705240462a46601f5c1330be9b9b17483156,mouseland_kilosort
867,7aafa5c8bf383aaaa4b4513dad5e50c67c01aa24,mouseland_kilosort
868,7af6f3e7f018f15e13ca11229f5be5d7cfcaba88,mouseland_kilosort
869,7b05c2689439f0e3f9c8b5dc2c0fe2212b165943,mouseland_kilosort
870,7b2430fc0817c82b2864fb0a72682c04ef97ef9a,mouseland_kilosort
871,7b4a76a9fd53702340154299f9a5d5d74878481c,mouseland_kilosort
872,7b696ff8e930caeffb57f83bb9afc6a67041abbd,mouseland_kilosort
873,7c3a9a6c6bd76d259561ebb59c2a351c1b984f00,mouseland_kilosort
874,7c3c4c95446408bf4b5d33c0503db12332ba7419,mouseland_kilosort
875,7c3d2045e51ede32ce5b018989066edc60dfb425,mouseland_kilosort
876,7c73eb41415e37fdd8729a8ceb9c827ceef96851,mouseland_kilosort
877,7c7432244ccf7835eb9f9a22e83ebdd805c7f96f,mouseland_kilosort
878,7c7d99341d1e22953ba9c42a66597d9da4330250,mouseland_kilosort
879,7c9e7bbc742a106e5b771a9818b8c175d6ada4b6,mouseland_kilosort
880,7c9fe2e142edff85797765cb4ac8d3b650cbde62,mouseland_kilosort
881,7ca22de782f2f2423ec2c76ea4a02ea38001fe62,mouseland_kilosort
882,7cc56147dc9d61c6b306fecea088cc957292c9f6,mouseland_kilosort
883,7ccbaf3139866b8d9516a6ad560ad6caca46ce10,mouseland_kilosort
884,7d0fcd17938867a12572df60510911024ff53ce0,mouseland_kilosort
885,7d20d9116556d684686899fc0350a8fe0271707a,mouseland_kilosort
886,7d268b9747fabc73642132df207bbc199eab3517,mouseland_kilosort
887,7d5852d98a8bb959b65376c1a7386158622fd994,mouseland_kilosort
888,7d6cf3508fb99e265655138a203190de8a0baeff,mouseland_kilosort
889,7d74a94d4e9dc1742ab4ad3320652681ba7d50ee,mouseland_kilosort
890,7d7c578f98ac400ec8aac62dcb4e2677e7eadb8b,mouseland_kilosort
891,7dbf5cc4b6942b4be5e2139687da44936dd1a792,mouseland_kilosort
892,7ddd8a2dc326fa770960a4494546d44b3548a4ed,mouseland_kilosort
893,7de2d410ce76f533b55ee264fca94d5b640dbb5e,mouseland_kilosort
894,7debc5d8a27d8561a0a60c0823020809983000bc,mouseland_kilosort
895,7e054ab25b5963237cb2c8f3ab1010eaca000b87,mouseland_kilosort
896,7e17eb659681edf960ea0d164f0699f28d5220e1,mouseland_kilosort
897,7e18686c3343e9d35e89a14e1e8c2365066537b3,mouseland_kilosort
898,7e2f5514ceafed8841c873741129a6c409bf7190,mouseland_kilosort
899,7e40fdfaf3d069d8d3e3198357e69fc2b7e4711a,mouseland_kilosort
900,7e4fd73f5a1981c4c7c7d154f61e37e5ff184e69,mouseland_kilosort
901,7e70390a269252bea9cda94eaded83d7409ad82d,mouseland_kilosort
902,7f2e72b70de78d02104366056e42e471f228400a,mouseland_kilosort
903,7f5c65d6c5b5cdff8f84db897774b816031c7866,mouseland_kilosort
904,7f799de0c5fd49259ef8d20c4c9e35e70d6bf813,mouseland_kilosort
905,7ffef8fe4caeb97e7b4b2bcd39a20d7b4edf9628,mouseland_kilosort
906,8012fc0f200874f9429293da087cb55070ea6e2a,mouseland_kilosort
907,80d0062cdb90e24dde0eb6a1b895a7c7e1d17997,mouseland_kilosort
908,80f54f91c2fba04f7ef1aed38fcb976c4f5108fd,mouseland_kilosort
909,813ee4f5c28e5717ab84dd4f3935e6ba20b4a297,mouseland_kilosort
910,813ff6a6316839542d170cf3c291adb3e97b2eff,mouseland_kilosort
911,815370d2902b036fe6591604e46f3c51ae57523b,mouseland_kilosort
912,8172f870db792d0c610a70952f7ef9af835f810f,mouseland_kilosort
913,8182b66bfbc015a959e1d64cb80a7c4a5a325e69,mouseland_kilosort
914,8196f3c06663cdc015658664ed9f5be061dc8949,mouseland_kilosort
915,8197a886670f03700174f13f19df9bc69fa38da8,mouseland_kilosort
916,81a8e33762e530ed6b00188119b221451d4b01ca,mouseland_kilosort
917,81ab4d5400c324838d1d4f753ebf242378e6edf3,mouseland_kilosort
918,81bd86095f15e7510841bd6497f1e0e5f8a7f64d,mouseland_kilosort
919,81c13d8db96687186bf8e3f09aab061a5ebdee98,mouseland_kilosort
920,81df307b5d79d4875d6c2f3f12c283c6f8ba312a,mouseland_kilosort
921,81e3c4402bca1d14b3d86ea46c5b11e37a568e0b,mouseland_kilosort
922,81ee1fed0a677685f11494c3392a9aa707a67b4e,mouseland_kilosort
923,81fb2a580ffc0e5fd962393004d6b29f3dae206d,mouseland_kilosort
924,8207d56d4a2d50204e9022e50612171b7bd95b49,mouseland_kilosort
925,826baa905536ff1aa669f66d61304ddb9388e10c,mouseland_kilosort
926,827aca3f9f969f5c6177f6e8ee1247f8992f6f6e,mouseland_kilosort
927,82b6aca921ff7ffdc7b9734da81471ab1903f76b,mouseland_kilosort
928,82d13887ea25c4568f6b35884aa71eb26ccaa163,mouseland_kilosort
929,82f82ec9f37c669a15618ef53ad8fb81f4009c59,mouseland_kilosort
930,83516a1c8cd9894e7113fb8fa36f2bf192848338,mouseland_kilosort
931,836754b330a2f7497492a6857d38ded7d24c3e05,mouseland_kilosort
932,8398761981a97f513b88c224a6157ed6dba4394a,mouseland_kilosort
933,83a1eeef02d724047a1e65af29ca12aff280e5ee,mouseland_kilosort
934,83dbfa507518a9e96c78fbf3513a603fcca3e999,mouseland_kilosort
935,83f4602739dc81eee7809dc41487e4fbb76ef4c8,mouseland_kilosort
936,8408f8dc3fe3b74ae00f6325887b08190c2def7a,mouseland_kilosort
937,8414dce8a69354e47427e63ce03f37bd1099257f,mouseland_kilosort
938,842f71f127c4e0bc968b760124fb2a02cee89507,mouseland_kilosort
939,8444ee9811a596bdf60102bf9eca907cdc54a258,mouseland_kilosort
940,845de474280c4c741d44c1c062c8df7a943f6809,mouseland_kilosort
941,84682e1ead8229ee311e8a445be2b3b7fd802bb0,mouseland_kilosort
942,847044ef861a2548172c34d1785c715c059db027,mouseland_kilosort
943,84d3fb048fa8f1c127052ed2c1f8f9fc78afd0d4,mouseland_kilosort
944,84e792112fbd9c94f381bedb323b9b77ef975a15,mouseland_kilosort
945,8511fa3fb18a3b1f8ca5eb3153b062fb3961e558,mouseland_kilosort
946,85255e452d54dd85af2a6393b8eb64ef7dd02744,mouseland_kilosort
947,854039e3726ba50ed1c30374604e60ec66cda215,mouseland_kilosort
948,85873b512b78f8cc5dd72ec7a9b3e1bc4be0b3ec,mouseland_kilosort
949,85ab13431baa610562aa221d9f4c78f3339025d3,mouseland_kilosort
950,85b2796c384321e2e1cd2bbc6ca91dd05c3dba10,mouseland_kilosort
951,860431bca941f68b086b87331ccad53aa24e8dc4,mouseland_kilosort
952,8613112b165813e635dc0606d4e2a85328c14f13,mouseland_kilosort
953,864e8b435b87fa2b632e853f055aa16074e1c7c9,mouseland_kilosort
954,8683321390643c361b2d9c6baaf63ad8a775c474,mouseland_kilosort
955,868592a03f0bb187fe36f396ff729985346859c6,mouseland_kilosort
956,8699660fcdb646a2a7d926c2767acf6e0fe7a37d,mouseland_kilosort
957,86c9bdd858f62ffac700cabce19db44f1f00dffa,mouseland_kilosort
958,8769ad7daabb1addda4aef682f4d7a6c27a4a6d5,mouseland_kilosort
959,876f573a598f27077d5a608c0de449650f72aa7f,mouseland_kilosort
960,8805f01c41a8375de56aeddc2b248550f2f74a16,mouseland_kilosort
961,884162f1de3549704913ed6a052d7b45efa09c01,mouseland_kilosort
962,886e6ee1a9423f1b9123a8fdbd48d16729c1dd8a,mouseland_kilosort
963,889a3e7b98d277bbe752aa8db14a3a535a6a4f84,mouseland_kilosort
964,88a76ae6b826faf551d542da8bd2b1a2f6b8bd4e,mouseland_kilosort
965,88be54eb2e4e046e24246b56352864b50fb8becf,mouseland_kilosort
966,88d1afc0b1d9b4c695bf39cd1970ff2999543a1e,mouseland_kilosort
967,88dbce01c16e0aab73d68ab1681722808802adf1,mouseland_kilosort
968,88e1733cceca4c622a6a5ba259b669ec277c5272,mouseland_kilosort
969,894b65720f7c479a79e6553eadb751338e3c9a6c,mouseland_kilosort
970,894ba730d8aa96d48bd8e59194f800dc8088b50e,mouseland_kilosort
971,8965aa27ede4eedfbd1237c65b001aa855ede1b0,mouseland_kilosort
972,89704ce3ba38e883a2eb8d8a1417de26cea0d5e2,mouseland_kilosort
973,898dcf72e3f942a7534abbb4a4b306d307e1486e,mouseland_kilosort
974,89ab12e4d8e9e9790a7e657a1f45a95d0fbaf7a2,mouseland_kilosort
975,89bea93e7e47e227fb6ac51033ef0dbb76f05a81,mouseland_kilosort
976,89c47bd5dda95e5abeaf3c75102737df19f8af5e,mouseland_kilosort
977,8a03d955fa19a5df8d60025be0b78e9d2becf24d,mouseland_kilosort
978,8a639df64166f1dbf7608c859beeef4d6747384f,mouseland_kilosort
979,8a735fb6c9477368109c476b18cda326edbbfadb,mouseland_kilosort
980,8a74064b3961385a17a686c9c525e5d26ff6fc0a,mouseland_kilosort
981,8ae50947418e45fd705e41e934180bd76f7fe95e,mouseland_kilosort
982,8b17575bf55016204e01e00e5ca426e264a52cd6,mouseland_kilosort
983,8b61324478efbf341fcd1125f11ef7330d328c74,mouseland_kilosort
984,8b84cfefe2fe487630474b4ebd4069923d17d4ef,mouseland_kilosort
985,8b94a2f676a93a0bab2c5979b23c372d65c035c3,mouseland_kilosort
986,8bc3c0f28ba1ffc6a9c687bf6cad9d3c23e26a22,mouseland_kilosort
987,8bdb154c0e964d7fcd68b4de8a1df4fcfd52f72a,mouseland_kilosort
988,8bed47c710cb22ce560f5d70d0dc21cbd49e4189,mouseland_kilosort
989,8bff4aae5ba7a69521b0f0a1a26d18b2d7c4d93a,mouseland_kilosort
990,8c2458135519e7f330e5fe72eb9cf42e210e3022,mouseland_kilosort
991,8c28f100a98c024d6e6c61c0135f9dcebd683e69,mouseland_kilosort
992,8c2a6b836c83ac079d76f5910e95ebdc3faf3d28,mouseland_kilosort
993,8c560258c2722670d0d2e865edc3ad6f3447d00e,mouseland_kilosort
994,8c721bc77a11f9c9a19db0c684a6f04714a60a5c,mouseland_kilosort
995,8ca21aaa8ef017282da56ecf4fd954ad8b247d96,mouseland_kilosort
996,8cedc290ded807a5d47c20a2cabff0c595ade32d,mouseland_kilosort
997,8d03f5db0ce5bc44abe6cce1001198f48407d2cd,mouseland_kilosort
998,8d0463144da0eded15e31f758485b1aa10da49ae,mouseland_kilosort
999,8d06c03095581164f5bd5f91efb3a880e50c5b6e,mouseland_kilosort
1000,8d2b46d36c32ef64f8fcca5b59cd3aad58cec55e,mouseland_kilosort
1001,8d2c1dfd199f71d1461eb26be5f84e42cb554b97,mouseland_kilosort
1002,8d5cd9c1788931714513ee0d642aedf845836a3b,mouseland_kilosort
1003,8d60cfb53056ec1035f468e96ef60f5f4a6b00c5,mouseland_kilosort
1004,8d7549934e76f546680eba243656b8beb494295a,mouseland_kilosort
1005,8d772f422b160d8ae4128fd71b1457977046f10f,mouseland_kilosort
1006,8d8776aef53c4482c3dbc6ac01c4c83137ea54fc,mouseland_kilosort
1007,8d8e8243075a7758dcc1f1845f32271fdf33f9e3,mouseland_kilosort
1008,8db31ca308fdb26e4e31c1f753cde256ec7a4c9d,mouseland_kilosort
1009,8dc4ef74e648b12737fc30286e43bde6b7e36ac6,mouseland_kilosort
1010,8e455cab002e0482f4c9dc7544d9b75e760cfef5,mouseland_kilosort
1011,8e8c95df8d289601ee32ebd8c43e880caea8fafd,mouseland_kilosort
1012,8ea244397382e6f1634092fe6f0d77e0595c5d56,mouseland_kilosort
1013,8ea3f4b8d8cc6098f4127f81cc1335eded883cd1,mouseland_kilosort
1014,8eaf5db6320acfaeb6404f830e8d519b25c529d9,mouseland_kilosort
1015,8ecec12f82099e8536fb78cdc56d4d1c949ce9a3,mouseland_kilosort
1016,8ed0e42160a907eb1a925227b3b1f7a8a1e5555f,mouseland_kilosort
1017,8ee4d6b6763aec2a89322e42175b54971c64273a,mouseland_kilosort
1018,8f396c74e30fe2e1c891b45c026b070a11126346,mouseland_kilosort
1019,8f405ed718a5e8b2f0fcec4d4185803a2ea0d73c,mouseland_kilosort
1020,8f6af8b2a7f71cc00936506218999be23e52ef78,mouseland_kilosort
1021,8f72e114a3067d333f2602632ee9a5e2ab9abc6c,mouseland_kilosort
1022,8f958d8f69c52298d779344023b12b1ede7ea167,mouseland_kilosort
1023,8fa242ff93314baf180cf70047eccd79f75014d7,mouseland_kilosort
1024,8fad54c6d7e6facb43c42489f3b4b3f072133f3e,mouseland_kilosort
1025,8fb7c9833177c58f4047c488080d0f829272caa9,mouseland_kilosort
1026,903d3beddeed2a42fd4a90f52785c9a8c699b34e,mouseland_kilosort
1027,9084b8e49b67ddf328c30fefe27d7aeefe157748,mouseland_kilosort
1028,90b5de41ad4d54c9c21a6d8b858ee5ca981f9486,mouseland_kilosort
1029,90d941d4b34ec077513defa42bf001d1a7d020bb,mouseland_kilosort
1030,90d9cea12b852d0c871f0b03d5aa6d351e34af67,mouseland_kilosort
1031,90e49582fa89ebe52ba8f86e22da3e4949ed6fb0,mouseland_kilosort
1032,90f5102c911c891fda98630d5005e5a6ee014841,mouseland_kilosort
1033,90fc090d0e84141552fb3ae619ceef8f7a731a4d,mouseland_kilosort
1034,91095605298c3e16fea213fb57f1901d10eff981,mouseland_kilosort
1035,912ebdc8ca7e6f6c2a1699260dd1a6eb0daf2e68,mouseland_kilosort
1036,9132197b617478193d7b35979929a4fba2c30cde,mouseland_kilosort
1037,91325bb9d5452a8861f5dd3abb92f1203586123e,mouseland_kilosort
1038,913e66837105ae9c1f386563b0c35353a49e2ddc,mouseland_kilosort
1039,913ea93a1b0d5669fa9ea551023b2649d506247a,mouseland_kilosort
1040,915f31ac601e2dba8e8055b9c286d6cc8949af4e,mouseland_kilosort
1041,918825d827d531e716ed10666ccbc341a5c19342,mouseland_kilosort
1042,91dfa45bd60a7bc909c1c7bbdb069ea7d99128f6,mouseland_kilosort
1043,91ee1e449c3ef3e5a9043005201fc3ea769112b6,mouseland_kilosort
1044,9215e92d721905696fd743cfe54b2998182feb5c,mouseland_kilosort
1045,922b4b50868548e1fdc593828a7c0074ad26da18,mouseland_kilosort
1046,92332706f88b11f1d66f60cfe1c25c86f0b23f01,mouseland_kilosort
1047,923718de1bde935c82ad3ed33cde09e81a2d5965,mouseland_kilosort
1048,92404d0b12a66404f084523688f19ff79234703c,mouseland_kilosort
1049,924336a98f1a71e9cb24c36f3808138173a0009d,mouseland_kilosort
1050,927562fe182f5ced3079aca23e6719c0f26129c0,mouseland_kilosort
1051,92a79f90287b50cd1286eb6bdd3b7b052be4577a,mouseland_kilosort
1052,92a88881b490b26bfac6ea414afda17cdd489eae,mouseland_kilosort
1053,92cb1f39f9abdc1e5f8487ab8504bd11b0d39eb7,mouseland_kilosort
1054,9306e356f398f30003ac696eaeadc702d3f03f47,mouseland_kilosort
1055,93151001b49bcca5461f250f0d76e5a151388b8d,mouseland_kilosort
1056,93477a2b5852862d543df417e7690a65b140a714,mouseland_kilosort
1057,9352d68e3ef3cb7ef1cd695be39d43fd3b1905b3,mouseland_kilosort
1058,9388765b35c2a06ef6e0b3b3f53303ba4477a4b8,mouseland_kilosort
1059,93a284879574e44b04ed455138d608adee8d3b03,mouseland_kilosort
1060,93b2be553dfaf037740157a4d372403d30f0f23e,mouseland_kilosort
1061,93e09d8edf68464d92529ce33adebbacfe46f795,mouseland_kilosort
1062,9428a98c05dfe47fdf481235f5d984828583a1b8,mouseland_kilosort
1063,943ec03a6460732426c5a8f6d5c6b1ca6fa46c96,mouseland_kilosort
1064,944f833ce5c5a6aa8d4c395e70ef16c756ad2c63,mouseland_kilosort
1065,9468aab4213c8c9d593e30f04a36fa331b8e0c26,mouseland_kilosort
1066,947abbba457f198e71248962228a06486f3efc80,mouseland_kilosort
1067,949abc7d14c22abbf28621cf9f9b7811c5a9691f,mouseland_kilosort
1068,950fb95116bb153c63a3041c4790166c991cdb90,mouseland_kilosort
1069,95162840227aab96cfd95e0e873349a9da41adb5,mouseland_kilosort
1070,9583cf13584cdc4c4bbbf2b976511c2f2f5e3c0b,mouseland_kilosort
1071,95a5e7334165cf47b057c24d9ab1eb5321334ac2,mouseland_kilosort
1072,961cbc2eabe51904b22bd41546545067c44d3ac2,mouseland_kilosort
1073,9621b2f6279cdf3b89c12c3ddf232a6cb483f492,mouseland_kilosort
1074,962379882f2f804f8c1e2f15bd29544ffebe50f0,mouseland_kilosort
1075,96285ae92ba95e9b33a9b8ecab449d2147443e04,mouseland_kilosort
1076,9639542d78824f6584f0076287178d136f450966,mouseland_kilosort
1077,966003a89a4bc2a6ca9422c5a151438ff92e232b,mouseland_kilosort
1078,96602c8e5f9bb9d5be0903c6266ff4c4eedd9d23,mouseland_kilosort
1079,968e58f2c288008f5b1c9087c5775189f4f4942b,mouseland_kilosort
1080,96c748bf6bbfb91d555fce5eec5261bff3112136,mouseland_kilosort
1081,96db7dcbb25d318f63d244da12d86748f9dd5b46,mouseland_kilosort
1082,971697d8a2732b7a9138f15f079fef0b57c6b6bf,mouseland_kilosort
1083,975ec188a4d3d403939bcc08d4a2a66efbe46b5e,mouseland_kilosort
1084,9764655f7f0944115dc490205c37eecbf56fd87a,mouseland_kilosort
1085,97c0fba58c74c2b8833de62459192b4e1b864d11,mouseland_kilosort
1086,97c22087d47f67090520200a7e18b9c5f050eb0d,mouseland_kilosort
1087,97c5edddd88e593412e234c858912a1ca0efbd88,mouseland_kilosort
1088,97d8067e7a0f8f0eecaba255727dd14f0c91f135,mouseland_kilosort
1089,97de3899833195d77920f63e90ec7d7d0ac9ccfe,mouseland_kilosort
1090,97fb909123565b289f38255e844f573a7e342e4e,mouseland_kilosort
1091,98b8da754811cf0a6700fb64aa4d1e7b1bb2e7cb,mouseland_kilosort
1092,98cfb86473e3bc1d1dfae38b0192832b49abc7e9,mouseland_kilosort
1093,9919dc47ef2bd2b60ee576fafb9f540174284a40,mouseland_kilosort
1094,992c8b5934793497614d6e0c7a6390f5fc50ba1f,mouseland_kilosort
1095,997ea2f6d1cbeee59f393601e2187e6cbaa1fbaf,mouseland_kilosort
1096,999d848052defb44432180c48e3b88002bde6647,mouseland_kilosort
1097,99b5ca942b88669c203845c766e877731bc4f0a9,mouseland_kilosort
1098,99ea9b0a81eef96a7a443f7912049dc1fc33ba80,mouseland_kilosort
1099,9a1755acf36816d79b1d5637c1628e4feca852ca,mouseland_kilosort
1100,9a2dbc26d34b74fb67058864fb7ccbb861423021,mouseland_kilosort
1101,9a334cca142e08425cfdf4b60dbe70f2a47ba929,mouseland_kilosort
1102,9a44859509d86111e7211efaa6baaa53b608458f,mouseland_kilosort
1103,9a6e6d07fd1636904d08b432d1a6bb4cf0c0cea6,mouseland_kilosort
1104,9a74be22cd737803ea332d44ffe5f6a2b36b4bac,mouseland_kilosort
1105,9a7a1aed88da10c5f3d46a9eafd76aaf1ffce1b1,mouseland_kilosort
1106,9a7b196c7635567ab99c5a2af278497edba6ba2f,mouseland_kilosort
1107,9aa141373604dd154c02475c8a5caf7dee189e96,mouseland_kilosort
1108,9aa51d5697f4bbd33e91459763a652d54da32cdf,mouseland_kilosort
1109,9ae2647fcd364b6afd68346f054a25edb64cf75c,mouseland_kilosort
1110,9aeb57f8f503760cc20592b76b90a981f4f9026f,mouseland_kilosort
1111,9af46946717a2235e046af954c00d9e6d2a0bf5d,mouseland_kilosort
1112,9b3d2b1bc235bc6e6b14f6bdefa0939dc3be269a,mouseland_kilosort
1113,9b415d5205aaba02b0168a095d90f27f76751a28,mouseland_kilosort
1114,9b5e82fb0def62a3e6e519d427ca1c18d7ba94b9,mouseland_kilosort
1115,9b60835356ffd0b1ce406b3ce8ab008dc09482db,mouseland_kilosort
1116,9b643bf62dfca377ba77402777d027a4c8ce7551,mouseland_kilosort
1117,9b700953661b6421a1f5817e2494ccb14a330502,mouseland_kilosort
1118,9b8ccb011fcece9c681a59529c91a234bbe149df,mouseland_kilosort
1119,9b95ea1939c60ccc5623a50bc0d89cfdcd447678,mouseland_kilosort
1120,9b9c0655eea0dc905a4fd41e954884ab8c01b40b,mouseland_kilosort
1121,9ba3c9be79ccd05bfd2d2b2330b5a8d68f07db3f,mouseland_kilosort
1122,9bdd8f2814eb433fa4f881c4f735aabce605f871,mouseland_kilosort
1123,9be1a1eb54b153be50d233213721f735da6b6b9a,mouseland_kilosort
1124,9c4c111c5db3e17f06d9cfb1c584f00bc3fedf22,mouseland_kilosort
1125,9c863971c4f61e9ce0a7014b9e4d45810a6261eb,mouseland_kilosort
1126,9ca5903f73af180114f982ee441efe85eae6c39d,mouseland_kilosort
1127,9cc1bffb94353afe4df60a1bd2ed6f51faa2815e,mouseland_kilosort
1128,9cf98d10f1b456d98801a84a5f9a8b49206b6069,mouseland_kilosort
1129,9cfc4862c1eeae079d7ac4b4e30a9d940b529f8d,mouseland_kilosort
1130,9d0302bfcbfab4fa293d7549cdef1cd3e185b9a8,mouseland_kilosort
1131,9d29ccae0095befa401c7221090be10cac18dd1d,mouseland_kilosort
1132,9d45e7f12eb9498539847eb0d68039210bcec738,mouseland_kilosort
1133,9d52b325171ffb71d6379f2fd08824c4d20fe0b2,mouseland_kilosort
1134,9d7378be8b03480e1732183f3bf6da35382872cc,mouseland_kilosort
1135,9d8844f4762f8368476d16e0c867d960107d64a8,mouseland_kilosort
1136,9dc1ecdbf2d925e19a68a5661c1113a6eae3dcdf,mouseland_kilosort
1137,9dc708300d7784db57343753356c884308a6550b,mouseland_kilosort
1138,9de3be5cf6877e37bffd387c21d8066cc0b175bf,mouseland_kilosort
1139,9df27e8d155ba838fe6b710aebe382391a08dce9,mouseland_kilosort
1140,9e0e603c062efb7636f11069e0d99e43f1c3f873,mouseland_kilosort
1141,9e3d14562c040c659bb9eb38097b0417936eadc2,mouseland_kilosort
1142,9e5a13d6f6bee87622ceb4f35ea4f9df0b648d1d,mouseland_kilosort
1143,9e6c81f1b9b896fc7ec5e9eb15e318bb73207be5,mouseland_kilosort
1144,9e793470148e7064a75f9f2c68fcc5ec289f4cdb,mouseland_kilosort
1145,9f10ac52be29a7de615b653bd167fa8b09611df9,mouseland_kilosort
1146,9f14dbab9c3714700b1506f397d08a76a688b9cb,mouseland_kilosort
1147,9f17bf37cd7560f512f6d881c496f518763d9b76,mouseland_kilosort
1148,9f324b8228ad5c11a483fbd8ad9653cac3a7934b,mouseland_kilosort
1149,9f3a73a9e45bc8fc9f46e253265da9be846e3cf9,mouseland_kilosort
1150,9f3d87b898f9af841ea98d7e0b4a8f45ebcb8ada,mouseland_kilosort
1151,9f5ba2cfe0385a1eab94e1c93d564c60cd314818,mouseland_kilosort
1152,9f618ee31c4a7f7d183681617eb8d2360640f188,mouseland_kilosort
1153,9f69158ede2f37b7dd2fbf6e8204008c266ba582,mouseland_kilosort
1154,9fd14f87bad62481d921188edc2a999bfb3110de,mouseland_kilosort
1155,9fd52e51fe856def317a662997dac2c808962db6,mouseland_kilosort
1156,9ffca5efd8c6ebee9b0a7cc5e2248d7e5cd8787b,mouseland_kilosort
1157,9ffdfa5829ca48771dcf483fc9a2739d2bb9bf29,mouseland_kilosort
1158,a0225eb611597ecff63e68caff1c758a72402384,mouseland_kilosort
1159,a09538b1226cee2f07c550e3c64ecf4123282e2b,mouseland_kilosort
1160,a098788f5a9064b5f33b8482fd6c7b7e0b96de9e,mouseland_kilosort
1161,a0cd400c6af5fcca8fafbf90dc234f3c153746e4,mouseland_kilosort
1162,a102d5ffceec223cd4316eef7acddaaf5f2c4e20,mouseland_kilosort
1163,a10ccc2c2aafa7d2ff6f8069212ceaa3386887c9,mouseland_kilosort
1164,a117aa47fd97a42994129de3067b0cdfb74b26f1,mouseland_kilosort
1165,a1276931a791ef2b9a45d17eb893b42601b49cfd,mouseland_kilosort
1166,a137173131da1fada7131ae9a9cc8dad473fa252,mouseland_kilosort
1167,a1462260bed927a54c726c575f8e7af09c62db12,mouseland_kilosort
1168,a16e0f2dd480d7d68c7e82b78debebe41813a27c,mouseland_kilosort
1169,a17d4e2b69197edeb2f4f49974589b1dfc1c049a,mouseland_kilosort
1170,a19fa04feebc05d400c31bb26d27d2760aa45c63,mouseland_kilosort
1171,a1b066f0e5f0c1502505de74cc7bb8603b78d69e,mouseland_kilosort
1172,a1c1633cde6abf96038111b386765e2cfa3a09fb,mouseland_kilosort
1173,a1fccd9abf13ce5dc3340fae8050f9b1d0f8ab7a,mouseland_kilosort
1174,a20cf6d9f87050b4c1f145b6529e25df31b1a0db,mouseland_kilosort
1175,a20f5321f8159c623dc06a126dffe70128262215,mouseland_kilosort
1176,a234a2e6a2914a7e404dd4fdffe90b8fdccde23b,mouseland_kilosort
1177,a25ec0d77645d3f634d986e4854f3f589e54fe3e,mouseland_kilosort
1178,a2826b47817e11e68c2520fb4d3fa0a5efaba505,mouseland_kilosort
1179,a2d745f1b3842f1b37b43e42284d658d49a67ea7,mouseland_kilosort
1180,a2fe3e4237f4153f01b6a8d52470cb019ccd4c0e,mouseland_kilosort
1181,a302f90cff8fc31df142e4758aa15d9a3fa084d6,mouseland_kilosort
1182,a32eda88b5b2b8193dbc7c7b46b67651c5230faa,mouseland_kilosort
1183,a34b8bb56ec0064af774b010e13065dd0e0ba4f5,mouseland_kilosort
1184,a34eb3e33eef4dec1c068ef00f653882189cb69f,mouseland_kilosort
1185,a39ff2b31e490904ccf1503926a5e17291449e2f,mouseland_kilosort
1186,a3d30d3c153fc220e35a675614b982a802b8fd6c,mouseland_kilosort
1187,a4396f8a3e158fc1ea4c452970142ccd6b21060b,mouseland_kilosort
1188,a453f051436382b64bd5b64eab9b57bc0db531a6,mouseland_kilosort
1189,a491b35e2cdd17e44a3b8de8c60027d2a86092e0,mouseland_kilosort
1190,a49e07e8ff35e6ef849ba3be624b9725d6485c13,mouseland_kilosort
1191,a4c8ad4cad818166e963f5ec47cafdb281d611c3,mouseland_kilosort
1192,a4db35c0f42991ea1a9af5f17728e22e9cde3ce1,mouseland_kilosort
1193,a4f6123f2d3cdc12c191820c187cdbe9ec4f8ef3,mouseland_kilosort
1194,a4f7886ec97294b0d1197dc829d14a4f885ce738,mouseland_kilosort
1195,a520b28fd07e6e8349129a7ecfa6165811d3f0e2,mouseland_kilosort
1196,a539d21f4cf49efe288f1ce196da313eb6f058b2,mouseland_kilosort
1197,a54fa7af2101b328b3713d1a72e96ec9f91018d4,mouseland_kilosort
1198,a5abbf2fd6a7756e533a06bca79eb612177639d3,mouseland_kilosort
1199,a5b43f0e05122e45f71d83525beb3e07bc0d6b56,mouseland_kilosort
1200,a5dc7d73cede434b29a2b1e11ad4c6b7a83dfb57,mouseland_kilosort
1201,a61ad8bb635a1ec1ef531f2ce3a6ffe16d031d7a,mouseland_kilosort
1202,a641ae64b5483b8e3b8dd0b081063b912ef9c075,mouseland_kilosort
1203,a644bfffd6892800878825ec55412b1dad366de8,mouseland_kilosort
1204,a6466c290b2c329db2f08a4f46fd3c06189a3493,mouseland_kilosort
1205,a6877328fdf543456f3253b53038c8f7f16b52d1,mouseland_kilosort
1206,a6ba59a93305efca3c89c3588d3d515412b67f95,mouseland_kilosort
1207,a6c352cd3c9e44eb95da8e308419ba4b3192888d,mouseland_kilosort
1208,a6c80699588a062d79f413dea976e7246b1d104e,mouseland_kilosort
1209,a6e73fbc4c9ebe5b896d239bb2f7023b6e330893,mouseland_kilosort
1210,a704c5c1d91f903c5cff49de758520245f758332,mouseland_kilosort
1211,a71eccce2f21cf143490944c3b7fbf82d818af36,mouseland_kilosort
1212,a74f28e1e2484018e9f7c5b25110b16105fbe574,mouseland_kilosort
1213,a7a2971deaaa501b3f2bfc2a6adda1d60e4ca6ae,mouseland_kilosort
1214,a7d1edd14ec6dde6a4d8fa86531e2908689f9372,mouseland_kilosort
1215,a7dd5e851ef9e27edee211d2856eb6836dc0c2c1,mouseland_kilosort
1216,a813d4324ac0df0e6fb74cca786748714f0f39f3,mouseland_kilosort
1217,a82ee8bc740275ad0d60aba3ec7129fb96f1ffd7,mouseland_kilosort
1218,a82ef4f9923f405ba7e6cfd933d0a4a8376d385b,mouseland_kilosort
1219,a875a0e05c72570dba7b54f3197dc648203fd3b4,mouseland_kilosort
1220,a87b41ecf4228d0959c3790606a5344593b64b7d,mouseland_kilosort
1221,a8d7f5d012564e1132dfb10f7190894db9eefb5a,mouseland_kilosort
1222,a961f07f38593b44562ede1d041b3ff1a39973ac,mouseland_kilosort
1223,a96a45afdfa1eb21366a731b3b142c52f4fba994,mouseland_kilosort
1224,a9b83a3525c2abccd6701495e6da6ce4f8a2b1c5,mouseland_kilosort
1225,a9d8b6feef6d4e38aaf8703fd36601db7d4b2ada,mouseland_kilosort
1226,a9e2387f7cb9bb54485a8bea420425f8c7029b30,mouseland_kilosort
1227,aa4c08e8f9caeddfd6c14ee45eed67a8f7991414,mouseland_kilosort
1228,aa4c8796d211b492a62ab1fcc2471ea98dedc436,mouseland_kilosort
1229,aa4f7d29f23167c85630fcd9eaa95a65fc3c1b3e,mouseland_kilosort
1230,aa933c2d9e55fa77568ac6c5000a9da5325534f4,mouseland_kilosort
1231,aaac099f088901eeb53d8668a679cb5d5f482b5c,mouseland_kilosort
1232,aab841f4ddcb5d18a53597761cf85cb8f9a00b58,mouseland_kilosort
1233,aad6720b338ddaa4cc5ffe273e15c95f95c5ad31,mouseland_kilosort
1234,aafcb77b7e21bce2d96a326ce1949b0b7cb7d9ca,mouseland_kilosort
1235,ab03758dacc168b3dc4e447ae1bffa0524a8f60d,mouseland_kilosort
1236,ab0c37b86d2c2f47d07f7912245df24f9cbd0118,mouseland_kilosort
1237,ab121e38e7e6c19925b032de78ecc39fe1072b53,mouseland_kilosort
1238,ab2df6c15bfce37d96f780bacf0bef81e2c3e275,mouseland_kilosort
1239,ab42dfc5205dfe3acf236a1fe758b94af8874241,mouseland_kilosort
1240,ab458de1f4fc526d1207b061eec44e6b6558872e,mouseland_kilosort
1241,ab65839714409603c51f8feec0c2f268ad8ff8ae,mouseland_kilosort
1242,ab797c5024e74c9a1bf0832ad12b39be096f32ab,mouseland_kilosort
1243,ab98699eadb828dfc43edccf15b83de1d3f2b64f,mouseland_kilosort
1244,ab9c339873ea988ddd400ddc18315b9282b9d32d,mouseland_kilosort
1245,abda4d77844b1fb97f87bfe56857838082629c3f,mouseland_kilosort
1246,abddcac93bcd5e29197294b6bc3677cd4cbd30b8,mouseland_kilosort
1247,abf2d6414a1db072840064464339580e79be73c5,mouseland_kilosort
1248,ac0bdbe03642de2446ec207479b1ac2204a8ac5c,mouseland_kilosort
1249,ac1c0c141a6269e263db6b25a5d56d104aa73968,mouseland_kilosort
1250,ac34bb95619d98e051304c353c4fffcdd0b389f1,mouseland_kilosort
1251,ac4b453f641ab1e090884910dd0244e4628b5e1e,mouseland_kilosort
1252,aca577febe0b3a3c0074135cbc7dfae130a9a253,mouseland_kilosort
1253,acec15f6da60c5745b45226cb7f0049831d88ae1,mouseland_kilosort
1254,ad0d18eba02d4208a17e122c5854a58864bd2bc7,mouseland_kilosort
1255,ad341f407a778a92a5faee606d9da065ff44c944,mouseland_kilosort
1256,ad3abe8548c80cab52a2c3b1aa1954edd8ea3801,mouseland_kilosort
1257,ad462bd78010f1f872fffefa2cfe31e649361da2,mouseland_kilosort
1258,ad4c46d144ec892aaaeda82cc4ae54ff1aec9c8b,mouseland_kilosort
1259,ad6dce082530a6a6ea96a246327c564f583756e5,mouseland_kilosort
1260,ad8f507b2f7410c70603ac04171e18a02cb07928,mouseland_kilosort
1261,adb799f5cbf12a54875a45523d8b4bc50fbc8de7,mouseland_kilosort
1262,add4b8ad7df7f6264698590ea59aef2f8d8ddbb5,mouseland_kilosort
1263,addd06173de57e2719eb4985197ab7cae1e4b251,mouseland_kilosort
1264,adfc6975d40f0e8b20d33f4a7442482f38040e9c,mouseland_kilosort
1265,ae0853d4a09c07802cc55e44a13623523577125f,mouseland_kilosort
1266,ae1a9eb2eb98e586e4337e82483f78363d7e904b,mouseland_kilosort
1267,ae8bf9d49701e45440f727431a407484947ad87d,mouseland_kilosort
1268,aefc2f48406f26884e1a588aa4d647abebff3148,mouseland_kilosort
1269,af3966243e75dcb122fdeebdaf6118790347042e,mouseland_kilosort
1270,af6faad3549fafdec05daa940df921d042169b41,mouseland_kilosort
1271,af866036167091da0c6def6576c760491db0496e,mouseland_kilosort
1272,af95e2f0fdbf2463664dda527221514619bd0895,mouseland_kilosort
1273,afe135b2b3c48ac627fb98c14ad982ad5a0c2ac3,mouseland_kilosort
1274,b00b8f14ab75f6ae8133145952e2cd727fd94ccb,mouseland_kilosort
1275,b017eb6e3fa546af7b48e72e0dfa52a946cb5928,mouseland_kilosort
1276,b01e00c31d5e2051627721a5c6b97bd48b9a8682,mouseland_kilosort
1277,b044f9aecb9c78715d4069a9e0f90a14e08e0af9,mouseland_kilosort
1278,b052e2e2711201ccf66fc0f872825121607a9985,mouseland_kilosort
1279,b0a014a2f9dd683d24b174267f7965ddba0fce89,mouseland_kilosort
1280,b0d600485afccfdd3d3c6a9016d3faa7f7bf08f6,mouseland_kilosort
1281,b180388bb5771f5c1317251fb2e0cb666b17ecd0,mouseland_kilosort
1282,b180ca068b91c095168115d443c22e8bcd589950,mouseland_kilosort
1283,b1cca4da394d317a4d9a719da8233f4eac55ff92,mouseland_kilosort
1284,b230461d56742fda96c62a2ffca867c5f06be2e5,mouseland_kilosort
1285,b2338982f4b4511ca6257a30d089344490204905,mouseland_kilosort
1286,b241c4cb3247b64399daaeb0d97c089417c78fce,mouseland_kilosort
1287,b256cae5a13b62ee9b6c1da63e461fe252971fdb,mouseland_kilosort
1288,b29073e09b222254a78227f5b85f1b2987049eb3,mouseland_kilosort
1289,b2a7fa75f1c9bca4bf01a396804533edeeca8de7,mouseland_kilosort
1290,b2cc5009b569c83a2fe54dcb93b396c7f0c8b942,mouseland_kilosort
1291,b2d8eb44c5ca26dcff3e57befb8d91ec36f7e733,mouseland_kilosort
1292,b2f5ded41aaa7e13ed44bf43ecf488770ef54753,mouseland_kilosort
1293,b3491d60056438ad370cd4a68f0a59d075ce71d8,mouseland_kilosort
1294,b3cfc41c92211d4ac0343ca8df9c6a0674f598c3,mouseland_kilosort
1295,b3d6b07b55ac18fb5b7b7e282b734e86dba7e548,mouseland_kilosort
1296,b3f0dcacdd2482a32d1e8e7bd4b6bcae463b28df,mouseland_kilosort
1297,b3f24fc5664ecbc5361d4db2e415c42a81b7edc0,mouseland_kilosort
1298,b42754fe8e74b2a764d9906baa55383db58fead3,mouseland_kilosort
1299,b45be840748dc86a6df4bc2bb1fd727cf237d3fe,mouseland_kilosort
1300,b4fb9ee5cd7dd54fd4fcab12e4d95c6ef256a5f9,mouseland_kilosort
1301,b4ff7b2e15b20faa1bfaed63c23330c1313f2d6f,mouseland_kilosort
1302,b557701cf2ef29de13671812742f081d92d00d23,mouseland_kilosort
1303,b561d91cd87589957c1a58c988b36a53499e047a,mouseland_kilosort
1304,b5cdd814da2a0e23fc0ff5a20f723dd029e94534,mouseland_kilosort
1305,b5e6bca725747771058ced74d2e97dcca8674c3c,mouseland_kilosort
1306,b601339fe8c89cffb639f51bc4f484ecec06f5e4,mouseland_kilosort
1307,b6189c046e4543cd3a9b0191d14e1223980d4190,mouseland_kilosort
1308,b66e5670b562c2223dcc27d0bbd630862b622125,mouseland_kilosort
1309,b682db220009156b327ef52fd252f3fae72cab68,mouseland_kilosort
1310,b6a62ca2d99ef63610a5a9ba311a07bb52ce203d,mouseland_kilosort
1311,b6a63f12946a7fdc80b080ea5960da7c593de0c6,mouseland_kilosort
1312,b730d6bdb0dcfc5981e74518e921eba8afe83e8d,mouseland_kilosort
1313,b73f0fa605874bf28eb5f5c1592acd14707ccac9,mouseland_kilosort
1314,b750cc9f1fb6492a832f336d80a7842a80ab51e7,mouseland_kilosort
1315,b7582b9416bd3a7d908c05c433d70d1320520168,mouseland_kilosort
1316,b75a1695b94e6dfed7649b0dfc1769458d316ed6,mouseland_kilosort
1317,b7b350c26a714c5a5a3bf863d57cbfbbc64bce79,mouseland_kilosort
1318,b7b802de0bfc189d11ee56d3bdc5f7d9f3ca1f9e,mouseland_kilosort
1319,b7c9c045ac36494719a561ebc9552e63b2ed2d23,mouseland_kilosort
1320,b82c0f3be41d2c4750d10476014719ad89774c41,mouseland_kilosort
1321,b82e5620b16afe5f0ff4d805ec23801166c604f8,mouseland_kilosort
1322,b83f42694d0ee66e0153a21067ab0c44d87db75b,mouseland_kilosort
1323,b86f8622a7881cbbfd1f68d5cafc56eb6a94332e,mouseland_kilosort
1324,b874316eb495d0f6ebd222fb81fc29c290350202,mouseland_kilosort
1325,b87d70f427858d2deedf4da2f2ed7e4270941e97,mouseland_kilosort
1326,b898b2042d5c35755e92b64682e87e45646aed1a,mouseland_kilosort
1327,b91da1ab5ba96c1356f8d0d047f41508eaf60018,mouseland_kilosort
1328,b99801f92f615fcc7b45f179a1ed5c1ae8d68923,mouseland_kilosort
1329,b99e563748b7c8b13debf4352a6002247a403d0c,mouseland_kilosort
1330,b99faf36da088067c2029df279e5b3ceac148a4f,mouseland_kilosort
1331,ba0ecd17a7d0308ed2341c729a4630dd998315e9,mouseland_kilosort
1332,ba5ff908f1fc2221ebec2f7831ddb3c2d16007bf,mouseland_kilosort
1333,ba8b9e3b1ca9361a57d78412210d0e18b73331b5,mouseland_kilosort
1334,bab3acfdce96fb010de92b0b369bd526e86af6b3,mouseland_kilosort
1335,baf5e64570ddcf27d473dc503eceb618259d0a33,mouseland_kilosort
1336,bb4d33eefbdc5831e17d1c1298e50184b036c31e,mouseland_kilosort
1337,bb55e7a43a13829638be1034760643be54e95b9b,mouseland_kilosort
1338,bb596df4a8e9e574ba5220fe9d0d25bdfde5f41a,mouseland_kilosort
1339,bb9d292390823cb4e38a8e0d7faaf641262c9bdd,mouseland_kilosort
1340,bbcc130d3a9057e4e458ddb0ae5f5a2b5342e991,mouseland_kilosort
1341,bc4095ab6c027e6be6ea3fa82e7dca2804dec8dc,mouseland_kilosort
1342,bc45e1aa6f0801569b8df808c25308ed53712f53,mouseland_kilosort
1343,bc9807f8a13357488f7565960eeaff01d415050c,mouseland_kilosort
1344,bccf87f2ba5f77fb5b329a07a14d09f0ea87b105,mouseland_kilosort
1345,bcf218f2085d046ae46f56d9c914a457ebae9657,mouseland_kilosort
1346,bd16242acfda936b185abb0322af883c8ff293eb,mouseland_kilosort
1347,bd28c1d0c3d775d9720fdff6707f09c3660148f1,mouseland_kilosort
1348,bd2ad0166b820a8d8c5772b1973fa948624bafa7,mouseland_kilosort
1349,bd2b6651ba15e074757d2a1692a73a3f6ca16bfb,mouseland_kilosort
1350,bd3504789f8ebf3290427cd1730566b27ecfc613,mouseland_kilosort
1351,bd506492eac0b9d8c5688a1a649f231a8be116ae,mouseland_kilosort
1352,bd5c86e4e185ce2b575054efac5ef2cde0d69c65,mouseland_kilosort
1353,bd7931373230a5063f6156453e1069d986aa2c59,mouseland_kilosort
1354,bda899113808dc639a6a08ebe092d9174e19d89e,mouseland_kilosort
1355,bdd4f36f958864cdd2ffd8844b2fa4a0a48a8664,mouseland_kilosort
1356,bdf9366bc73b4d9c101595c10193a532e33b54eb,mouseland_kilosort
1357,bdfcf878446c6e612de3b13a2fe7ca70b4def91e,mouseland_kilosort
1358,be0ef920807a0a402b0bd7eddba6a5a105674507,mouseland_kilosort
1359,be47922b069dcd7b6bf05b03154db7269a7fd8d3,mouseland_kilosort
1360,be6236d0f66321f44cf88eb2f22b83b5e29b128d,mouseland_kilosort
1361,be6e1ce4cbd79006f665d1ea3e2adc6d7c885980,mouseland_kilosort
1362,bea9fb9b911651bf4849c26cc109a75d608a68fa,mouseland_kilosort
1363,beb0911d36a2d9231fff674e3ca3add5261ba741,mouseland_kilosort
1364,bebe577a0d15fcff6f5a7945ad2267c77d109b3a,mouseland_kilosort
1365,bec8e6f8c8ae139fc7cd3aa96566581b1366d503,mouseland_kilosort
1366,bedb5be6990835510b35ce37c147f23e7fd5e37f,mouseland_kilosort
1367,bf102406521d3e267139fdfed2feaf4b69779aa8,mouseland_kilosort
1368,bf365198cb8ab77fb1f02507c5bef9974b48411a,mouseland_kilosort
1369,bf70c74978b1d6c5f15e60a3d26ef87573c727d1,mouseland_kilosort
1370,bfa1b9f623df6a8126ee9cda9ec220565356c6f9,mouseland_kilosort
1371,bfc3c61056daf07982a463d083b1fd5aa2cb3be8,mouseland_kilosort
1372,bfc8bbceda91c1cec29c2d274a15d2059d1dffa1,mouseland_kilosort
1373,c00f68e1c5e331484d41c0cb56e5138b7500b89c,mouseland_kilosort
1374,c02657ee1e83a259ce4c50517055e9da9e6fab74,mouseland_kilosort
1375,c03ad8c28631986029e65abe40e535a8ead472eb,mouseland_kilosort
1376,c053881438e5223b838d6036e11d23d25849b89b,mouseland_kilosort
1377,c065424083cee190940b4373bc017413ed3b8485,mouseland_kilosort
1378,c08f372bda7991408b23d9952dfe292ea109bb4f,mouseland_kilosort
1379,c0e83ef4b78112c8d237e51f90c6504407b7ead1,mouseland_kilosort
1380,c0f51ea9df41bcd8774cdfdf424dffa0c6dbc53b,mouseland_kilosort
1381,c0f646fd58ca3c2ba96684b5505d39e439518fc3,mouseland_kilosort
1382,c11329e33db0503b65ae813fcaaf97f7269f81ad,mouseland_kilosort
1383,c15f7d2bc22cd6d319cae5325907fe72ced49e7a,mouseland_kilosort
1384,c19c31bde59eef974bc4048cbef87597e361cca7,mouseland_kilosort
1385,c1b92b8cd0889dfba7d8586fa5eba39a1f60336a,mouseland_kilosort
1386,c1df9fa3a722898dc287262d5d5143213266d0f7,mouseland_kilosort
1387,c1e015eb109f8c29c94d931834a57d24343e758b,mouseland_kilosort
1388,c20a524f869466cbadd6bc776df680e963e57707,mouseland_kilosort
1389,c2392cab2554031eb487e06489541c0228d8d521,mouseland_kilosort
1390,c260854844eacaeb75a290a57725981e3ceca529,mouseland_kilosort
1391,c2614687f71b8bb3e772606a1388b9e4f29bea22,mouseland_kilosort
1392,c2b3df411dff7f341a92d994cf5dc71f72e2a82d,mouseland_kilosort
1393,c2b49f0f2ded520d6e496cc908e5f6d8012ef6b6,mouseland_kilosort
1394,c2e6dd95c70c41715d8e32bbcc136bfbde9f506e,mouseland_kilosort
1395,c2eaca313d21751370a5c985bd4e467de6bdb61d,mouseland_kilosort
1396,c2f1753daf89e09bd1b2c79942f6961818bf3339,mouseland_kilosort
1397,c312d5e8bbc1fe6b4ba994de64f31e6122e07205,mouseland_kilosort
1398,c3145129e14ce43703791afc8c67169bf8ac16d3,mouseland_kilosort
1399,c31df11de9a4235c22a20909884f467c3813a2e4,mouseland_kilosort
1400,c3573704a18bc3ca42f866a45145418b40a9cdb9,mouseland_kilosort
1401,c397df44a9f131d83860ec5835e704932bd4df62,mouseland_kilosort
1402,c3e33561838344abd93b8268c6ffb69f7d852143,mouseland_kilosort
1403,c3e95cfc24f90b863ad7e81b4657a360438b5739,mouseland_kilosort
1404,c3f24e6229e9201a828803cdf979e8fa56d8a324,mouseland_kilosort
1405,c3f415d0e69f1b61d026925150313a8a7bbb700b,mouseland_kilosort
1406,c3f4459c7994a380fafbcbbfdccf41bf6db9a2a8,mouseland_kilosort
1407,c4106d8493ab21ba72a7fd8ea3f522e9d52fc26d,mouseland_kilosort
1408,c4301bbefc6db2c2f59d9486d44ad253b1d7bca3,mouseland_kilosort
1409,c43f52452e474024a75ffed4152bce1ebede4eed,mouseland_kilosort
1410,c49915c2b548e98362fed7f67f87a81fa82880f1,mouseland_kilosort
1411,c4a6c588b6fee6612d032e9bb9cde766ef01a736,mouseland_kilosort
1412,c4af5720535b89b879a6753c159a5b59c5cc785e,mouseland_kilosort
1413,c4ed55869c8538ee632bd5dac6399854b53c46b4,mouseland_kilosort
1414,c4ed5dd093e6b979756f2e5c85a781ff100079b3,mouseland_kilosort
1415,c4f14d396754753bb63c8ae3c7d9d9a8d71973c4,mouseland_kilosort
1416,c5a21d3f59191595d58d0eb8863da605e6c2c3e0,mouseland_kilosort
1417,c5b32fdc67007333464b06c4ae46dbf11e972d1b,mouseland_kilosort
1418,c5e671733a78b12c0ecf4ada831a08376d08ed40,mouseland_kilosort
1419,c5fa6a770d2ebd3b1e00f93311ba1a9d0b43a2ef,mouseland_kilosort
1420,c60ca6c3af22ae01c0c1dfc305f08570c3458187,mouseland_kilosort
1421,c62c3db79f80a0066bb0487bec17383960d46be9,mouseland_kilosort
1422,c6647412a82d97e884cb11efcbac2fbcf85ded1d,mouseland_kilosort
1423,c673115df751833ca004f4a82403922962ee2b01,mouseland_kilosort
1424,c6cd856806156f1db5a44d15e5a2237a16708f53,mouseland_kilosort
1425,c6dd6ae9c7525d1d9dab100c71bd8e9e2105efa5,mouseland_kilosort
1426,c70431cf3bb1c20fa90f65e633202afd05c24b91,mouseland_kilosort
1427,c71280a4efb30308f73a888a4f0dacfb77f22349,mouseland_kilosort
1428,c721663d539eec008077e96996a18e50911f31ea,mouseland_kilosort
1429,c7456a46a65cf43325068fe4cb0ecd5cd2943102,mouseland_kilosort
1430,c7554e0912c597c9881114accbf5718d9e73e225,mouseland_kilosort
1431,c762ba5426cd0a71757596331503ecac3e185edc,mouseland_kilosort
1432,c7711cae52ed4618ddd09bc4aaf687a499b3943e,mouseland_kilosort
1433,c7895d55dabc088c6939f5b52cc553a567923d76,mouseland_kilosort
1434,c79908fecf00f2a17a9cf47f5ced741f1a9362ca,mouseland_kilosort
1435,c7be0ad93178a1befacde411e87a9323d3037c48,mouseland_kilosort
1436,c7e5b5dff195895478b33c394f90fc8cb7ca08b7,mouseland_kilosort
1437,c810e90d2024ddd10cded9320b16a3c009cfcf9d,mouseland_kilosort
1438,c852641526acb0b19cb80d799d0a773caadbed9d,mouseland_kilosort
1439,c869e29963bf37138b02847ed065c0dd81439301,mouseland_kilosort
1440,c8e0bf5fb51faaf8b8bbc14c7f9b60d25617ab29,mouseland_kilosort
1441,c8f4771bc53e3d0929e1849107dee8191e6dd153,mouseland_kilosort
1442,c978a89baa2b40d1cef7626c428a737aba7a573f,mouseland_kilosort
1443,c988bbef9e9d4f06b229f0091e8d410e90a09e9e,mouseland_kilosort
1444,c9a03653b5581edd81d7e0eaa09b16dfedf71395,mouseland_kilosort
1445,ca1e51ef8259bab116fbc0aff5f262138c549364,mouseland_kilosort
1446,ca40ffbde29bd4b6e5e5426dad9a4fc8c6b3f505,mouseland_kilosort
1447,ca487403d90f60d02e9b2569e9afe759806bae65,mouseland_kilosort
1448,caa90cc6fe846865d5ec813dd5274615e7997714,mouseland_kilosort
1449,cad48e40fb37c73fcd420f2e37b2c507fa2e2f33,mouseland_kilosort
1450,cb003a51c68880e8c3a9d26aa5c602c78e47d1ef,mouseland_kilosort
1451,cb004d11f58cfb16cc5a9c449b38d8c2e3b64a03,mouseland_kilosort
1452,cb0624916ff143cba5d7f68238f822e699b62f60,mouseland_kilosort
1453,cb5071dd57818f1f6d505ce78938b925c39f58de,mouseland_kilosort
1454,cb789483478e7b7da36e1c1f95bb30d8f62b8ffa,mouseland_kilosort
1455,cb8afeab90d65ce4ad905296f99fe77273947480,mouseland_kilosort
1456,cbff2fc78f2223d585382aab177e4a64d7535f8a,mouseland_kilosort
1457,cc56998e28b08c69de35ebf5dc7e471c6a7f4934,mouseland_kilosort
1458,cc63d2a12efa6f996c348350ecf325359cda214d,mouseland_kilosort
1459,cc8887007932912cd4df9346f227936c4384a7e1,mouseland_kilosort
1460,cc9410701cd00fa5e9a581eabc115cf76a8ef033,mouseland_kilosort
1461,ccefddf001564c4594bfba2b88e8a276b4e44f37,mouseland_kilosort
1462,ccfa5dc9bc5fcdab0105b1aaf4736ffbf5949a5e,mouseland_kilosort
1463,ccfe1f1264ec2d539006fa7d057885ddb9c65a09,mouseland_kilosort
1464,cd14c348ca11b46eaf763ffe4f6b6d280d339e32,mouseland_kilosort
1465,cd80976d715ce8935eb3f332a624370933368f7f,mouseland_kilosort
1466,cdd9d2a782a4b456b5dd360dc5c3645b715aeb2c,mouseland_kilosort
1467,cdee45b45282ad5290aa80266af038543303770d,mouseland_kilosort
1468,ce171e1f44ff03120ea31b2e0f751ebf3f3b0d0d,mouseland_kilosort
1469,ce2052901c7c27971cf73831fd3372221bad6379,mouseland_kilosort
1470,ce75511fcad3b77e92190636b3da560d12deadc0,mouseland_kilosort
1471,ce8b546e5f62e7f96092067ae8631496f8820ac3,mouseland_kilosort
1472,cea49e39c7f44be7c72acf058abdbebcb2fd271c,mouseland_kilosort
1473,cebcf62d5cf308e67d53290ad97f5c1874257caf,mouseland_kilosort
1474,cec674c6c9f6ece994ffc147f10c69de49f9c0fe,mouseland_kilosort
1475,ced46b9e605245a61edcefaf835d025e022f73f6,mouseland_kilosort
1476,ceec9826439169cedaa31fdbf4647beaa89cb5ba,mouseland_kilosort
1477,cf1a507ce09f76ebd2dd020da5fed4879fad2f5f,mouseland_kilosort
1478,cf8af94096d2b334e7d2ac4540d8ad50b4d1de51,mouseland_kilosort
1479,cfae370e2ffbded2494067ba687e4ecb2043f38d,mouseland_kilosort
1480,cfb474f2ca1945fe3bf72f783909649677a0946d,mouseland_kilosort
1481,cfeaa8eb8b144d01c73276eef56ebfbc9279f851,mouseland_kilosort
1482,d017b66ed0572682079153680fc51ab129bc90b8,mouseland_kilosort
1483,d0477def31454287ebb7e70ce35a210fc53422ba,mouseland_kilosort
1484,d058bdf44911d1d8dce5b4fd477881a7a7cb9ad2,mouseland_kilosort
1485,d0a15aa4ed2fa02ee36b1f2f2bd29c86b93372cb,mouseland_kilosort
1486,d0d98c1c9c2707ce77b73fd993ef553f348d87e4,mouseland_kilosort
1487,d10811ae78022119c3d615b68ee88bd2ca2f0d9a,mouseland_kilosort
1488,d1505272b9914cc893886d739e57b04b52c3b8fe,mouseland_kilosort
1489,d15688b9508a4984125caa11c855e68bb964133b,mouseland_kilosort
1490,d1b7b5ad422bde9d463480288f9f783616f7f9d6,mouseland_kilosort
1491,d1bdf2f4709d62084c105bbb356ad97a5b9ae1d9,mouseland_kilosort
1492,d1e709be423b172cec9bd8f081a21b31bdbd6b45,mouseland_kilosort
1493,d2002e1b6ca78d531ad13b53fe1c2e66fe7d425a,mouseland_kilosort
1494,d2019f378fd09462a96d7e10d07ef03469776954,mouseland_kilosort
1495,d22f6ec810c8367a845eee430141a0001e973932,mouseland_kilosort
1496,d2320362127af3f2235774b37c0674f8f0a8e00a,mouseland_kilosort
1497,d250e5c44340460899ec7e6327ab31622846fac9,mouseland_kilosort
1498,d2696a30475960ea3fab465adbb52b7bfd89b3cb,mouseland_kilosort
1499,d26ae36cb6646be0c5b2efe1843e917510add3b0,mouseland_kilosort
1500,d29cf50538f1dc2031d399f192f27e7730c8242c,mouseland_kilosort
1501,d2b5c27465dae22b861e2a5183b6830e61ec4297,mouseland_kilosort
1502,d30e51927314e15cf46ae2be135d90c9ddd85d6e,mouseland_kilosort
1503,d32f9a4d232f5e3ccb9bfe714bedd2f0e9a44021,mouseland_kilosort
1504,d3482701911b3a4782145781e2bbb4f1ab768e1e,mouseland_kilosort
1505,d34b1793947fa1bbc455511844b1dc3144a69d97,mouseland_kilosort
1506,d389522be2dfe20d120ae6747e4c2df679d56759,mouseland_kilosort
1507,d3ccd05b5a2501b83f849462b60f5e3d3ba49bf4,mouseland_kilosort
1508,d3ce31793b6f310671f385369704ab50f3dff5aa,mouseland_kilosort
1509,d3d13821359b4eb3dcfa1db1aba861d339f2cf6e,mouseland_kilosort
1510,d3e7ef2c2ed3b185e33303a47b4eddd5769dd529,mouseland_kilosort
1511,d44424387d58ff378fdfae3b77ee5d631973990b,mouseland_kilosort
1512,d44a48779b85a47e002f3cac3f175c7ab2fbb815,mouseland_kilosort
1513,d469b9384fed9376ae29e1fd712108a0baae9e65,mouseland_kilosort
1514,d4bff08201df015b0609b3b10bedf4eb6370f558,mouseland_kilosort
1515,d52a35d09a15e0fe54212a508177328fd7594570,mouseland_kilosort
1516,d55179f4bed45d4f17e5481283bc3f260212c1c7,mouseland_kilosort
1517,d5799b6c006e358e4cbf5ddfb618df6fb8be576b,mouseland_kilosort
1518,d5cf78cd4679771404892ac0b154b52dcf31816f,mouseland_kilosort
1519,d5d73eb2c00cba3c93d1bddd3167f4b06f4d5921,mouseland_kilosort
1520,d5de48e2377cb10d61e70ba32ea6e5beec6db857,mouseland_kilosort
1521,d6103a71184e5d6661b2b3f457e9b22b7d5ef851,mouseland_kilosort
1522,d628ed691a8064eb5fb7d4121a52d7ed56dde7a2,mouseland_kilosort
1523,d6391a58ee0654585b92749cb8e0816b729774b4,mouseland_kilosort
1524,d6590899f18e67be1ab5604fd3ad35c34b10912f,mouseland_kilosort
1525,d675583fa9fad276dfe019c9361350e633100e78,mouseland_kilosort
1526,d6e348275c8852038bba1ffd0f5a229d10a9cf4c,mouseland_kilosort
1527,d7034730b2e42d800e7c9e746608cdb4d5866c77,mouseland_kilosort
1528,d74d45c3de5f330c146738e7899b0facb8d510cd,mouseland_kilosort
1529,d7519a40f13eacb948f76815aa97fb6acef141ff,mouseland_kilosort
1530,d769bfd602e10c51d18d7a17446bf3e4976a43e1,mouseland_kilosort
1531,d790c27890b6d670592bba0dd281c52437fba396,mouseland_kilosort
1532,d7ade8034df625b052c02fc34b7199d997221430,mouseland_kilosort
1533,d7f9fe341ae8f79ed8fe00a1b5af4120ada02d19,mouseland_kilosort
1534,d80331bfc222fb34fda89c5a6fd5d9cf8d58eef8,mouseland_kilosort
1535,d813a5f3fe9efdb86aab2645258299c99bc2252e,mouseland_kilosort
1536,d81e9eeb152395b777631bc9ca7da15513bed1cd,mouseland_kilosort
1537,d862b6bb4cccadd312b6811f716a9526aa7b53b6,mouseland_kilosort
1538,d879c03f968307288bbbea11f10bec00127ddc44,mouseland_kilosort
1539,d8942c664ebded8c14dca67b4a160d34c5cbb34c,mouseland_kilosort
1540,d8e119ffdfc9a38c221c3b80960294213000b296,mouseland_kilosort
1541,d8e9e95d5348f2428b50ffefda34cd93a37a531c,mouseland_kilosort
1542,d9096bfaa39b0e84b589079d140f9c1215d6a7e0,mouseland_kilosort
1543,d915f86c8c02a8c11c7a26965c54b06edc69154d,mouseland_kilosort
1544,d92fedb94932ee5b35d73d13cdb6808bdbed9955,mouseland_kilosort
1545,d952938bb65954c0593d4aa5bd846e8d3fc94957,mouseland_kilosort
1546,d97d42a7d899562fde6bff1bbffa26a91cef5e51,mouseland_kilosort
1547,d99d30543e69e1a2439a7c49b328f835494e9169,mouseland_kilosort
1548,d9add4ef3315021144fb8027195e9a55418044b2,mouseland_kilosort
1549,d9afe67f6567a1a8cc5304e5e92ece96f73ee402,mouseland_kilosort
1550,d9cadb7f9638d5cafa6c3c36151f9fb6fccd2577,mouseland_kilosort
1551,d9d4850fdcdfef9842b6a36fb66cef888f02f28f,mouseland_kilosort
1552,d9e27689cb3409a2b44141e443bb4d887c30a19f,mouseland_kilosort
1553,d9f70b04754caa20b27d4a0e6587038862bd9e58,mouseland_kilosort
1554,d9fa83e0071b0bfcf4eaeaad583f6655524db323,mouseland_kilosort
1555,da21e78de7d4397af1927566d9362e90515af91d,mouseland_kilosort
1556,da312f6745615edb84e74cac5c45091c32b3b4d0,mouseland_kilosort
1557,da5dae9be3b37f0cbf2a36f91cb47cbc0ad6bcdb,mouseland_kilosort
1558,da943dcdfddb64f8df30ac12eb096fbf1066e939,mouseland_kilosort
1559,dabe1b300baa5468f94aaa4c0273e4edf3b8b6f5,mouseland_kilosort
1560,dae31a6e046d19f67e33392c88ac036a1d79c507,mouseland_kilosort
1561,db107d7e4939bcdd094f579269ce772355f0d9a8,mouseland_kilosort
1562,db1443b973e07d0760e0a15048a2093637fdfea4,mouseland_kilosort
1563,db2e126474eaddcbdbb23221cf843f31d8c88926,mouseland_kilosort
1564,db3a3353d9a374ea2f71674bbe443be21986c82c,mouseland_kilosort
1565,db59c354adb06ad0b976844aacd8f26b965d54f5,mouseland_kilosort
1566,dbb706b084ad22666bdb822b17cecd6ce4461e59,mouseland_kilosort
1567,dc02b60b45bd8eee856af5ff1f912f87f462c421,mouseland_kilosort
1568,dc56fcdaa8796903b5117bf227dd0630db18d64c,mouseland_kilosort
1569,dc663d4dad4fb089de1e6f3cc6f3d6910c8d9525,mouseland_kilosort
1570,dc6af701b46acc48c38630ba52a1aeb0adcf7a09,mouseland_kilosort
1571,dcc8878205376875d58b86578e5948e824c7551e,mouseland_kilosort
1572,dd472f44d8f3b5e3d913a6cdb469929ad4046716,mouseland_kilosort
1573,dd59e2a004dcd4c1c7e82accc8fe4e249db23b67,mouseland_kilosort
1574,dd96e6867643ebb58924d4e74b882f42e9c972e8,mouseland_kilosort
1575,ddb0004c09ad685ce929ee79aa2ce6418967c911,mouseland_kilosort
1576,ddb16d12d06355ee727531e7a3130ed387a9b272,mouseland_kilosort
1577,ddf63e4bb9781ebfe424e2777563fed5ac3e174b,mouseland_kilosort
1578,ddf6a5ac57523fa32bb85d7d92e6b364fa0fb62c,mouseland_kilosort
1579,de0edc15021688a08be431f796e5b708ca146541,mouseland_kilosort
1580,de159f28de266d4deaf00bdded6822a576d6f6e1,mouseland_kilosort
1581,de31a2876a9522cf1cfc0e03262ef2a8aa0dcd5c,mouseland_kilosort
1582,de881f273f77dcc794d69b65c59e70c66bcd6b18,mouseland_kilosort
1583,de88b8a293a533bf5fd3a39ada3b2d55f6ca584c,mouseland_kilosort
1584,decbd8796622adb31e5fb9ab6cce0174ddb2ad0f,mouseland_kilosort
1585,dee76196310709138eff028800f5685a895eac2b,mouseland_kilosort
1586,df22e61d97908520872b5767fafe12001b77cd5d,mouseland_kilosort
1587,df3787c700a5cd039bd09f4da86d9bc02e38884d,mouseland_kilosort
1588,df57ba75c5009c12b09b52bec809d450eb0b7c26,mouseland_kilosort
1589,df5fc18c310913bb34fa1f7c270ce2f5a67ff385,mouseland_kilosort
1590,dfaaf6bfd8e3a5cb399bfcf3c5113ba389eca8e5,mouseland_kilosort
1591,dfade12aa2295dd9c0147a6ad8d80208a3b3dd15,mouseland_kilosort
1592,dfb4c39b3a94878a48dee4b37c5d3ecb2132a552,mouseland_kilosort
1593,dfcbc9672aacd3f59b4abc17b857d5ec1dfffb92,mouseland_kilosort
1594,dfeaf41ca6d64de355b005cdae0c74a7bcea0327,mouseland_kilosort
1595,dff0bd493a10150fef0a32631d9b74848e2b6339,mouseland_kilosort
1596,dff66f3b3461f568b956cc23849c9a0d694748fd,mouseland_kilosort
1597,e0203bbd9c81c0b5c0050501d05667fef6eb6a46,mouseland_kilosort
1598,e023e5d8cbf2b68f089067bb9cc3f679f71cf161,mouseland_kilosort
1599,e02c68afa3935363717e0cf7acd19711db556280,mouseland_kilosort
1600,e04640d0ecab98d4563041ac2ef9110a2a782f68,mouseland_kilosort
1601,e04b44534fdcdbea02a79fe18bb694cd44ffb46a,mouseland_kilosort
1602,e05cb0292bcbf5ad7395ee2b62603d7c1015d7ae,mouseland_kilosort
1603,e06ddd6545bafd6ada22912d597407a31d68d82e,mouseland_kilosort
1604,e08a328923070791f80ce07c2950789464e9bc84,mouseland_kilosort
1605,e0ad271b27a650d1c36fa57cf1b2b4ece49c85d7,mouseland_kilosort
1606,e0d2ee7036b84b69a6768e9832f2c34963b101fe,mouseland_kilosort
1607,e0d3b89c3f33ccd54d8166da6a25958d0d95c854,mouseland_kilosort
1608,e143ef0340600e271956455b544b73bf4537208e,mouseland_kilosort
1609,e1b4d6114d2bed8b5e01f56785a8314d8882bc2c,mouseland_kilosort
1610,e1c08b74bb4525f57fd712d0cb36eead06ae3689,mouseland_kilosort
1611,e1c0ba8b71ff5b79ed0909bc6432b1df7152a5e3,mouseland_kilosort
1612,e1db1f0a6ec781688f2851876fb06f06f92a3f21,mouseland_kilosort
1613,e1deeef75b8ea75504816eb718959aba9f4730d4,mouseland_kilosort
1614,e2134b3597cce33aebbceb44de12c21d180de804,mouseland_kilosort
1615,e219c08ab5288133005fa04f7d4eaa56cfff0b69,mouseland_kilosort
1616,e243c934339ee9e9e7fa0f5c6da9e16d57bc380b,mouseland_kilosort
1617,e25d38f1fa200562635354db598013c0b576fa70,mouseland_kilosort
1618,e25fd77790d0b45c76818de77a56fbbbc7f78dcb,mouseland_kilosort
1619,e28d8de9d21a312201d6d779f7d0ccecd5a33c42,mouseland_kilosort
1620,e2909f9b1a25704461513131bce00ac0afcd379a,mouseland_kilosort
1621,e2b3a1d0835c52b7087e4ad34b4782ef146368f3,mouseland_kilosort
1622,e3312fe0d0d3fb8b7f82542e49d3e18e303fa66c,mouseland_kilosort
1623,e33dbea19196121b07e02106507fb9544d0f0029,mouseland_kilosort
1624,e3494670dd3955ca269273d84bf2a428f7d5af50,mouseland_kilosort
1625,e3b3ead9fef9f6f4cf9f69725c5871d081b9e1db,mouseland_kilosort
1626,e3c01d818b34e642a810e42725c8f2d16c4b7be0,mouseland_kilosort
1627,e3d5f0b85c156f11eba59ff9f678d9c66a10c943,mouseland_kilosort
1628,e3fd45ba65f17951d0d6c000e241780658bb006e,mouseland_kilosort
1629,e3ff26244d204f479df1322cf7a6d6587cfc1af1,mouseland_kilosort
1630,e465802fdb9dbfb1dc13167db4abc6092f094402,mouseland_kilosort
1631,e4bf079d2265c09286d2d7d8464ac1b93e16908c,mouseland_kilosort
1632,e4d9a379cac02a8aa0e957d8fa67d55659383e8f,mouseland_kilosort
1633,e51461ebf8820fa34f9b26e41e8d965f7dc5d34d,mouseland_kilosort
1634,e5272fc9941448c15b5178b3cbb3ef82f40ce2e5,mouseland_kilosort
1635,e529204e8eed442a8391fcc49fff7f592f58957e,mouseland_kilosort
1636,e55ca99610e22ecf86c44d96a4525d3f03eb8a3a,mouseland_kilosort
1637,e5615f621d1bcd0f9d4ace7f40c09c22a5a182cb,mouseland_kilosort
1638,e590c0793195f2bcccdfb38cbf85442f8e71b0ba,mouseland_kilosort
1639,e5dc58d596ee6235b395d38e630b1b64fde48749,mouseland_kilosort
1640,e5e5bbebd67488997bcd0edb42d5fef2e83efa57,mouseland_kilosort
1641,e613da9870e739b25d532338435f4dde098d8ecd,mouseland_kilosort
1642,e61b060a67eaf338d5023be70a5c6714feb657ef,mouseland_kilosort
1643,e65152371a1725fd2c350d334012c15a23d4b0ad,mouseland_kilosort
1644,e65c5925376260665679255c954b5550f0248494,mouseland_kilosort
1645,e681ca78a885fa4df7b786bab1c18ac4572c427c,mouseland_kilosort
1646,e68b44aa4b9f5351920f6e9d4f471c814fda5f43,mouseland_kilosort
1647,e6a1bd7dcd25300232c13bf425f7e7d0236f870c,mouseland_kilosort
1648,e6ac7eb33c225fe37e8cccab428b7a6a3e440e96,mouseland_kilosort
1649,e6d58eb66cf6c7323145122541b306ed97a0c9ec,mouseland_kilosort
1650,e7156a6ecfdd4f8cb52ebc5a3cc94cd513909b6a,mouseland_kilosort
1651,e74338833fa4b03bce9f2a9ae2e3554581a645d2,mouseland_kilosort
1652,e759062b37b12a2bbfb64913866b3ca5df99c2f5,mouseland_kilosort
1653,e7740f6de9bc55b471521d37ac991eee483a5a19,mouseland_kilosort
1654,e784f5e0a7220e2733ce1a5d659f6375d469f5d0,mouseland_kilosort
1655,e7bdabf030c40def1fb2ff0526108dc2c0f9068d,mouseland_kilosort
1656,e7d138b3cdbfa63ee4e7641ab1bedc5c7708a3ed,mouseland_kilosort
1657,e7f502aa64b7adfeffd997ab2d88f1bb866772d5,mouseland_kilosort
1658,e7f656015273b5ee021152e7a16abca9b6bbe6e2,mouseland_kilosort
1659,e83da8f672f226daf2970d375b3f707a488060e0,mouseland_kilosort
1660,e851d2cb085c22482127d446f673d874b2245b35,mouseland_kilosort
1661,e884a480d574dabdef036d53ba0d349fc1e84391,mouseland_kilosort
1662,e887904a2fb1ac2ee7cf3217ed3394f0c011d4b4,mouseland_kilosort
1663,e8a78f828d00eb566849021e67c42761e9187f2b,mouseland_kilosort
1664,e8af7786fb50e7053782369819ecbf5caceb83c8,mouseland_kilosort
1665,e8c9d765764778b7ee5bda08c982037f8f07e690,mouseland_kilosort
1666,e8e9d0e1017bbad2e03e37a5611303389a5d8da1,mouseland_kilosort
1667,e8fcba389f39b596eae3f067af8ce9387f73758d,mouseland_kilosort
1668,e90436065dbc47a7fd15086377c2ea6cd826a38d,mouseland_kilosort
1669,e95ade629f0b891a00dd5d2fa5ea9c42d3962429,mouseland_kilosort
1670,e971440d21548e5dcd1a5347f2cbe767fbe68030,mouseland_kilosort
1671,e9724e3dcdf7bed5b2f3ba696d4b4fe999fe80b1,mouseland_kilosort
1672,e983ae9ab38f846cd96323a45cd991022d76a51f,mouseland_kilosort
1673,e987340d13303a61705a7b5e935b54b3b49f1820,mouseland_kilosort
1674,e999047e8ce62bd95b30fca650cc471d78237ffc,mouseland_kilosort
1675,e9a79346400b5dc0ffb444aac448698e9e319b7c,mouseland_kilosort
1676,e9ff7d71d908c3a9ea8669ec36f288f37b4c0eee,mouseland_kilosort
1677,ea0d8bb2147cfedc19ce0a816ee2242106a5c671,mouseland_kilosort
1678,ea100747ebac8435858f0d33ce87b8c9cdb09193,mouseland_kilosort
1679,ea30f09789cf7b8d102918c84d7b4e221b917865,mouseland_kilosort
1680,ea429d9f86e2dca6c68e75993f325c83b7b0726e,mouseland_kilosort
1681,ea63db9e5cbcedc3f80bab342b72cf7d4345689a,mouseland_kilosort
1682,eac3c3ac16f8eb5abb65c31b2f5d6e3f517b6077,mouseland_kilosort
1683,eacc84fb0844926ba6f8a2bd13308d2409034c2f,mouseland_kilosort
1684,eb0c51ec1196b10035c6b501348461737a076ca6,mouseland_kilosort
1685,eb3169915347e9240eeb646bb1bb1c2bcb359fdc,mouseland_kilosort
1686,eb75d7c900f59f3838fabec78de56157e9f32d86,mouseland_kilosort
1687,eb903b8abe1696a059920fc294df463a32bc04d1,mouseland_kilosort
1688,eb909b11d0dd93f30641d6c20b27f64867d60953,mouseland_kilosort
1689,ebb87f2db1bca5e0ccc3104b24d8498475d1f375,mouseland_kilosort
1690,ebb979710f702fb2dec7d2fbec17294d98e6aa30,mouseland_kilosort
1691,ebdaf5de4c3c4c19ba8f138184cb705ed8720e57,mouseland_kilosort
1692,ebdf66e4f14d509f40d57330f453504e385eb2e6,mouseland_kilosort
1693,ebea0156c22dce8363040e78e56535709b130c2a,mouseland_kilosort
1694,ec0377e873951d9c9a37db02e7e6480bef6e13e2,mouseland_kilosort
1695,ec12f4ca781abf32548e111ada3ef764b6b8e683,mouseland_kilosort
1696,ec1a5f34e8022195f33d8cb1033dabbc494bd17e,mouseland_kilosort
1697,ec8e8230f7e3614cd04018fc6aa71fadb1b89e52,mouseland_kilosort
1698,eca36a92ca8a7dcc7a567219f06af7f698eb6787,mouseland_kilosort
1699,ecd927fe5bfed36b385984dd096d2454310c4c76,mouseland_kilosort
1700,ece4ba6bd66709d3dde93d44d5418972077defd5,mouseland_kilosort
1701,ecfd82a86404fcee4a0cee058aaef02e7ca70248,mouseland_kilosort
1702,ed9abbedf63d177a491ea63508c7bc98cdfeb4d6,mouseland_kilosort
1703,ed9d02e45f1ee5f02f3e96559dbb3f32845f521f,mouseland_kilosort
1704,edde277eacbf699560658c98c3552bff143d23cb,mouseland_kilosort
1705,edf45a0ef4c08576b6fec32e31e04a6ceed8686f,mouseland_kilosort
1706,ee01d979e30e04f2fefb2a3d3d82b375f141c735,mouseland_kilosort
1707,ee0f9207b65c2e78f8a3f24277064d07ba345b97,mouseland_kilosort
1708,ee170d5052136af1377d1a04a32bf154a0d0ddf6,mouseland_kilosort
1709,ee2084a1a6da963a65faeed53d232d9583e1910b,mouseland_kilosort
1710,ee31304b139ae63fd4d51ab28214f1ad451dbb86,mouseland_kilosort
1711,ee56e526690c195da9c340ea3e936f7dd37f442c,mouseland_kilosort
1712,ee79b8867a3b9f74554dff75d16d2974a599c696,mouseland_kilosort
1713,ee8aaf16dbc1319147517c69ef719834abb6ff72,mouseland_kilosort
1714,eec24a1f0f7d43cfa9f2b07646425db585e95070,mouseland_kilosort
1715,eec5bd5a8bc06eb226c29a190111bf020d8b4152,mouseland_kilosort
1716,ef04f43fc9bf6ba5f51b12d72863e124681f76b7,mouseland_kilosort
1717,ef06f78418b392c8698f71f7a030e45af4a8d295,mouseland_kilosort
1718,ef217b6fba8ae453af1369774bd4471848009570,mouseland_kilosort
1719,ef5bfaf61dfd42c7674fc5d3b7d64298bb4d6547,mouseland_kilosort
1720,ef62fe5b91f9f2567563b167e63ccc5848484c8b,mouseland_kilosort
1721,efdd3a2692def42f609908d82a2008003b0da1ab,mouseland_kilosort
1722,f0033a1002f31d70cd8f04da93b6baad1f26a9cf,mouseland_kilosort
1723,f024bf5ba94325f4e4cb57068190d553344c18f2,mouseland_kilosort
1724,f0657996dba212d748453dc278ba9d0ba7ea943c,mouseland_kilosort
1725,f094f35d05e481e39315657c7263b3e7c563bc25,mouseland_kilosort
1726,f0a3e3c8c64e3240a8cbfddaa3924446b0ccc7d7,mouseland_kilosort
1727,f0b4936b624fb6eb97f6397fd2e80983efb2d3c1,mouseland_kilosort
1728,f0c4b85f36f9f691ba60bd5c7515cf7d56216080,mouseland_kilosort
1729,f10a35f0f1d1935a08fedade9f6034239e1829c3,mouseland_kilosort
1730,f15dc357752b6aaee64cdd86392cecde153cc4f9,mouseland_kilosort
1731,f16dda7b93db10182f0c74af27c2da8ca3635421,mouseland_kilosort
1732,f1b409738fe5b90411d689b6031a51aa4ef3aa9e,mouseland_kilosort
1733,f1c2deb7c330ca78e1c567a6a3dde38405aed4d7,mouseland_kilosort
1734,f239383c2fc33b522d4c645a0dece2e7950f96bf,mouseland_kilosort
1735,f2438269bd7a1cba49758f38542e03e8743eb4b4,mouseland_kilosort
1736,f275e3ed128014b48ded568bdd0597d756019611,mouseland_kilosort
1737,f279f4e43116e6b5fa6917b8708d922b51d20c03,mouseland_kilosort
1738,f28f80d41ed58817056899b90369b080d4ebb550,mouseland_kilosort
1739,f2c26f79970c592805fca2b2fd36d9fc435474cd,mouseland_kilosort
1740,f2d663009ee8ca16d8ea0d64e83738673459f6e9,mouseland_kilosort
1741,f2e505b75c5f13970a86d47eba9533785424e447,mouseland_kilosort
1742,f2e570c61b6e920d361bcae6e2350bea03a16506,mouseland_kilosort
1743,f2fb85e5a5d564ea1b8ca3c685369235e9e86c01,mouseland_kilosort
1744,f32209e75d2885a23b64e00ed956cb92bdaaf344,mouseland_kilosort
1745,f378c4e26b97677205492a31325b443a6cad39c6,mouseland_kilosort
1746,f3ba26f73b81c5f61b8a6626e5ab5483cd71b059,mouseland_kilosort
1747,f41f77b9548a949d848f0bf29ebbb765686a21c6,mouseland_kilosort
1748,f4228a257e8d6eb8a2f70d961aa4ad0e0a5e2758,mouseland_kilosort
1749,f4471a97f4e873710e878336bb0b55fd3c94cdf7,mouseland_kilosort
1750,f457587d0512b638852e7114ac19d327ade7ae72,mouseland_kilosort
1751,f4786fb14229e9809e4ebacf1c645e48791ec89f,mouseland_kilosort
1752,f4a1650a1218c23d1601cd7a2205b148d6655242,mouseland_kilosort
1753,f4b8c4243ebe6f652abc0258c7baef2b45c73f7c,mouseland_kilosort
1754,f5028355a7bc25085105c5d43c42faa2d07519d3,mouseland_kilosort
1755,f52f2dd4d1185369fc07606ca1d008ceee1bc5ca,mouseland_kilosort
1756,f52f662049f8e1e32454ed5cc682ed73e02662da,mouseland_kilosort
1757,f54e26a88c2f7052d2433232a54d28dedd16ffc0,mouseland_kilosort
1758,f570462a83f3a7e3dfaae1f62fc8e55d248fd1c4,mouseland_kilosort
1759,f59c1b3049a1fda6c2e5e1bb1f5baca6d7352d5b,mouseland_kilosort
1760,f5d033871d5babde6a80722144fb951f3ce2388d,mouseland_kilosort
1761,f61d85ec45a25773e069faa46f083161913c8b3c,mouseland_kilosort
1762,f631e961bd457eec30b88953b3fd5e4a80e50935,mouseland_kilosort
1763,f673324572809cf6b42924da5f4d6fa3b024e890,mouseland_kilosort
1764,f719cb14647ce1a01f175affd36a128e0f598e75,mouseland_kilosort
1765,f71ce4d319665763a67a746c981f2fe30e5c95c2,mouseland_kilosort
1766,f73a1e9015a23c1e58d34626374e038c24750daf,mouseland_kilosort
1767,f73c7a5a67a4971015082a4578ab9be655773684,mouseland_kilosort
1768,f74fbf8da802746e077e57299bf180379c787c0c,mouseland_kilosort
1769,f7971fddcfb41692ee548cc9eb793ca9e84e52cb,mouseland_kilosort
1770,f80f2a50105db754c6153ec84c934751761184a2,mouseland_kilosort
1771,f81e404fbaa788ebcff35983b3fed8dd80c04332,mouseland_kilosort
1772,f833820d01214c3164758262fe10e3276a1edc11,mouseland_kilosort
1773,f846745a73d0634f345f0f6680b86a3579039b0e,mouseland_kilosort
1774,f84c4d03e67d10632b87e59639b90915dd2d713d,mouseland_kilosort
1775,f85430871a68ef4f5ac810f859693ac574c2dfc2,mouseland_kilosort
1776,f86b0008217e5a90d5b9dcd032afd7f90cfb8aa0,mouseland_kilosort
1777,f87a9b34bfd4e8496f3ce2e913bb5ff7810efaca,mouseland_kilosort
1778,f87b5753139b40206af44924cb60e724bfe88972,mouseland_kilosort
1779,f8a4cc93b6d43b8de59748a6967882a26cd5c2b6,mouseland_kilosort
1780,f8a87df932704f841ac84a499a1ed2a4f54b53a4,mouseland_kilosort
1781,f8a949920e5948955971a7ce9d4dd68dd034a0f8,mouseland_kilosort
1782,f90c617adb1580e41fc182c66f94a34d13a07ad2,mouseland_kilosort
1783,f910fe01517a4663bfbd5752cbde9971f751a545,mouseland_kilosort
1784,f93cc57bf943f198f6b1fe9bff194e163e563b45,mouseland_kilosort
1785,f96012e3964c191c125734e5534e98f866239a69,mouseland_kilosort
1786,f97ab5f942ca2f6653b803ed6c9636245ad052a6,mouseland_kilosort
1787,f98d031e8413a5b1fe2fb713495767c232da77e8,mouseland_kilosort
1788,fa03081212c75c47035a00e43db97420a7117c1c,mouseland_kilosort
1789,fac1e44ac5739e8361fc5f6b01bbb45cf3e97b92,mouseland_kilosort
1790,fae38d8754b2a399a599f2b9702203246a512b2e,mouseland_kilosort
1791,faf3442f2c8910a80d773152a949c4736b97a95d,mouseland_kilosort
1792,fb3b16f947b3c7c02c0a1ee9ff38c7bfbd9c7722,mouseland_kilosort
1793,fb7cfd0851241f1d97dcef51f7ce9ed5dc6d5915,mouseland_kilosort
1794,fb822e79cb5dd4f55465ca951414dc8d25ee1643,mouseland_kilosort
1795,fbeccffffbbe5e3987cb7044250f0f3d8d0e94ad,mouseland_kilosort
1796,fbf50a74c74420c4c2ef7dce231b896f16aee878,mouseland_kilosort
1797,fc1b363c44c93f08d544d4123e020a58fa2596a2,mouseland_kilosort
1798,fc6d73d157025d86a40fca27298bf36193868e27,mouseland_kilosort
1799,fc78f34806eeeae4af501623aac6e06e43f28586,mouseland_kilosort
1800,fc83b5faf3bb9b8b1c79b33af6031e6ec8ac4369,mouseland_kilosort
1801,fd02789d69be883249ed090486f2a3eb4f1aef5e,mouseland_kilosort
1802,fd0a69fc34c3cc5f75cb3ada76c15b01b0e6830e,mouseland_kilosort
1803,fd3b158421a520a11537c9a541a22b533ad28ae7,mouseland_kilosort
1804,fdbf1440ba7069216f799b9dad06a776671a46b7,mouseland_kilosort
1805,fdcc57a4cd87fc831729cf325603fff7d857b242,mouseland_kilosort
1806,fdf5e51b3c4ea1c00a3fdc61a0db6be2eb910d69,mouseland_kilosort
1807,fdfde8ee044af8521671c302e5710370f26b0f08,mouseland_kilosort
1808,fe4259fcf32d7df5bfbf66f30cb59b392b96f424,mouseland_kilosort
1809,fe5233190adfd65575cbeb1d2141352397516a63,mouseland_kilosort
1810,fe6edc02cf030411f45e27c54f2d521ffa971c3f,mouseland_kilosort
1811,fe86125aca9eae860a994e8dd798d6e34d79f8ba,mouseland_kilosort
1812,fea25026196c09086d7636b6fd3f8f67638c1479,mouseland_kilosort
1813,fedb8a8fa9adcd565d53a9dd97451f6dcb9a1cbb,mouseland_kilosort
1814,ff7675811bdbfa3b630566155cd4b1319499f5b6,mouseland_kilosort
1815,ff84c10ddb392f14d5012c4e9808ef1f67481fd4,mouseland_kilosort
1816,ffadb066f7e0656de411c731e083afa2e7f0ea47,mouseland_kilosort
1817,ffd33e5d05f770dc2fa1d06a155cfd50136af7b7,mouseland_kilosort
1818,ffdad810c0238fd8c9941fdf90209584a0076364,mouseland_kilosort
1819,ffdd0173cf204b528d5b5eab77697aa692af2091,mouseland_kilosort
1820,fff01d95f0c31031a541fd3a0ee88cd6df13eda2,mouseland_kilosort
1821,fff61879f5f5dbd540573e804537323582bc8e7a,mouseland_kilosort
0,015f2ecd495bcdf87f9e79d6f20c877dcca79db0,martini-alessandro_maximum-entropy-spectrum
1,01f2fdf3d548d28cf20fa822d1cad043aad97424,martini-alessandro_maximum-entropy-spectrum
2,029f5bb06cd1e1c6746b0d8d721102de77e44bfe,martini-alessandro_maximum-entropy-spectrum
3,02af052e0d7077bbf154a31057eac11489e7bb01,martini-alessandro_maximum-entropy-spectrum
4,034485b3eaedc4363b1dd2b167a8d6c8d52460d5,martini-alessandro_maximum-entropy-spectrum
5,035b2f392035e74a918391428b5ad6d39278eb9e,martini-alessandro_maximum-entropy-spectrum
6,0365d24b222e529c0f410b1e9c955668c1b07679,martini-alessandro_maximum-entropy-spectrum
7,037eb68da7745f4ebf58099ac7e9a64f4a0638e5,martini-alessandro_maximum-entropy-spectrum
8,03abb92a2240cb4202ccbde8c471afdade46193a,martini-alessandro_maximum-entropy-spectrum
9,03d1a1b9c2ab3a677dcc829be003cbf251a48047,martini-alessandro_maximum-entropy-spectrum
10,04141ed4c39a13b081a1dc06df10eaf72557f18b,martini-alessandro_maximum-entropy-spectrum
11,04e3e3753d0d4c5516407ab3adaaf8ecf0b2789e,martini-alessandro_maximum-entropy-spectrum
12,04f2259bbf22fe453985932b58843b43070c8d21,martini-alessandro_maximum-entropy-spectrum
13,053818ebe72e4c7ae25829f3c2644c70037573cc,martini-alessandro_maximum-entropy-spectrum
14,072d7f28adc2af63cb6b23ef461e3017ea5dac68,martini-alessandro_maximum-entropy-spectrum
15,075101d3250e6d31b6849a462b5f67a21c6cf63c,martini-alessandro_maximum-entropy-spectrum
16,082ed081365379d162bb87da52f19a015575933d,martini-alessandro_maximum-entropy-spectrum
17,08683e077d99d16e1031a9efbd5c7bcc95b2e4bb,martini-alessandro_maximum-entropy-spectrum
18,09733802dcbfbed6ef29dd3c4b2c2eb310000bc4,martini-alessandro_maximum-entropy-spectrum
19,0b7493b5691edd94e7157f1c4e3c9dd19d086970,martini-alessandro_maximum-entropy-spectrum
20,0cc2061c622faed2290b6e80eea7b8eb5ea6c2ac,martini-alessandro_maximum-entropy-spectrum
21,0ce0325a6d25e84abcaf7c43d47eede32475e9a5,martini-alessandro_maximum-entropy-spectrum
22,0d0365c6b5005caf0dd1ea74d43be18640fdd191,martini-alessandro_maximum-entropy-spectrum
23,0daace7e8896282fe022faf3162ce0c268fd8cd2,martini-alessandro_maximum-entropy-spectrum
24,0e36c22a8dc63c5224eb2f92baf2e4b4584146cc,martini-alessandro_maximum-entropy-spectrum
25,0e55f478b150ffff5be1d0062529b6e181d99d65,martini-alessandro_maximum-entropy-spectrum
26,0e77bb68d696f4d1b57b2cca9618a7021f3705f3,martini-alessandro_maximum-entropy-spectrum
27,0ee0f72b0ff70fa054abebdf5169501e83342003,martini-alessandro_maximum-entropy-spectrum
28,0f49108e05168b09f30224bdbad6243fef9eb9da,martini-alessandro_maximum-entropy-spectrum
29,0f5b0c601cd01cdef1df05e0b4f67655cc5ccecc,martini-alessandro_maximum-entropy-spectrum
30,0fb349d3924142f871f7e951dd0e6583a146189b,martini-alessandro_maximum-entropy-spectrum
31,1044b9e86fb81a77b93a1921e56c9c3ece87cb6f,martini-alessandro_maximum-entropy-spectrum
32,1114b7ec816f2e5f3df5e7d5eb1d865add430f03,martini-alessandro_maximum-entropy-spectrum
33,12c2f63d50fbe0c84e05527739bcad676c5c1d39,martini-alessandro_maximum-entropy-spectrum
34,1456bc7963fc9624c22f217fd89b0ae918d1461c,martini-alessandro_maximum-entropy-spectrum
35,1497309ef2fae370c357d49eba74d560ae70b893,martini-alessandro_maximum-entropy-spectrum
36,1553643e041b6a972d72e75565ae0d731ecd5f29,martini-alessandro_maximum-entropy-spectrum
37,15b4f9e0c39d5f892716c3786bcb629e544c3f6a,martini-alessandro_maximum-entropy-spectrum
38,17280358dff8327fb2cddafed4fbf106d76ef58a,martini-alessandro_maximum-entropy-spectrum
39,174a3a6627a37245f23b0ba51b112e107fd4507b,martini-alessandro_maximum-entropy-spectrum
40,178042d44c89d77e5f88e6792b096e5d22797d76,martini-alessandro_maximum-entropy-spectrum
41,17cf4daca63e1b0c5db155d9e5d66543d50918e2,martini-alessandro_maximum-entropy-spectrum
42,1804f758d85a033f09b3ae19eb31538d96dc53f1,martini-alessandro_maximum-entropy-spectrum
43,18470264fbebc46e7238decddc5b26d5f65aa707,martini-alessandro_maximum-entropy-spectrum
44,189b27f3b4455d343390fdf6a1008537e0c44b02,martini-alessandro_maximum-entropy-spectrum
45,1aace30d4abcf1d29b4a29e282addec0d5c82981,martini-alessandro_maximum-entropy-spectrum
46,1af514fe02a0911e2249cd8f1110924883481fb3,martini-alessandro_maximum-entropy-spectrum
47,1b6e01ef1e6e399ba286e3427e1025696dd67276,martini-alessandro_maximum-entropy-spectrum
48,1c2bb942021a7b1406fa5301ab1b2d1960257d7b,martini-alessandro_maximum-entropy-spectrum
49,1c728aa1c0b59654adf2fbaaf7cad5472af09057,martini-alessandro_maximum-entropy-spectrum
50,1cde3e310a3b04cfb652aac0606722d64de48abf,martini-alessandro_maximum-entropy-spectrum
51,1ce585188b8a678f12ba626e3eb923c0b6c1a424,martini-alessandro_maximum-entropy-spectrum
52,1e9fc854501a13e65bae35a7008a92e97184cbde,martini-alessandro_maximum-entropy-spectrum
53,20080998fda8a2769a67085fd79c7c506104ba04,martini-alessandro_maximum-entropy-spectrum
54,210447a931f4bc0fe2363b30a588a6511f06b913,martini-alessandro_maximum-entropy-spectrum
55,23b01db8d2c00e610c44c3e6e03511dd12945c91,martini-alessandro_maximum-entropy-spectrum
56,23e6066443ba025bdef542a459bb985f315719a7,martini-alessandro_maximum-entropy-spectrum
57,24045d1c3148214e2d5f8f307840a914957d8b40,martini-alessandro_maximum-entropy-spectrum
58,24676406b46bf9db810fd931babcb8b4acb046b4,martini-alessandro_maximum-entropy-spectrum
59,249e1b7a95f47cfa131c0009beca3e917b5f7f69,martini-alessandro_maximum-entropy-spectrum
60,254fd2f66f79629240c2f238a6953e34abca05d4,martini-alessandro_maximum-entropy-spectrum
61,25bd593449b63048635fca5013e51732b0c34512,martini-alessandro_maximum-entropy-spectrum
62,25fc7917746b80e95a1a218642c28a449072f4de,martini-alessandro_maximum-entropy-spectrum
63,27c176d2a2d67e681852a86143d4a2e079f12044,martini-alessandro_maximum-entropy-spectrum
64,2882a35a8949610085d9b93784d08b5ea7de5549,martini-alessandro_maximum-entropy-spectrum
65,2a2eb2fd319eacd36272e4c50c28a24e1476eec3,martini-alessandro_maximum-entropy-spectrum
66,2b0225f8fc1d59f7faa2731053c950a4dab1c228,martini-alessandro_maximum-entropy-spectrum
67,2b166ec5d93779f696b13121cfde3222f5cace60,martini-alessandro_maximum-entropy-spectrum
68,2ba98c31b4e0da02758323f25154b9a684290b6d,martini-alessandro_maximum-entropy-spectrum
69,2c92e44058fbd0490aa74a10086f3885ffd683a1,martini-alessandro_maximum-entropy-spectrum
70,2cf6b8fcc907a81dbf40a36067b1d83ece358d74,martini-alessandro_maximum-entropy-spectrum
71,2d355891bf136c206acbd465cd8768d9caf751e5,martini-alessandro_maximum-entropy-spectrum
72,2dad40262cd03e96c4f38dbea889d884e4ac3465,martini-alessandro_maximum-entropy-spectrum
73,2dd79b375b30a0336723a75d4db27178b03555ad,martini-alessandro_maximum-entropy-spectrum
74,2e8a3c7edb6bfe19f890c1685ddc211c90231447,martini-alessandro_maximum-entropy-spectrum
75,2e8e5489971280f79776cd8a8d8c1716ccf19da5,martini-alessandro_maximum-entropy-spectrum
76,2ebbc1b09581f19fbb67e7711a8436d07feaf2f3,martini-alessandro_maximum-entropy-spectrum
77,2ec56fbe3934b7c04a7c31d97a8330dce6a256b7,martini-alessandro_maximum-entropy-spectrum
78,2f3c7283e68ca0210f1f5debb0230b8926ac619e,martini-alessandro_maximum-entropy-spectrum
79,30498ceafe64666e9ab0a31ac655cd3319f3c3df,martini-alessandro_maximum-entropy-spectrum
80,30e973da9b6ef4f3030cc2c9ceed1610bff24634,martini-alessandro_maximum-entropy-spectrum
81,3170163996738320c306479c8582b79925106737,martini-alessandro_maximum-entropy-spectrum
82,32d370a8d3b8e10306113fd7d70504cba401c6c5,martini-alessandro_maximum-entropy-spectrum
83,3321870f76f69c423dab4e1777c3d04258e3b377,martini-alessandro_maximum-entropy-spectrum
84,338a086820e169c5ec869070efa2a140bf49f73b,martini-alessandro_maximum-entropy-spectrum
85,348452c90e5e2e2936662e6d59e506a7bc55e34b,martini-alessandro_maximum-entropy-spectrum
86,34941dee9dafeb88e3b77b9555b5e1d6829d504e,martini-alessandro_maximum-entropy-spectrum
87,357fb845e9c8be990e599558bcb53d8fb66f2c71,martini-alessandro_maximum-entropy-spectrum
88,35c245fd78e5c1013aa4021d09714d5405dc15b9,martini-alessandro_maximum-entropy-spectrum
89,35f344c29eecab7bff3d2864c4c1736fdf1e36e2,martini-alessandro_maximum-entropy-spectrum
90,363786836799b067f063311eecf5e757b9617125,martini-alessandro_maximum-entropy-spectrum
91,3672b3aa9ac798eb22bf37bc909e904ed71de3f2,martini-alessandro_maximum-entropy-spectrum
92,375e58e39aefeae93015e6440cf050bc3d021823,martini-alessandro_maximum-entropy-spectrum
93,3775b9de4a6e624c523063263288d327660cc298,martini-alessandro_maximum-entropy-spectrum
94,3803ea3f62e836757b3e5e942d9805cdfc5315d4,martini-alessandro_maximum-entropy-spectrum
95,3873f367bcc76de3afa27719e8f4bdffddbeee52,martini-alessandro_maximum-entropy-spectrum
96,38909291df025b7e198d16a7305ca24cd5edcbfe,martini-alessandro_maximum-entropy-spectrum
97,3901310728c1e4ded83c0d71c0c6ee04bb3d8595,martini-alessandro_maximum-entropy-spectrum
98,3a022fbcab6545d76bd489fd67ee8ff727e43a02,martini-alessandro_maximum-entropy-spectrum
99,3a6c8cc9ece3e430838303064034027d6d683ca3,martini-alessandro_maximum-entropy-spectrum
100,3c2defe8f309527f38450f2ceae3467e7e2430fb,martini-alessandro_maximum-entropy-spectrum
101,3caa880d8740c881b4fe0e709637b417f799b5e4,martini-alessandro_maximum-entropy-spectrum
102,3d58e896a361a4e9202ea5c89240742fa6aba3a8,martini-alessandro_maximum-entropy-spectrum
103,3ddf5d50645be70b435e44e29e9965597170ddda,martini-alessandro_maximum-entropy-spectrum
104,3e8cf5f192f75c2cf80e684f250a2f1481ea63a7,martini-alessandro_maximum-entropy-spectrum
105,3efedc3a4482f42130915abbe0eafa249be50fcc,martini-alessandro_maximum-entropy-spectrum
106,3f2b19287f79cfe3dab316548563dc22953fc86b,martini-alessandro_maximum-entropy-spectrum
107,3f5fcdd1dd7753264040d1857287891b44f48f02,martini-alessandro_maximum-entropy-spectrum
108,401c317632675cfebb646f9c19f7d192786660e6,martini-alessandro_maximum-entropy-spectrum
109,40a11f6d38c085109c8116f125220acbebff4523,martini-alessandro_maximum-entropy-spectrum
110,423f3404133a8f9c5230ffa9b533be68bd1f8117,martini-alessandro_maximum-entropy-spectrum
111,4258446e415cf5ee35efd49647a519bfbff56d6a,martini-alessandro_maximum-entropy-spectrum
112,42f255b26cdef7ded4fc07e078f392e1503bde71,martini-alessandro_maximum-entropy-spectrum
113,43abe1d33b75c27039f50faa9b6c900e210b9b57,martini-alessandro_maximum-entropy-spectrum
114,46d2f398de8807f7640269a197084d9c9f786ffb,martini-alessandro_maximum-entropy-spectrum
115,46f0e95222be5da78ba442b6ef461b0cf52be99a,martini-alessandro_maximum-entropy-spectrum
116,4753ca4ba0059a81a5c2d9df6ac4b70f6f189259,martini-alessandro_maximum-entropy-spectrum
117,475a40113b164d9c91d506f6699ebeefeaa6fbca,martini-alessandro_maximum-entropy-spectrum
118,476ea8c900a20f0a9141169deb8f7330dcae488f,martini-alessandro_maximum-entropy-spectrum
119,47c5b545f4cf2738a5a91bf9c187e7487c41da30,martini-alessandro_maximum-entropy-spectrum
120,489ddc48ece21a05e02f29d432536ec15e9b626d,martini-alessandro_maximum-entropy-spectrum
121,4a8870dadbdcd428036d7f2f5a4dbbc2f3a9388c,martini-alessandro_maximum-entropy-spectrum
122,4aa2f162b3c36aaa3114f8c2a2ea16d2548393d9,martini-alessandro_maximum-entropy-spectrum
123,4b4ece41fcb9493f3da64e8264d5914e0e21b30e,martini-alessandro_maximum-entropy-spectrum
124,4ba73429c7dab40214a33e5e32b66d037977ab98,martini-alessandro_maximum-entropy-spectrum
125,4bb2c986dc7dcdc41d61d80ef43477ac5c50ff6f,martini-alessandro_maximum-entropy-spectrum
126,4bd0ba4d021cc5321476abb94c6599a456bce050,martini-alessandro_maximum-entropy-spectrum
127,4c6814591ac89669fb3ed04d4bb183529a7868ff,martini-alessandro_maximum-entropy-spectrum
128,4ce9df0b97f9caae5f13264182f13977f15d41c9,martini-alessandro_maximum-entropy-spectrum
129,4cef3cd172d22eac563c4f91c0d86a5158b8b3ef,martini-alessandro_maximum-entropy-spectrum
130,4d426c515d8f3a34fe88d01e59d5c80a3eddf525,martini-alessandro_maximum-entropy-spectrum
131,4dcb03f67dcbbcba91062790a4b7a63552f93909,martini-alessandro_maximum-entropy-spectrum
132,4dda5f1d8ee55ce74ad609e3607db9b4932c9ec5,martini-alessandro_maximum-entropy-spectrum
133,4efd3c86e40f3fdba8a2f202e4ce2636e2ea0eb5,martini-alessandro_maximum-entropy-spectrum
134,4f301c4886d088c54bc9312f43c4b764af1e3dea,martini-alessandro_maximum-entropy-spectrum
135,4fde658f778ed50947e5c2d6561189e2203a35d8,martini-alessandro_maximum-entropy-spectrum
136,50b62baa4be391eb459c03a221855e85caf1ac34,martini-alessandro_maximum-entropy-spectrum
137,51a56fcc0d4d16ef08ecd03073ec1b1d07dd1bdd,martini-alessandro_maximum-entropy-spectrum
138,54e143b25fab466725fd7eb891656e6bf7940b21,martini-alessandro_maximum-entropy-spectrum
139,56c1ec0df5e527f2095ab8a6611e7fdf6e796c7c,martini-alessandro_maximum-entropy-spectrum
140,56c2efb2a72f587e51fd741792e4462bc7665026,martini-alessandro_maximum-entropy-spectrum
141,58b7bc2a8a244ec9f47b5ec95b6958ccba0ac8f6,martini-alessandro_maximum-entropy-spectrum
142,58c113b97a39ccaba877869966e0f74bb70bf156,martini-alessandro_maximum-entropy-spectrum
143,59218676c9db5bce381763908dd9e0aa198ffc83,martini-alessandro_maximum-entropy-spectrum
144,5a5396966a3e9a30c8a32b95201ba950eb5c5ff4,martini-alessandro_maximum-entropy-spectrum
145,5aca287fb51efd82d3add4d90ec6ea39e7c47d0c,martini-alessandro_maximum-entropy-spectrum
146,5acdf3065c2da564ea8212d8f0f39ff0f3de6e9b,martini-alessandro_maximum-entropy-spectrum
147,5b871841f1c7bee1c59fa019e0084d0818e6debf,martini-alessandro_maximum-entropy-spectrum
148,5c41c15cd3a0b16954a17ac855932bb2295d947c,martini-alessandro_maximum-entropy-spectrum
149,5c7818edab4302a5a45e6860ead40a9228cc50a2,martini-alessandro_maximum-entropy-spectrum
150,5da4358f1546ed722387cd56979af502f51d1eb6,martini-alessandro_maximum-entropy-spectrum
151,5e8a24ed5c9fdc443ccbea93227f8f7323e740d2,martini-alessandro_maximum-entropy-spectrum
152,5ef35dc92ccdc43e3c70600595bd4795f784a5eb,martini-alessandro_maximum-entropy-spectrum
153,5f5fc58474c8825d3489aceb9b45d3e48de728d1,martini-alessandro_maximum-entropy-spectrum
154,5f9d373f50fbde4e3f8fe46e27cf647e08d8a420,martini-alessandro_maximum-entropy-spectrum
155,5fda62bb3684304313aed36e6242a5aa034f69b1,martini-alessandro_maximum-entropy-spectrum
156,6102cdb8ebbbfcb3777ddc3c9f9663acc0bcde19,martini-alessandro_maximum-entropy-spectrum
157,61cb8e096cd8e71439b2728ee32e4e5d28c697f0,martini-alessandro_maximum-entropy-spectrum
158,62ed13c3bd15f347d16b29afffaef3bd871b9af4,martini-alessandro_maximum-entropy-spectrum
159,632f8598e564f7c1c24bd3b40624e0f638b01f0f,martini-alessandro_maximum-entropy-spectrum
160,63454101196e09bee64688bcfd55b963ed82cff8,martini-alessandro_maximum-entropy-spectrum
161,6378cd9d60e93181e7baa941ad00aa30b66b87b4,martini-alessandro_maximum-entropy-spectrum
162,64166fcd60e8c6378a8fadf284c802338521a2b9,martini-alessandro_maximum-entropy-spectrum
163,64e3cd00355716bccd770e0ddd25af56a2443d27,martini-alessandro_maximum-entropy-spectrum
164,6566cc6ec7e2854e835b6319fdb601191081e0a3,martini-alessandro_maximum-entropy-spectrum
165,6590501cb510e7ec8b07543aa13d45e1ffc65ad6,martini-alessandro_maximum-entropy-spectrum
166,68631021a4b73f78e3a65dbbc83cee32a8711726,martini-alessandro_maximum-entropy-spectrum
167,69c315748183ce638d2a7c28aec74d42d69a60ab,martini-alessandro_maximum-entropy-spectrum
168,69d2426dbeabee5035149abec675286143081275,martini-alessandro_maximum-entropy-spectrum
169,6c285703cab308f7eae73b512ca30646aa40314a,martini-alessandro_maximum-entropy-spectrum
170,6d94f8c48ff3266973c235fea7888d023f6c933b,martini-alessandro_maximum-entropy-spectrum
171,6ddb9d44c3adc13f2d82d5b9fa142bcfd36292e3,martini-alessandro_maximum-entropy-spectrum
172,6efbbedd433a1b104e04eb41e44af306f7e32f4c,martini-alessandro_maximum-entropy-spectrum
173,6fc534577f64f76b3ff912875f162c73e9c43b07,martini-alessandro_maximum-entropy-spectrum
174,706fd4ab30d17f3a34c150f5a425f12f5957c3bd,martini-alessandro_maximum-entropy-spectrum
175,7077e374b556560539d5db55a68edb854f432892,martini-alessandro_maximum-entropy-spectrum
176,70ec0d2d670983983f7183eae1d1cd50be836631,martini-alessandro_maximum-entropy-spectrum
177,71010ae072e7d730683c6a034d1ec7f77b825be5,martini-alessandro_maximum-entropy-spectrum
178,716d665e7b50848e7c0d04c2615d7993c723c36f,martini-alessandro_maximum-entropy-spectrum
179,71be53f708f60e0056d63f44f3cc30d8d50ef3f7,martini-alessandro_maximum-entropy-spectrum
180,71e72763e5413530e0a7a49cb465241a9ce8f085,martini-alessandro_maximum-entropy-spectrum
181,72046f9d7a020be1c97cb574bd394fe7af313c56,martini-alessandro_maximum-entropy-spectrum
182,733938894a171c2dcc885616fe2de66f36b72631,martini-alessandro_maximum-entropy-spectrum
183,7434b94c3c5a2dbbdfab091c8b7b15369fff5841,martini-alessandro_maximum-entropy-spectrum
184,763f91efdfd48edf3bb906fdf5eb86ce68d499db,martini-alessandro_maximum-entropy-spectrum
185,765de8d5287d12d007095a00d849b6db68e1f2f6,martini-alessandro_maximum-entropy-spectrum
186,76d6eccfdf90bc0a483b6f1103447c8db9f9860f,martini-alessandro_maximum-entropy-spectrum
187,771f0049ae0766b736a45bda028aadaf68ff3376,martini-alessandro_maximum-entropy-spectrum
188,78fc3ea6a685caa8dc65b10c176af3468255d1a2,martini-alessandro_maximum-entropy-spectrum
189,7b24c609fdd4eb97035c9e462acbd91ce8fce2e6,martini-alessandro_maximum-entropy-spectrum
190,7b91e495889f57b3afcc38dbf9f2806c0abb3444,martini-alessandro_maximum-entropy-spectrum
191,7e03d1e29d4255ce724f852273ce8b4457d9678a,martini-alessandro_maximum-entropy-spectrum
192,7e44a907db5167fd0d94fe23f02f635e436ed590,martini-alessandro_maximum-entropy-spectrum
193,80d0c41010673431b1845d4064b3da592dfd210e,martini-alessandro_maximum-entropy-spectrum
194,8116655c567fe8101b6fbda9356d10489b62a987,martini-alessandro_maximum-entropy-spectrum
195,81c79834485a0341d89aed5da7d72214a83011d5,martini-alessandro_maximum-entropy-spectrum
196,82724d8993d97c8dd583ef0ecd8fb69e15d32ba1,martini-alessandro_maximum-entropy-spectrum
197,83b9438246aba58003350a6a2e03ba99e9952213,martini-alessandro_maximum-entropy-spectrum
198,84193c20a7b4fab9bc45ea5be386b7bd57aaad1f,martini-alessandro_maximum-entropy-spectrum
199,8420c6f197ce146c40b29d69d8d6537c3d332a83,martini-alessandro_maximum-entropy-spectrum
200,84a7a54f2afeffb0303e7597b299dab20d69b060,martini-alessandro_maximum-entropy-spectrum
201,853e0991ff83118c4932d28cc5e3a6ce6e99f7c1,martini-alessandro_maximum-entropy-spectrum
202,8553184e09e08cc46865df7ef8de37774cbe6d2a,martini-alessandro_maximum-entropy-spectrum
203,85afdda56bed2dc91e58969a4ad2676cda4b225e,martini-alessandro_maximum-entropy-spectrum
204,88179897ebde2536d18e6db56717ffd44e4e27fa,martini-alessandro_maximum-entropy-spectrum
205,884a1152dcc222a9857b74afc6567fa7b1b2dab9,martini-alessandro_maximum-entropy-spectrum
206,88872f7bec13ab6baae5de05165bb371c8a15e28,martini-alessandro_maximum-entropy-spectrum
207,88a24625f534c62f3a88cc850eae41a74be30d73,martini-alessandro_maximum-entropy-spectrum
208,88e35655ae29b02f37741834fb5b4651b46832ae,martini-alessandro_maximum-entropy-spectrum
209,89adca0d12d69f6805f22682b84bfcbf3519957e,martini-alessandro_maximum-entropy-spectrum
210,89dd53c8740c10ebf704a5c5ce80e0f566cbc5a8,martini-alessandro_maximum-entropy-spectrum
211,8aceeb4aea79e33362b68695f1486ce007a06042,martini-alessandro_maximum-entropy-spectrum
212,8b952ea0c5866f54d25a91b832735deb1498b6a4,martini-alessandro_maximum-entropy-spectrum
213,8cfa2aff28f4155b475e00644457ede0250119b3,martini-alessandro_maximum-entropy-spectrum
214,8d47c6159a2b73605b9b5de8fcab8e78592dc250,martini-alessandro_maximum-entropy-spectrum
215,8db9a8773508cb11c9147f0df2782837ad8fe378,martini-alessandro_maximum-entropy-spectrum
216,8df0b5a5efa7e2b7e4c7539eaeb9c3841a620c48,martini-alessandro_maximum-entropy-spectrum
217,8e41c7664f146d0a2f41817231c1b23db4fd84f9,martini-alessandro_maximum-entropy-spectrum
218,8e80c0c255495f70ba2a4d4dcd91f320b58ac775,martini-alessandro_maximum-entropy-spectrum
219,8f6ef27188ab70b3d4be2f1500d9d593d98b8ec3,martini-alessandro_maximum-entropy-spectrum
220,8fd3846f4b2b0ab4d7c9f473147429375b73fbb4,martini-alessandro_maximum-entropy-spectrum
221,909f4e0b36921c12aefe1ef2f59205adf581eafc,martini-alessandro_maximum-entropy-spectrum
222,90d601000d8b8b010f76a4df989b370c9d0827c8,martini-alessandro_maximum-entropy-spectrum
223,915154721bc7efbacd85087dd53cbd057c2e9df0,martini-alessandro_maximum-entropy-spectrum
224,92091932ba096eba4b50f246d537f4b9895ee783,martini-alessandro_maximum-entropy-spectrum
225,934c805d68cd93516ba49cbd159f6864f268d107,martini-alessandro_maximum-entropy-spectrum
226,943eb1813f5808c0b0cdfb290ede9d26b1241f04,martini-alessandro_maximum-entropy-spectrum
227,945f070cc569eea1cdd826da2d7a0b49e613511f,martini-alessandro_maximum-entropy-spectrum
228,95bcb0ac618f0d2b9397420e547ac86852cecace,martini-alessandro_maximum-entropy-spectrum
229,9642b50096b908fb78bf02a720f9e85e62100bd6,martini-alessandro_maximum-entropy-spectrum
230,99816df11d6304978f301c5aa59f39f65974fc5c,martini-alessandro_maximum-entropy-spectrum
231,9ae79e3b883c196e683f85cb3a6b529b6162e6f6,martini-alessandro_maximum-entropy-spectrum
232,9aeec4043d03dbe171cb12df771d9de39497c2fe,martini-alessandro_maximum-entropy-spectrum
233,9afaf829c04736be94877b8e70fc52cedbf41f6e,martini-alessandro_maximum-entropy-spectrum
234,9b2232c6839d85fee198dfbb38e2ac9c6a535ba4,martini-alessandro_maximum-entropy-spectrum
235,9b2774ad9814f79701ef6d0a10f8ff650c037e98,martini-alessandro_maximum-entropy-spectrum
236,9bdfc2e7316d73c60929049275a6fcd2e2d8cd35,martini-alessandro_maximum-entropy-spectrum
237,9bdfe8ef591fdbff0109bf9e94719f87579156e9,martini-alessandro_maximum-entropy-spectrum
238,9d098e5785c7b5750c8d251ae6c8452603851953,martini-alessandro_maximum-entropy-spectrum
239,9f22e1706947ad9f208786f67af629c21250290d,martini-alessandro_maximum-entropy-spectrum
240,9fed0175821f8634bfafceac5d51d1036d9e1b6d,martini-alessandro_maximum-entropy-spectrum
241,a0cf5e94eb7532682e96d2798ba5b8ab95acf148,martini-alessandro_maximum-entropy-spectrum
242,a1e69b91d2bf2756d61e8ce4059c890c5d899622,martini-alessandro_maximum-entropy-spectrum
243,a1f73f19e46a04f42da95c04ed6f6c5f64dee29a,martini-alessandro_maximum-entropy-spectrum
244,a209c9027701fd377327e09d830e92c806af363e,martini-alessandro_maximum-entropy-spectrum
245,a2747f7f2fb2ee0358d72188e0aa239bfe5f59e7,martini-alessandro_maximum-entropy-spectrum
246,a287d9976c6a9561722be4f950b6e68e346e7004,martini-alessandro_maximum-entropy-spectrum
247,a2ca7526236e35b44dd3fdaf6c9ec1b770e0c915,martini-alessandro_maximum-entropy-spectrum
248,a30fc51ddd0baa66b16d28af325cbf0d6e8c7086,martini-alessandro_maximum-entropy-spectrum
249,a38dc5c0aabb1d5f0c9fa6a8ac347bd328e6891d,martini-alessandro_maximum-entropy-spectrum
250,a4f5ae62e082ca49826ec13f8bf868b582079142,martini-alessandro_maximum-entropy-spectrum
251,a56bdb59cc12b6f4d1fdddf01965453997c9219c,martini-alessandro_maximum-entropy-spectrum
252,a5be260af43c7a9d1c4ea8d91e5f0b45bc80f925,martini-alessandro_maximum-entropy-spectrum
253,a6f3d26d5c5bd77ec1fc20b72cc39f827f93c29c,martini-alessandro_maximum-entropy-spectrum
254,a7bd88d6f004e5823818edb718bab3f059345aec,martini-alessandro_maximum-entropy-spectrum
255,a7f9570648d2813832756de613d156a3c4cdeef1,martini-alessandro_maximum-entropy-spectrum
256,a851320b4b8e120e4b097933380344c2d2ed9c81,martini-alessandro_maximum-entropy-spectrum
257,a9e1b576c438724599aed5c36b1d7da6e405d102,martini-alessandro_maximum-entropy-spectrum
258,ab787833c36e366d5e449983be6d24802c58449f,martini-alessandro_maximum-entropy-spectrum
259,ab841f1069beb37a62635b89f2bce2e8577dff96,martini-alessandro_maximum-entropy-spectrum
260,ad7625be14635cc82f958e3b4d2579697f630368,martini-alessandro_maximum-entropy-spectrum
261,aeeee6efa9cb05a7953cd357b6656ac7d45b940d,martini-alessandro_maximum-entropy-spectrum
262,af2e80df47eebb98a9969c389527dcd98c27e331,martini-alessandro_maximum-entropy-spectrum
263,af55f037ebf640da30c4c1e3553f5ccc6b4e854d,martini-alessandro_maximum-entropy-spectrum
264,af670ef3d02c566fe046a12c305e64951cb64f0b,martini-alessandro_maximum-entropy-spectrum
265,af7984f4cf9ef4ad7b528e26a5fd54e6ccbfb4d4,martini-alessandro_maximum-entropy-spectrum
266,afc7e5880357953c703bc4bd0cc4e70b641224f8,martini-alessandro_maximum-entropy-spectrum
267,affa28836fe764ef0899a8c58f6e98d870d8dca9,martini-alessandro_maximum-entropy-spectrum
268,b0158ac38061ef2452e85f9f8d54ad0287f9f1ff,martini-alessandro_maximum-entropy-spectrum
269,b136e607a016612de6cd31d3aa6fe6412a5a26a5,martini-alessandro_maximum-entropy-spectrum
270,b2a9e58f9e6c2777b094aa79625f6874137d8627,martini-alessandro_maximum-entropy-spectrum
271,b2ce0ec3e278896be9cacc262e54fb721736dde0,martini-alessandro_maximum-entropy-spectrum
272,b2ee8b44884263c7c7e75469745b0e659d8b8fba,martini-alessandro_maximum-entropy-spectrum
273,b3f2f963e6c4a529753e278b0848e9a500c365a5,martini-alessandro_maximum-entropy-spectrum
274,b42c15f7d6532af1de57b039b3176771c989cb68,martini-alessandro_maximum-entropy-spectrum
275,b45b5dee7cdf4a95c67e750a3c73894281dd366c,martini-alessandro_maximum-entropy-spectrum
276,b4656241deb9202eeb7a737395b29a26362866fe,martini-alessandro_maximum-entropy-spectrum
277,b4cf27a7d7c28ef3f71a1d7314b0a300999e90eb,martini-alessandro_maximum-entropy-spectrum
278,b521a24eca1ba7132f4582e0dbf6fb73de13643f,martini-alessandro_maximum-entropy-spectrum
279,b542f12d48c014de1e1944c7759c6bf33d0741b6,martini-alessandro_maximum-entropy-spectrum
280,b5ae63207ea72b5af2a83d1e55f416d653db2469,martini-alessandro_maximum-entropy-spectrum
281,b60806ee24f1349d86b5e37fc130c7a7da9385c6,martini-alessandro_maximum-entropy-spectrum
282,b735df20a93b592e48bf447fcbc12f3157a1556a,martini-alessandro_maximum-entropy-spectrum
283,b76b9e5d87ae88e3eb6de3eb22a5302fe66ca0ad,martini-alessandro_maximum-entropy-spectrum
284,b7e0af418be67926dbb35121e1d12b445f46541e,martini-alessandro_maximum-entropy-spectrum
285,b806a2f1e0c0c54c62263cd6db48441633a0683f,martini-alessandro_maximum-entropy-spectrum
286,b8380bd8c385ceceb0dba8a7c40c0d7b942114b4,martini-alessandro_maximum-entropy-spectrum
287,b89479f41ae69b9648624f85ec12beea86feab18,martini-alessandro_maximum-entropy-spectrum
288,b8e34e36d5a0b353b11c9c966c8ef73b27ceedf6,martini-alessandro_maximum-entropy-spectrum
289,b9a0c19ca37a3f1554860548037b077e1774b152,martini-alessandro_maximum-entropy-spectrum
290,bbfdbc8441ef52313028eb2a1f0aa38166af69d7,martini-alessandro_maximum-entropy-spectrum
291,bc0a0d070c685839213e119a0c1f3b1a6b26ee1a,martini-alessandro_maximum-entropy-spectrum
292,bc379b7825f21755ef844a6b0e4c25f6b9d51e09,martini-alessandro_maximum-entropy-spectrum
293,bcc1a356a190753b09d0b1ff983d152451432465,martini-alessandro_maximum-entropy-spectrum
294,bcc504a6a60dc3f8d47338e13cc88e22a47655fe,martini-alessandro_maximum-entropy-spectrum
295,bdd6c790b4ed3b5397baf29e8a04f9224c385e1a,martini-alessandro_maximum-entropy-spectrum
296,be69b291f5bf624bfd4823e18b3e84b0aa7a5905,martini-alessandro_maximum-entropy-spectrum
297,bed304ec825832f04f4210509eef9839d023c0d9,martini-alessandro_maximum-entropy-spectrum
298,bf00183da95fdae12a82ae96a009f9c66d2cb64a,martini-alessandro_maximum-entropy-spectrum
299,bf62afe49dca4e5b9327168e48003578e6e45818,martini-alessandro_maximum-entropy-spectrum
300,c0a2c7e47408908f5415e63c94b12fb19397ea87,martini-alessandro_maximum-entropy-spectrum
301,c0e48346918a86baf1d29d280013ccccae46ecc1,martini-alessandro_maximum-entropy-spectrum
302,c141788f8e2f21656c8301e89e5422967d02bd5a,martini-alessandro_maximum-entropy-spectrum
303,c1efb3beb28ebda47ab01f8a65a033fd5b7f0c80,martini-alessandro_maximum-entropy-spectrum
304,c26b46f02b0a50faf200d7727cd1ed33f244680b,martini-alessandro_maximum-entropy-spectrum
305,c2d839eb04aa24dacea1510ef9b0269a68e9d04a,martini-alessandro_maximum-entropy-spectrum
306,c2dac5f99e02e5d1165114f919563125ebcfcf58,martini-alessandro_maximum-entropy-spectrum
307,c387830d883f3e08a6f288e1ec30df81cd6741fc,martini-alessandro_maximum-entropy-spectrum
308,c4a26bb6a43237017d48848d22e34b0f8a92be72,martini-alessandro_maximum-entropy-spectrum
309,c55c35a4bf2153cd9233ec0445236f5047b633bf,martini-alessandro_maximum-entropy-spectrum
310,c64c181e960f3c91a54d9c071da67cfd6aa7f159,martini-alessandro_maximum-entropy-spectrum
311,c75cf947bd59d5c3706b9bb2194d6bc3065d1137,martini-alessandro_maximum-entropy-spectrum
312,c777f2b461a06afc24292228b11326ab2f0b04dd,martini-alessandro_maximum-entropy-spectrum
313,c7a3ff9a5bb6196adfebcb0ec7daa8d0bf9c87d3,martini-alessandro_maximum-entropy-spectrum
314,c9af06d2ec1ecde36ee0effdf3ff85aee3452d01,martini-alessandro_maximum-entropy-spectrum
315,ca1f61da530df68cec564260e9ddcdfb0a7df12f,martini-alessandro_maximum-entropy-spectrum
316,cc01937ae03b4058a094c130af96ce54e728ac01,martini-alessandro_maximum-entropy-spectrum
317,cc59bb4476bbccc138dfc68f3e770870484893f7,martini-alessandro_maximum-entropy-spectrum
318,cc72c529dfb0ae2124f02a982bb2080ca076a3b1,martini-alessandro_maximum-entropy-spectrum
319,cc7b8975b2d3dd001db8ba82b7a1bbad1d159c81,martini-alessandro_maximum-entropy-spectrum
320,cc935ecea80fbf24bcb01f8e6690b3f6bd412801,martini-alessandro_maximum-entropy-spectrum
321,cd44b30d84904c04233de120ec31ad154619c38f,martini-alessandro_maximum-entropy-spectrum
322,cddb43462797e07987449b80cd2019a47d1310eb,martini-alessandro_maximum-entropy-spectrum
323,ce13842b7433b96a7fe68f422b72084c36976b5c,martini-alessandro_maximum-entropy-spectrum
324,ce9a107c7bddf8166bf475336cc6d0fe071165bf,martini-alessandro_maximum-entropy-spectrum
325,cf1630e7da0ba0b6bead53564f65ffb3a41ee7d7,martini-alessandro_maximum-entropy-spectrum
326,cf29a95aadca9dd2ebd17b8dc5f4ee9bb9e10d75,martini-alessandro_maximum-entropy-spectrum
327,cfad7f3f18edd85e3824330b616570452635f03e,martini-alessandro_maximum-entropy-spectrum
328,cfd6ea622ef494b421aafb78963bb6e425ee8975,martini-alessandro_maximum-entropy-spectrum
329,d0955382a52b402d2f0abc9ca59fe65780191d58,martini-alessandro_maximum-entropy-spectrum
330,d0cd497dbcea7588229f4fdb8c8d737f5eb4f6c6,martini-alessandro_maximum-entropy-spectrum
331,d0eb4262804c5282d1ced93e474c716141b4b381,martini-alessandro_maximum-entropy-spectrum
332,d14585e1acfcc5ace57e2351142e0742cb9127ad,martini-alessandro_maximum-entropy-spectrum
333,d25c1894792a757f8e7f525473cf1cc66e0e3faf,martini-alessandro_maximum-entropy-spectrum
334,d286e9fea91f7afd62a97bcd02b707cbc2164744,martini-alessandro_maximum-entropy-spectrum
335,d2c0a14e1097a3c62252ee97516cd34f7ef0a79a,martini-alessandro_maximum-entropy-spectrum
336,d2e709dd073876d91aee65a963054a074ef89cbe,martini-alessandro_maximum-entropy-spectrum
337,d2fe211e2315a5daec443352085b5e51a7a5572b,martini-alessandro_maximum-entropy-spectrum
338,d3d9b7aee52a89602a56a1066fe4b2e3a95c9ae1,martini-alessandro_maximum-entropy-spectrum
339,d3ff89bc16c4e96a1fa4f2a8491b30a6cca449c6,martini-alessandro_maximum-entropy-spectrum
340,d4244c506009fec81d34a62711f592d053d143a4,martini-alessandro_maximum-entropy-spectrum
341,d4e4bd88f3107d0626f557c860ae4856452a7d15,martini-alessandro_maximum-entropy-spectrum
342,d505ea8159abcfa69045b2c87b6ca5e9d78eb759,martini-alessandro_maximum-entropy-spectrum
343,d5861874696a5662999c2608ef1196abce192580,martini-alessandro_maximum-entropy-spectrum
344,d58fd57702a5f94522912025181d72ac2bad5835,martini-alessandro_maximum-entropy-spectrum
345,d61aeda4a7d76623f3d6570b1e0b80dcb4e030f7,martini-alessandro_maximum-entropy-spectrum
346,d7424f6de5bf5744bf0c205d49bcaba61aff54a3,martini-alessandro_maximum-entropy-spectrum
347,da54db3f3a722add420975c74a9a6df318fb08c0,martini-alessandro_maximum-entropy-spectrum
348,dc05b1856935cf702da628d27fa25d3c876f5322,martini-alessandro_maximum-entropy-spectrum
349,dc2ea6b02d554f80ea49ef0c67cf14dcffc60bb8,martini-alessandro_maximum-entropy-spectrum
350,dc8b8b43adac52154a34526999ef79ad92488012,martini-alessandro_maximum-entropy-spectrum
351,de7592babbd167b55fd831029d584ab290f00a3a,martini-alessandro_maximum-entropy-spectrum
352,df49e91f0dae727ae1b6c2bdeaf92eca3f0374f1,martini-alessandro_maximum-entropy-spectrum
353,df674acc7b6a0900df369bca0dc9732dff90a2eb,martini-alessandro_maximum-entropy-spectrum
354,dfa0fffce51a7c415f6fe8229962c37fdd5df3d3,martini-alessandro_maximum-entropy-spectrum
355,dff31489d9ba6c7e532c740116c05a4d21a8e626,martini-alessandro_maximum-entropy-spectrum
356,e0def24118059b86479a20be7aa1b850c03cec34,martini-alessandro_maximum-entropy-spectrum
357,e0e3037571bc365bce2f43618771c15265d640cc,martini-alessandro_maximum-entropy-spectrum
358,e1473cda3ec1638c36df4195bbab0794fc5665cc,martini-alessandro_maximum-entropy-spectrum
359,e19faa07965f9a738d3bb96c332693a90d1f0165,martini-alessandro_maximum-entropy-spectrum
360,e1efe277f1b6836d66be0e4c03da4633a503baee,martini-alessandro_maximum-entropy-spectrum
361,e27a26edbb80a8ae1afdd6f953c184d0195b0837,martini-alessandro_maximum-entropy-spectrum
362,e5321fe5a736c1b0fea2ae223b20f5ec279ec7e7,martini-alessandro_maximum-entropy-spectrum
363,e7dc369d844e07b93b30f37891b122b35657a0cc,martini-alessandro_maximum-entropy-spectrum
364,e7e711950f536b95a8d695f8c1471b0b0bb2e12f,martini-alessandro_maximum-entropy-spectrum
365,e80901275ec6dacd8977b10e746e3f1bfde9d4b1,martini-alessandro_maximum-entropy-spectrum
366,e94f3a8ff651129ec91879827d4dae57cd03f51f,martini-alessandro_maximum-entropy-spectrum
367,eafa71ae0bc6da340fd8ff1cbfdb267a21a76268,martini-alessandro_maximum-entropy-spectrum
368,eb1267bda2960cf40e597f4da470da99ce63f23e,martini-alessandro_maximum-entropy-spectrum
369,eb259597a756af5cf53bdae1b5bdac24c3688c7b,martini-alessandro_maximum-entropy-spectrum
370,eccef9d800fa375f1bb2ca9b9662bc2e3561bd8d,martini-alessandro_maximum-entropy-spectrum
371,ecd4bb07a084582de4f0a68f86d27c7227679b25,martini-alessandro_maximum-entropy-spectrum
372,ed6be2ff3da6be50fd0677686cde6fc368d61641,martini-alessandro_maximum-entropy-spectrum
373,ed8f06da0c6e3d8bc975eafeef6cfe4077e72abc,martini-alessandro_maximum-entropy-spectrum
374,ee14992371684db0aa2ec1d2a900359b20621bba,martini-alessandro_maximum-entropy-spectrum
375,ee20098205d7d763e2073af5b4b3848150b7dce9,martini-alessandro_maximum-entropy-spectrum
376,eeac5b10f9736b3f49eb65f00c4a71408658e385,martini-alessandro_maximum-entropy-spectrum
377,ef247a1e9d7f069a178407ab9bce340f8653f121,martini-alessandro_maximum-entropy-spectrum
378,f04e0e96523065209bb0766e5a508713722059f3,martini-alessandro_maximum-entropy-spectrum
379,f08e0ddd531484f7c369e2adfae1993dc983f209,martini-alessandro_maximum-entropy-spectrum
380,f0b4e4bb247d17a4a6932731c17f1b501fc172f3,martini-alessandro_maximum-entropy-spectrum
381,f1202e9a3ad5eeeceb241fe50f976f7adc970b4e,martini-alessandro_maximum-entropy-spectrum
382,f120357eedc313becdba3e0084d59c04880890c2,martini-alessandro_maximum-entropy-spectrum
383,f174cad267ae1f03c7176d139d285ad403fb1f27,martini-alessandro_maximum-entropy-spectrum
384,f18e7322c9ceb481f44d58a9d3ed195050786f7b,martini-alessandro_maximum-entropy-spectrum
385,f35fbfe3630e65943441fae730ce820eb4bf17e5,martini-alessandro_maximum-entropy-spectrum
386,f487c06602a294698083b5240586f1122de56f91,martini-alessandro_maximum-entropy-spectrum
387,f5fe36abc5a7ac1065687a91fcd242cff0966b70,martini-alessandro_maximum-entropy-spectrum
388,f65b9ca56d4f0db9c0916c679db092d53a5f1682,martini-alessandro_maximum-entropy-spectrum
389,f666bc5c4677398303bba0b5fc2751eeed1e55d3,martini-alessandro_maximum-entropy-spectrum
390,f6a95e972b83ffc743724d34090eb38d6186f1ef,martini-alessandro_maximum-entropy-spectrum
391,f6f40ceaefc505d228c4b5262115de76c642fa33,martini-alessandro_maximum-entropy-spectrum
392,f740e9ad62a9ca288cf5364c86d3a795514d317f,martini-alessandro_maximum-entropy-spectrum
393,f7d6fa748de70ee6c313205d241cca4567dc2a3d,martini-alessandro_maximum-entropy-spectrum
394,f815372c0834613fcb4d9f6f4f310004838da4ea,martini-alessandro_maximum-entropy-spectrum
395,f8cca7a27cc3123ff7ac69bdbd297340f56aff21,martini-alessandro_maximum-entropy-spectrum
396,fac3c496e3e5df611eb892a6040feb21844259ed,martini-alessandro_maximum-entropy-spectrum
397,face32c6c89d4be67ad2afa04dd9055dd10aef9d,martini-alessandro_maximum-entropy-spectrum
398,fbd7f745bad5f21ca18fb90572365f7439e0facf,martini-alessandro_maximum-entropy-spectrum
399,fc3ea98b34584703816742bfea750a1ab34fcbf2,martini-alessandro_maximum-entropy-spectrum
400,fce0fce0af5571ad55ce1678a2bca51351dd2512,martini-alessandro_maximum-entropy-spectrum
401,fd9e7aec8885722804bd1318cb47a059193c88b3,martini-alessandro_maximum-entropy-spectrum
402,fe9614e7b6cb1b302607ae77bd522276002d19b1,martini-alessandro_maximum-entropy-spectrum
403,fec0b66711c1eced1ec17e7abe7aa304c7238686,martini-alessandro_maximum-entropy-spectrum
404,ff2cbb778c1ca3adb5a8efe285e9e0b21799e253,martini-alessandro_maximum-entropy-spectrum
0,001765f5b5b15cb515bd0b793a711f2de479735c,shixiangwang_sigminer
1,0052ba703d86d42bd5222f6d0b26044aa67496dd,shixiangwang_sigminer
2,0077e0f48560503ca4297bf8dcc68cd81a5b0a0e,shixiangwang_sigminer
3,008ee83bd6bab1eb69f4937e7842026ab31329b1,shixiangwang_sigminer
4,009a1936b7c4b664b0f1581946d8dae7b83a33e2,shixiangwang_sigminer
5,009e0ed8b94a29ed5921046abc194b1062841bbe,shixiangwang_sigminer
6,00ce3ec9a758cdf413d942af0964d4c552eeeb76,shixiangwang_sigminer
7,00ceb3b0da9d058b615b21161497b22313488094,shixiangwang_sigminer
8,00f79ffd167aa3d08507734be70dc3fd029f5a27,shixiangwang_sigminer
9,00fda0de0d3f09af7a3eef74aafcb6b5c67578e2,shixiangwang_sigminer
10,01154b518cbe9f53b87f696c950e9b5a53b9d2b2,shixiangwang_sigminer
11,012da4d6c2ddaf57353bfc0ae9808818827cc674,shixiangwang_sigminer
12,01367ecd9f29d545c368f75f42f223ec7c003918,shixiangwang_sigminer
13,0158db5b9f660fe74e81dc91e19bae0faa6afc15,shixiangwang_sigminer
14,01810cbbaf1abe6e041f177237c03b46e18d689c,shixiangwang_sigminer
15,0193e8f1f194f51f784190bd265b36905a21409b,shixiangwang_sigminer
16,0198d5576e52f352f3171f176900bbf0b7394dcd,shixiangwang_sigminer
17,01d1e938a07ed68d113054629d2608f3d36a1360,shixiangwang_sigminer
18,01dd873734ad2239f495a3d4397db2547ab1791b,shixiangwang_sigminer
19,0229ecb4dffafb0f560061f3c0a94e894f32940c,shixiangwang_sigminer
20,0251f5bc8b4e8cd55c89e96b7421316eee4dd2e9,shixiangwang_sigminer
21,026bf9212035d14f2be71044bc962ec41b9c83f0,shixiangwang_sigminer
22,0283ea3a4332dfc0c956300c4b2e044e1ed2852e,shixiangwang_sigminer
23,035a84826b07e7b5b2757730563d5d6f62a751e0,shixiangwang_sigminer
24,03ab8030e7d0af34e7e729b42696f9817cd6816e,shixiangwang_sigminer
25,03c3fa2352c76ae27a9b2831552760126c2a41cc,shixiangwang_sigminer
26,03e47b09735b947b5100cef5f284968d2cf29f59,shixiangwang_sigminer
27,03e6c9444df099af42b5911c2a6625bbaab9242e,shixiangwang_sigminer
28,04076f00dfd34a661a31f1444518ec2a454cf7e2,shixiangwang_sigminer
29,040b5f24a21331f884681841daa714c94fc5f9be,shixiangwang_sigminer
30,041b93d4502efa4de0fef102b2759fb6889060cc,shixiangwang_sigminer
31,04e8c9e07d08713c868a944954d83fd5d584ea37,shixiangwang_sigminer
32,04f2e25501aa6324fafcb1644caa382cdebacec2,shixiangwang_sigminer
33,0501520b511bc3ab53f8e31ce60492ac163a64b7,shixiangwang_sigminer
34,0533f5e23cdce1d653cd88ceb83afe0ffcd0ad74,shixiangwang_sigminer
35,053c3216527e942777dfc3a42377f73f46fbd2d0,shixiangwang_sigminer
36,054649b01b198660aba613df485aba1e3981167f,shixiangwang_sigminer
37,057c1555f5acb09f72a5a88322f98d9277098efe,shixiangwang_sigminer
38,05abb2fb5cca14d93482f4e3499f2faa86083f9e,shixiangwang_sigminer
39,05af6c5b362df444a8af1ab174a8beb1b5028653,shixiangwang_sigminer
40,05d9e59d7947c8c00dc84a01d951cb2f9284b3de,shixiangwang_sigminer
41,05df076618b972b4b7e6694063c9cf7f1761ed64,shixiangwang_sigminer
42,05f374abf6006b01ac6aa79e083ddec9f1ad8694,shixiangwang_sigminer
43,05fef8299461f8a4af835ad993207a1629738189,shixiangwang_sigminer
44,0611e035d17a54e3106f06250a4c15c465368079,shixiangwang_sigminer
45,0620d355049d6f744f671868ee75974bc3bd2091,shixiangwang_sigminer
46,063f86be22d93ab92c64cdcf5946635b05c95a24,shixiangwang_sigminer
47,06408686ee8fa880d6a77e1155e939b7f47ac36b,shixiangwang_sigminer
48,06965a55802af7453884d1c9d20724740b8ae2b7,shixiangwang_sigminer
49,0754b32f38f4e93ead2a15bb3381c9cbd230c06d,shixiangwang_sigminer
50,078d2cb9bda9d8a0ffa70d6ffe82b7f363a7350d,shixiangwang_sigminer
51,07a72a6166b66289e92c5054585d48cc524d423a,shixiangwang_sigminer
52,07a7dbea64948c5e35ad4fc405cd540b59bca06d,shixiangwang_sigminer
53,081d770fcba269a15a705bf64a9d2e5a11daa1b0,shixiangwang_sigminer
54,08782751c18b861f9f39a7b92e36f2d436e086d9,shixiangwang_sigminer
55,088d2cc4aa7455fecb8f9d98571c45b42d509e20,shixiangwang_sigminer
56,0922075735d85d74d5824f82c803bdcc6e252534,shixiangwang_sigminer
57,0954493a576f1890355a9eb903a8d5bacd1840eb,shixiangwang_sigminer
58,0955d73898e48ea72b0ab47973739be1968d8205,shixiangwang_sigminer
59,0978ba391ce8192d73fa747e47778400137529c8,shixiangwang_sigminer
60,099555066db63d086b9e37635d7273e43c54b1fa,shixiangwang_sigminer
61,09adef4a2661bf3ee8ff8ec5a06fc57f450aca5b,shixiangwang_sigminer
62,0a3cfd3e261fcca509f6308318beefca3b1a3243,shixiangwang_sigminer
63,0a445c5a930f30738ac09ae9f59f5736582b33af,shixiangwang_sigminer
64,0a48030f27a6bc65af2a436fb85edc5069f1b4a1,shixiangwang_sigminer
65,0a59c21377e1877b1831278002fe421aa5ebb553,shixiangwang_sigminer
66,0aa1d2f119595371110ce050f88f361a44aebf50,shixiangwang_sigminer
67,0ab20dbbb3abb3af0672412308bda1e2344f1922,shixiangwang_sigminer
68,0ad62d8dc44787ef47eaaaaef1d14cb6cb7b0bf6,shixiangwang_sigminer
69,0af6af85e02881fe0056ba22269d68d577c8d641,shixiangwang_sigminer
70,0b2ec04206f2e17f4694cce9e45f8ad4a2aa7a7f,shixiangwang_sigminer
71,0b4649cce57478b4f8ebb1b40120731eb78e3722,shixiangwang_sigminer
72,0bae6cf926fde4fda1dad60d6639578cce533d91,shixiangwang_sigminer
73,0c3354564a03b950667bb80d5a8f0cc552da0c1d,shixiangwang_sigminer
74,0c484eb9864bb4232b532892184ca98721f242df,shixiangwang_sigminer
75,0c5f23f64d60f3d478fc85dacecdf2249d6a1fe8,shixiangwang_sigminer
76,0c749470f93adf8c860dc71a9e767945ad898129,shixiangwang_sigminer
77,0c8d228ba84a5da9135b9a54f086f8a51d40befb,shixiangwang_sigminer
78,0c8ec426e7a202b70a5d96bf82f62fd98b00e61f,shixiangwang_sigminer
79,0cc48a90419a1afe44715ef5b7eee99f59d20990,shixiangwang_sigminer
80,0ccb4b931486ca4c155039afa5c51d72f50c31f9,shixiangwang_sigminer
81,0d0f996546fc38237f9ef6d4c94e01b27d42e15b,shixiangwang_sigminer
82,0d312838159cbbbe05c43a4248ff898158381ecd,shixiangwang_sigminer
83,0d4b8bcfd1849bfeaa9fa1b189079682eb12e521,shixiangwang_sigminer
84,0dd4183cf080394366140e85dd124bb1c6cb5cd0,shixiangwang_sigminer
85,0e360bdd6bb22d39efbf607a56407fdba81aaa04,shixiangwang_sigminer
86,0e44829726ab0b256401109fc4560f43c6d3d529,shixiangwang_sigminer
87,0e8e144881be5f8c65ef302be114808eebb3908d,shixiangwang_sigminer
88,0ec9f93b656cb2e19d520590c0bbc19f18fa067f,shixiangwang_sigminer
89,0ed67b70e2bfdc8384ea1323a15eae22b5446d6c,shixiangwang_sigminer
90,0ee171fce35ccc3b4fda7943c1d65a1bc3b7758d,shixiangwang_sigminer
91,0efd79c120f229120bf0f48fa6b0789c38caa131,shixiangwang_sigminer
92,0f0606fe9f49e1a8be94e65e86161484539affdb,shixiangwang_sigminer
93,0f8f2e9d2bf2a42e9d0fa651fb3b3bcd81b73a41,shixiangwang_sigminer
94,0facd05f7cc0da025cbcbe4ed4fa8fef4bfd9bdf,shixiangwang_sigminer
95,0fc6dd15ec9573cf6dfd9b87eb58ab8be6505ccd,shixiangwang_sigminer
96,0fcaaa11f5f4d0777395652d76847861d24abf6c,shixiangwang_sigminer
97,0fed3123a10d164080c11aaf79268fb63c10236f,shixiangwang_sigminer
98,0fee6a32379391d579409cdc25f0c3114134ad00,shixiangwang_sigminer
99,1018852b902d6831a683e0c9b76a1eb2ae20b89c,shixiangwang_sigminer
100,10accbde39a0e24505c0b8eb3ca4b7ff36388534,shixiangwang_sigminer
101,10d8aa1998afdaedd7fe9fcce264d3b6f0fdb0b6,shixiangwang_sigminer
102,10e86aa5bf2272fde56990964185b50423e636de,shixiangwang_sigminer
103,11e33a23fbf106a5aba60e758d98b988c6d68b53,shixiangwang_sigminer
104,11fee43364d4ad90f6eef15fa4b20ec171ba9ea3,shixiangwang_sigminer
105,120a26aa1ab6b83a67c4beecf78f42ffce71c6b0,shixiangwang_sigminer
106,126d87a2882f3c1ae9e5d530e3ebf0a43ee265e7,shixiangwang_sigminer
107,12851e51518286ddb740fea4a36265b4520d5012,shixiangwang_sigminer
108,12bee50e81d3b57a12a2d8ec9e74c131f6c9e5ef,shixiangwang_sigminer
109,131ffe859a64d7c6d6fe13cd31d3942315880e7d,shixiangwang_sigminer
110,13c3ca8b5a1404c257af837a09d3d7cd43d9eefc,shixiangwang_sigminer
111,13ecb701801b25ff465c25a67a817eef3208f752,shixiangwang_sigminer
112,141db419b4a6ff4335418d73d000b74f244d4403,shixiangwang_sigminer
113,14294839e45f0ece853f43205f18aaa579f4168a,shixiangwang_sigminer
114,14d9c16564156900e80712f6b04973d198271540,shixiangwang_sigminer
115,151e7fae1ca31175a20cefc084d7a7506e80780a,shixiangwang_sigminer
116,1593f0bfe087730464d00166d6089da5eb4caab4,shixiangwang_sigminer
117,15959f2d876298d3e5b86a76f753d18ae1c282b4,shixiangwang_sigminer
118,160e274ca6b8a1dc7468ecf8697b49b31b832fb3,shixiangwang_sigminer
119,1643b39d124e393d8e202a5eac742e69d5d7229a,shixiangwang_sigminer
120,1674c80ca21d77534fbbc3e8012b62072b07df86,shixiangwang_sigminer
121,16873ff1715d7c8fa3814d2c39a55244fc8279a4,shixiangwang_sigminer
122,16c182991e30fb7cd35b32f41e19cb1fb8711c8f,shixiangwang_sigminer
123,16c9fd6514a3fc057d954503b35704f4472ffa8e,shixiangwang_sigminer
124,16dead6e06f52f8a4ed78dfe56b1c080a60b189d,shixiangwang_sigminer
125,170fc294ea3b85ab599f6739f3e5ced90f702507,shixiangwang_sigminer
126,1727d941e0c82e84155dec71075856a4e95af4d8,shixiangwang_sigminer
127,174454f8af64b3b2edd5910161677631f015772d,shixiangwang_sigminer
128,17757b87b591ebf7a4dd273aec20925276a949a7,shixiangwang_sigminer
129,178125d5b01ba6320d41173ed4023630508ba3d3,shixiangwang_sigminer
130,17dbf69c70d0ddb707f9df4b0adf63b701c4d83a,shixiangwang_sigminer
131,181d08fec4271162d1c69a21a3dcd0fd24d406d8,shixiangwang_sigminer
132,1894784fdb3262bff2982b6792e812958be713f3,shixiangwang_sigminer
133,18d3b3440e672e21c9ef2cf2787d980e20527f59,shixiangwang_sigminer
134,18d6dea6ab0e3c447d589dd5141b5e50928bb61e,shixiangwang_sigminer
135,18f3aa37ab42a96ab30854713e5c4d1521b432aa,shixiangwang_sigminer
136,1906bc973f9ff2a23b757c372d99427d30571721,shixiangwang_sigminer
137,194de9b08e0889f0441b130cdf3aa4143b7ec217,shixiangwang_sigminer
138,196c4e7a2d899ffcb3bb454133d99d5562e2b610,shixiangwang_sigminer
139,1998023cba7e53d2ada98845b3846262aa89cb66,shixiangwang_sigminer
140,1a0963cca388114851286d8cd7d8c9faddfb6e30,shixiangwang_sigminer
141,1a28bffa6645fd05c8d0866d59c95850ce6c5044,shixiangwang_sigminer
142,1a7afd3ecd648c48dfc8f6ab0361a411e798a097,shixiangwang_sigminer
143,1a8f4134b991044692b483bea1733b93ea097647,shixiangwang_sigminer
144,1b1255bc5baf3ab5baaa7e4e4880c0254872718c,shixiangwang_sigminer
145,1b27a46236eec8a9aaae13fb30f22519bea32574,shixiangwang_sigminer
146,1b7b7604fc9a6be8d06eed835b9dd78789266327,shixiangwang_sigminer
147,1b826216702c87f0350aad57cf5c16e55637eab4,shixiangwang_sigminer
148,1b96043f6755e6158e95fd63bc3f39e6d7826429,shixiangwang_sigminer
149,1bd8482ad0d731a9b547cd87348ba8c4cdc53ce4,shixiangwang_sigminer
150,1c08144b6f7f5169fa73a3c0ef46cefb87182227,shixiangwang_sigminer
151,1c26aa3b10b80973d9988221c6ab3dff9da56b6d,shixiangwang_sigminer
152,1c515ea7daf17381b15365d69f5558fdf51f6617,shixiangwang_sigminer
153,1c72559f09bcaf3d404afbd7b4372dba54855442,shixiangwang_sigminer
154,1c75d81643dfe9b08a11fbb643d97f7886793c35,shixiangwang_sigminer
155,1c85439cbc13396b5dfae1e56365a53e59b21101,shixiangwang_sigminer
156,1c9b53c35dee77d053dd94da226cbe3d35dd40c5,shixiangwang_sigminer
157,1d2bf08b22386df2157529619094e7578af702f6,shixiangwang_sigminer
158,1d302d86ba514c037dfa5e663fe782d46b8c1af1,shixiangwang_sigminer
159,1d68cb1ff870cc81f1747e560d34d6f2decc4e02,shixiangwang_sigminer
160,1d6a2451ea0942f11933923dcf70cbb179ba87fe,shixiangwang_sigminer
161,1d83ecc57d0a42c1689e11c6d705d72f6f7473b6,shixiangwang_sigminer
162,1db3583a08e3ca8c14f0f193a0efef558d3c637b,shixiangwang_sigminer
163,1dd1d7f101031174126bef0b57dea553b57892ac,shixiangwang_sigminer
164,1dd3ebdb2519e1c9feeb6ca20c0aa4f196d11fa4,shixiangwang_sigminer
165,1ddab52855f654ca902d8b4e31f3470379135357,shixiangwang_sigminer
166,1df2240857177074392902ba60ed3de9347a51bc,shixiangwang_sigminer
167,1e1223a9b821679a9f9b5241bfa67acfddd83255,shixiangwang_sigminer
168,1e3c1c9ebc566bd6e21fc97450a396f880660332,shixiangwang_sigminer
169,1e6654f7593389e3ff96c05304f7f5f42f534ace,shixiangwang_sigminer
170,1ef2f53a07aea136eb2decd94d0d9fef233dbb63,shixiangwang_sigminer
171,1f3d68709bc1c9f6fe8dc7f3938b40791a5c4062,shixiangwang_sigminer
172,1ff841f431d50327002891e79f14fc4ec6d5ea89,shixiangwang_sigminer
173,20679878e9b5784327d8578bafd77719ccbbed29,shixiangwang_sigminer
174,206fe6fa443f3bfa4fe27787ffe1929a471933b1,shixiangwang_sigminer
175,20795e87f9ef8770fd0a3c8b090ecd1a6da9aa74,shixiangwang_sigminer
176,211209c611e4c9c424290f1dc028e0a6a1c7e01d,shixiangwang_sigminer
177,211dd63e80caf7655548bbebdde66df0b86da645,shixiangwang_sigminer
178,21cbfae6f049e12eb566df16a8e8828ab24afeec,shixiangwang_sigminer
179,220605f46a6145a61bce71cedd4678d108f79d64,shixiangwang_sigminer
180,224f933f222374b5e09d1fa81ddb3ce8023c05be,shixiangwang_sigminer
181,226f3e0ff747b6db76ad1d67db065953519a0e06,shixiangwang_sigminer
182,229b635e19a2e4a2dd3ffde011ce5d2f3c904bda,shixiangwang_sigminer
183,231e01720e354a349fbb9190907e4b0c4efdaadb,shixiangwang_sigminer
184,232136a9ddc20b038b3ee322bcbd607334045015,shixiangwang_sigminer
185,2324df8584e9bad022a908e1533c052336f30648,shixiangwang_sigminer
186,23e582a889db7c2cc9fe96401d24b242ac06c927,shixiangwang_sigminer
187,24333c53a4f14c59bc363d101c1a8c654287c96e,shixiangwang_sigminer
188,244886c5dcf097b7fc5a6b6c38d3742f376ee483,shixiangwang_sigminer
189,24bdbb9753fe83a2ad54c5e7f1e1f265235848dd,shixiangwang_sigminer
190,24ef8cb8d1ac75e4c3921d0230bc14a57c8e37fb,shixiangwang_sigminer
191,2546ecff067e7ac26ad63f76de3fed090d9bb95a,shixiangwang_sigminer
192,25e438cd5929af62d87a0fdec0f899e0ce2f8ca2,shixiangwang_sigminer
193,25ed272d3d70fb9298e7805e57eaa40ecd530c2a,shixiangwang_sigminer
194,261ebc1e29a87610912ee37a1063958f3cd5265d,shixiangwang_sigminer
195,2639199361089bbb9295b30e0c66cd3cf11f84c0,shixiangwang_sigminer
196,2656e01c560c76a6c3ab222e83b00dbcd7749c68,shixiangwang_sigminer
197,266825b02fe032f6d83bc544af125114b8cdc133,shixiangwang_sigminer
198,26b6e9ef46ecd2ea8eac798c0dcb489a0d5ab4d9,shixiangwang_sigminer
199,26f4ab3edc2e315e08057500e20ca27e8108b564,shixiangwang_sigminer
200,274302feda3a64d8fbf5c0adf5dbf28e04f84366,shixiangwang_sigminer
201,27c02a5c0e622dfe3daac145fe7b0d23a2e87966,shixiangwang_sigminer
202,27c53227bef804ee5950323c44bf3da0dbfbc356,shixiangwang_sigminer
203,27cb3b697c6a2693d6a03950eedeb3857f169c94,shixiangwang_sigminer
204,27d49cefa2225252e458f9e1c47c75f6983b0e6b,shixiangwang_sigminer
205,27f494c93b3acbeec86cdcf3f3dec59f35dbaf76,shixiangwang_sigminer
206,281614083fc8122ab9c3692044375cc5bf5f4ed3,shixiangwang_sigminer
207,28309d8a5c3e7a7c8718cf9aa1bf9ae47eea50b0,shixiangwang_sigminer
208,28b7857e6e58cc5e4c347ee04725eb2d6eef5099,shixiangwang_sigminer
209,28db6cd98c1fdfde60cf3b048f753e554b9751bd,shixiangwang_sigminer
210,293e9af5f8b477d1875c8cba8ea7a616a2fbbe6b,shixiangwang_sigminer
211,294564c8218343e723ffcd860efa6968d32a68e5,shixiangwang_sigminer
212,295b04a52d049d02d55a761080868719cb51c040,shixiangwang_sigminer
213,295f97c794bc5a2807120461e49cdebcfd9e65f9,shixiangwang_sigminer
214,29696334f3200825e029324a8d4d246605bb503d,shixiangwang_sigminer
215,2a3fb59e4e154cefe808112973b86afd45bc17a1,shixiangwang_sigminer
216,2a40f2e878202583f346cc9d529ee998826f5715,shixiangwang_sigminer
217,2acb064d08da1e15517c81d84d2d68c9aa96a13a,shixiangwang_sigminer
218,2ad0c551709479821d891ca3cc00994ff4875c01,shixiangwang_sigminer
219,2b2f520efe3ae20e85d5ede6e5d3b97056075ca1,shixiangwang_sigminer
220,2b4283ab7456a5451abb864bd05e09c52e7c7818,shixiangwang_sigminer
221,2b67848ecbef52ac2588df1afb2b07e6c5b285ee,shixiangwang_sigminer
222,2b6b08cb0d51e9bb3757243fd4c18095fb205744,shixiangwang_sigminer
223,2bdca6f33031252a54828d05245f13b4dc090201,shixiangwang_sigminer
224,2be7a47b78a975df41451cd62c4f0b051f2e239f,shixiangwang_sigminer
225,2c0ba7993c373f23e251890b5105a1dacab60737,shixiangwang_sigminer
226,2c3b11a482d727e8c3987327e32cca33f692cc04,shixiangwang_sigminer
227,2c3b88ca9bce0ee53eb9ef90754976d8ae5ac90e,shixiangwang_sigminer
228,2c456824776f77216dfeabb047642f5d83469129,shixiangwang_sigminer
229,2c66893866618ce906da8e3e1e016044ffa83b0d,shixiangwang_sigminer
230,2cd3b51fb70400c6c3702177c33272152d4fd1cb,shixiangwang_sigminer
231,2cf92e688eff8e9a5097487f9d24234d1dfb33cd,shixiangwang_sigminer
232,2d9adc13b508afcf434b647faaa16823e4693f78,shixiangwang_sigminer
233,2da8d9160d7852ca715aa386f87c436fc84715cd,shixiangwang_sigminer
234,2de901bdcd380105f0bec30ab746fe19631c8964,shixiangwang_sigminer
235,2e3266f96a5d0f351d8dc20166978219a9201339,shixiangwang_sigminer
236,2e56ebbf6a8a420d2e47be683582bd6654b66b5e,shixiangwang_sigminer
237,2e5accc6aabadef7840cdd79f5c13563da3cb5fc,shixiangwang_sigminer
238,2e676710b2679ea6f0bd40e662ef67e7b5cd5178,shixiangwang_sigminer
239,2ee2ce466a794415b35595d60bf8c4c3b1cd3777,shixiangwang_sigminer
240,2ef2deeafaaa51673e34ca804ff4192855b2ede0,shixiangwang_sigminer
241,2f66230bd1a2af4f5d48ce3af24f18199f584d09,shixiangwang_sigminer
242,30072adb616859a293b29bec556e19da6dbcd2d1,shixiangwang_sigminer
243,303ca86a1dc294869a04c3e2b23084ebc5832294,shixiangwang_sigminer
244,3069f9bed65aff6e8ba950a3105f77bdb249ee83,shixiangwang_sigminer
245,30c03e97abaf2e902322743c9c27a524091ca6c1,shixiangwang_sigminer
246,30c24ddf7e78d20b5febeb9d8ea7dd846a506aee,shixiangwang_sigminer
247,30cf9e80c7f4cfcf76378027d4555494ebc4e325,shixiangwang_sigminer
248,30e24a24edacda8e084eb5ba535e5b9f48335683,shixiangwang_sigminer
249,313abe2f7f1ea6861550a4b0026c900a2f29806d,shixiangwang_sigminer
250,3178444327861f6d00fa4f5b463e48a2ae2cf817,shixiangwang_sigminer
251,31eeba98152d159061c977c3d22365b863b9bf23,shixiangwang_sigminer
252,3209daf21cea824f771029294947b5f25dd8f65e,shixiangwang_sigminer
253,3231bd057076c51320bf07c356948dda8dbd5ff7,shixiangwang_sigminer
254,324261e655ce1090ab38893a5fb8b9202e80b9da,shixiangwang_sigminer
255,327725f09975061dd8cfcd0b817981ad262ff0b4,shixiangwang_sigminer
256,32891d371aa6f656e2ca0502cd774a03aeba71fc,shixiangwang_sigminer
257,32d8de514bdb77cafc7d4bd0af252513b7f52084,shixiangwang_sigminer
258,32e64c60ae7a4cf5d2d4daec763fcf18df8a0a66,shixiangwang_sigminer
259,32e7fed7f74e7dfb6c99a73c494c74e5ac8e88aa,shixiangwang_sigminer
260,330d13dac6b774f271842c0076b652faddb6b33c,shixiangwang_sigminer
261,330d2cc8e6da4f2659b77dddd42ce67dd3082766,shixiangwang_sigminer
262,330f2704ffa6c7e9b6c456eaccc19ca84781cdce,shixiangwang_sigminer
263,331dcae59356fcb26b4a40332beacb3600da69e4,shixiangwang_sigminer
264,33442b5e4fbb8d0260b1ee9f2bf3dc2dbece0bbe,shixiangwang_sigminer
265,336ce83baf1424a8d74a644d9fb9198b82f4cb79,shixiangwang_sigminer
266,33fec4c065de6994b908702322ce9d62b12e2802,shixiangwang_sigminer
267,34215ece274b534289e04420f5880357d3528020,shixiangwang_sigminer
268,3428f32acfbaa5a790c2e1117af1031c2a081965,shixiangwang_sigminer
269,343edccf5d1bb8d61cc26cbbf3668027ff9ac989,shixiangwang_sigminer
270,3461674f25fc80d8876833351622caa46ac890d0,shixiangwang_sigminer
271,34822b079a5065b7cb4643dd01c44176ac0ec749,shixiangwang_sigminer
272,34e7a3808f3ab896320d415803861cd797204f23,shixiangwang_sigminer
273,351d7c79e8a5a5229e09cf6464d77b8909e7a58c,shixiangwang_sigminer
274,353c25737906cd28db5babfaacef169541a8286d,shixiangwang_sigminer
275,353e06355a4bf258c8d26b623846557f14ba451a,shixiangwang_sigminer
276,356d6c024e523c32d5b862d9081a1932b714aa06,shixiangwang_sigminer
277,356f3e96e8a86a33ed25a8ddac624f2d9763cad7,shixiangwang_sigminer
278,35834b44469574323c366f4380b3fdb66d1fff66,shixiangwang_sigminer
279,3587e08e3d6709d11365f725244411331f9bbf8b,shixiangwang_sigminer
280,3596f254ee303e836dc8f123e5eab65236fc2830,shixiangwang_sigminer
281,35abc2faafd6f1e96459244f1ca62d8777a642cd,shixiangwang_sigminer
282,35d12c6bc6e6eef2fa442192c7ff6fac65882eea,shixiangwang_sigminer
283,361c5bf0d536edde07a4582798f0c3a79bbe84f0,shixiangwang_sigminer
284,362bb07230f68e3da76d71c67f46548aba2e3544,shixiangwang_sigminer
285,363f2390b77c17da7931afe592029636b95f383f,shixiangwang_sigminer
286,36548dd8c6ad62df93e80626c8c274e999c53f11,shixiangwang_sigminer
287,366b530a9fd79a8c0c2fe1299b145f8c4c03603d,shixiangwang_sigminer
288,36f8698d94a76197a0c6c95605312f8649003f55,shixiangwang_sigminer
289,373e25a89cde895ba56a6362fbc4f492b1792047,shixiangwang_sigminer
290,374c252e0ec49029d05bcf90ca946199507ffae9,shixiangwang_sigminer
291,37a10d70237c93e0cac5ee2188977c0e5e005495,shixiangwang_sigminer
292,37e62b3617ec818da6688f56d608f66b7739b563,shixiangwang_sigminer
293,3871dad2891756b8306969090735d6fab542c212,shixiangwang_sigminer
294,38ae50123fa131e1992a1dd7f4b443964b93a889,shixiangwang_sigminer
295,38f77d062416ff902908126ba8ae8200d3bbc615,shixiangwang_sigminer
296,393aebf05a0ba08e13c328ff396163425b7c4998,shixiangwang_sigminer
297,395d6e21b5179b9b475b4d8e93d82bec9112b543,shixiangwang_sigminer
298,39aff87bc530c16ba9c3e3194db8c06dd9e12280,shixiangwang_sigminer
299,39fc95799df3f7cc263b8fd73d515e70c17125e9,shixiangwang_sigminer
300,3a3b177f1e655148574fb2296d1b6b1c09a84f48,shixiangwang_sigminer
301,3a4b6f143bcb0cc8a32eea2337bfcabb11c1b394,shixiangwang_sigminer
302,3aeddf81fda1c35c6c0f653ff5ab6af3882ad861,shixiangwang_sigminer
303,3af89caa5a5a14d655be74ce4ac1e75c8abe5fae,shixiangwang_sigminer
304,3b1656ec78d8a4ea326a049293ca1ff460efbd47,shixiangwang_sigminer
305,3b1d363c347211b90c0767a74baf3ef8a1a76a3f,shixiangwang_sigminer
306,3b566fe3d40eab26c73836879779b3bc543b6ea1,shixiangwang_sigminer
307,3bab0aa5f3108c5ab68724d98a12466aa2ac14fa,shixiangwang_sigminer
308,3bd31644c507c229dd60bf6be9a02cd54e948e23,shixiangwang_sigminer
309,3c329123c828e3064dc97f444726b362e8bf0390,shixiangwang_sigminer
310,3c3731023bb06c7f578a5924e0568d0e9a0d85bb,shixiangwang_sigminer
311,3c3d76eb18cc7495f68075397baaff43b1c77463,shixiangwang_sigminer
312,3cd2d496ea129c6db624f347d87db38307d4165c,shixiangwang_sigminer
313,3ce3c3fe0bdb0f181cbbd642aaf45b8c77bbff78,shixiangwang_sigminer
314,3d673b65173c7d2157b2c511ab66bb31e64c4553,shixiangwang_sigminer
315,3dea0c6becfe7f299612f441c45eaaf1dcb82af2,shixiangwang_sigminer
316,3ded129ecc4046f683168c6373ec917d854876f9,shixiangwang_sigminer
317,3e7dbf4db89bb4efb2741a804c93d3c89dfd875a,shixiangwang_sigminer
318,3e81c7b679dfca94ce00daf651167183ae0ae8a5,shixiangwang_sigminer
319,3e94917ab53368bd880571dd2005f8f5c26ee76d,shixiangwang_sigminer
320,3eb636ca7243ab1e6d9e38fe3718d7c9835b34ea,shixiangwang_sigminer
321,3ebf311a82db98fa7f60040270bb424ae4956fce,shixiangwang_sigminer
322,3ee4a8373832ef83b18cf85db550ee576dada9b2,shixiangwang_sigminer
323,3eea12bbb6766fd6b635c006b9f637d0e82c3b6e,shixiangwang_sigminer
324,3f7f017cd8479bda97cabc1937264454ecaa76de,shixiangwang_sigminer
325,3f7f98cd72a36c820df8d5a0338b415d139512e8,shixiangwang_sigminer
326,3facfba5eaf5506a0b1eea15b1531225fb49a567,shixiangwang_sigminer
327,3fb13bbfee48e6513052474bbc0a798aefbfdd44,shixiangwang_sigminer
328,3fc77ac2c894568dcc4cebbf2083e340bdd9df70,shixiangwang_sigminer
329,3fd4f7960cb8ab8ed73c5abc1cfcb3d8e9ebd509,shixiangwang_sigminer
330,3fe15e2c3c6cd41fef7911a9fe6ed4e45b984404,shixiangwang_sigminer
331,3feea54cdc9a097789fa5ec99f4dec7800ec0977,shixiangwang_sigminer
332,4028f0e84635a64789c37a29f3ea304861c741e0,shixiangwang_sigminer
333,40aba2ae744b38751438836dd2da5eba08813430,shixiangwang_sigminer
334,40ea467dab22b67865b8f1d037b6f5c5952f4c95,shixiangwang_sigminer
335,411b9e4e3782d7c774e0bda818911eee2ed7d943,shixiangwang_sigminer
336,41278b4923f7fea59fd1b512243b7f847ab48997,shixiangwang_sigminer
337,414b5f1b745a44845f2b261bd8678d51a112f670,shixiangwang_sigminer
338,419387e2c08f5508df772d8a8ee2478b518e0101,shixiangwang_sigminer
339,41a23cd91b3fce14f04d4e4ccae31bfd4e857509,shixiangwang_sigminer
340,41b02de22522826330ac1c28aa29bb77a5abd7c3,shixiangwang_sigminer
341,41b13dec55fa798fa18710c3a01e1a7d9838e0f2,shixiangwang_sigminer
342,41e565a3ceece4e7b3d662d95eec8be6c31cae6f,shixiangwang_sigminer
343,424a2cfd3b2fc3514bf7fa427067454cbe3d77b2,shixiangwang_sigminer
344,424f712b3967badc49c32e4b1f8a5ebe056fd906,shixiangwang_sigminer
345,426014a55034fce1a365dae0694529ea18cf34e0,shixiangwang_sigminer
346,42760eb0c9a5e64fd8bc23cba1e2d5f650ba4474,shixiangwang_sigminer
347,429c20aa86dbcdff20765e745f4eba112cbf639e,shixiangwang_sigminer
348,42a5ec596090de00f225e9d4250a38656db9fba4,shixiangwang_sigminer
349,433e376fb60c98e22443dc3997e8d1bb0b377ffd,shixiangwang_sigminer
350,43a0f55b0bbee93ffda443ae8308a32c605c6123,shixiangwang_sigminer
351,43b02545a86966eec6dc5822de4e1befa752fc51,shixiangwang_sigminer
352,43e69f488a66dae67404e924a6b13427f389256d,shixiangwang_sigminer
353,43ee57b8c40e9883caee0478473fbdb64bd3167e,shixiangwang_sigminer
354,4415242f5bf71fc6bf14302bdeb8de0e269824ae,shixiangwang_sigminer
355,441893dd79c1154d0d26f1c5f45790876e671ac2,shixiangwang_sigminer
356,444925bbef0fbe521ea31251ad34200d1738e721,shixiangwang_sigminer
357,445de591f0169486a3dbb2f834ece3a50d82bc0e,shixiangwang_sigminer
358,449d42278780c0a576c8a18cb7932754f814429d,shixiangwang_sigminer
359,44a3c613f5dafb41c3b629a17cf6f90818d07456,shixiangwang_sigminer
360,44b0db3839031679bc74de3562ed36028776ea13,shixiangwang_sigminer
361,4523d7fc3f1649232b4f66fffa1ec67a58826cb3,shixiangwang_sigminer
362,459cd11b49124089c137f483b2b8c7d7f029eb6c,shixiangwang_sigminer
363,45baadf73ae663ddd325343e0b888747833fc060,shixiangwang_sigminer
364,467409dfd7f19add6a0740ea50c44a9700f854bb,shixiangwang_sigminer
365,46af79d7200e31431f4576e14f5247c6c562652b,shixiangwang_sigminer
366,4705039af1a466b9f5a44ddc3c31737b80385623,shixiangwang_sigminer
367,4717a40152ceb7e2534ab2975eaaed1e658b0e63,shixiangwang_sigminer
368,47364c1c45340d600829c8abadcfb7096b631390,shixiangwang_sigminer
369,4786a964cdb8878b1f20eabd5493047da1051d26,shixiangwang_sigminer
370,47a5fcf546d6641b3bf64df5d78d806ebea86177,shixiangwang_sigminer
371,47c682e10ea696cf5f7c775fa00abd3ebed0b203,shixiangwang_sigminer
372,48186815a0b4b401436d41d1c9c033430004cd38,shixiangwang_sigminer
373,482f5365c060009b8d6fb2645312892d37759ab1,shixiangwang_sigminer
374,48406cff840a22bf16fc474c793a8f0d90542e16,shixiangwang_sigminer
375,4868f6b38b81f3cbad02dc4f79fd3573ed3eb221,shixiangwang_sigminer
376,48fc96d4593905520e649005ebce5ca05ce9d44f,shixiangwang_sigminer
377,491fc3c7317ea55e4ae4eb76d5a75779f3f6f2e8,shixiangwang_sigminer
378,492c8826a1ff63b88ddb8a59609d348888286b82,shixiangwang_sigminer
379,4934f5f47a8ff2f82a8907c0694c984595f12196,shixiangwang_sigminer
380,493c1d0261b88abba8ffd4aeb70852fa2a95ec23,shixiangwang_sigminer
381,4950ec9770664c043681920438798211e2b6f6e0,shixiangwang_sigminer
382,4a0ea02618c764c3878ba69a8b6d2f485b87c4a5,shixiangwang_sigminer
383,4a10d0811cb3bcb02dbbff73ed1c218954bf9b42,shixiangwang_sigminer
384,4a2be3d4a80815271bff5cb9a8b6c94694b456d5,shixiangwang_sigminer
385,4a3103e6c33690488455f691c4432cffe74e4fb2,shixiangwang_sigminer
386,4a53a367ae0c91ea4f376284de2ef5b2b9fa8928,shixiangwang_sigminer
387,4aeff701fe3a9fa20a00a5bbac761140b0038fb7,shixiangwang_sigminer
388,4af4780115123d97c43f474c2ba6f6f1c4346e81,shixiangwang_sigminer
389,4b45d87cda0340f1566da832634bc5f05807029f,shixiangwang_sigminer
390,4b51b6c51a9ad90e0c12cf8d5ca40786d87b5cd0,shixiangwang_sigminer
391,4b7bd01a04633fad5683abd916a6980f023354f9,shixiangwang_sigminer
392,4b888ed3d08a2739ed4a59eb94820627a180039a,shixiangwang_sigminer
393,4b987ed26d4e49e0e3f7a43f0a123f5a14bc041f,shixiangwang_sigminer
394,4c37790b453212fb32720158a72eeda186a59ddc,shixiangwang_sigminer
395,4c60dd068b68b93a35582c436d866b51501b8307,shixiangwang_sigminer
396,4cb270a50cfe4ec336d88992387f4acdb1c8c73c,shixiangwang_sigminer
397,4d042cdc419a4cb7c4cfdfc0fe5021231729d8b2,shixiangwang_sigminer
398,4d60883cb3ae39c874d1b27aef34f22fd51ca288,shixiangwang_sigminer
399,4d6853fc086b374e028570110ccfeadf2b0ca1b7,shixiangwang_sigminer
400,4d68f785d0ff6559645784142a177241cdbcad9a,shixiangwang_sigminer
401,4d6ad0c6c3432627155292ddefba029149fbcc58,shixiangwang_sigminer
402,4de04ed7ea6488c398dfb88e2090047dfebad2ae,shixiangwang_sigminer
403,4e041d3659dda559485a40f8b12e800d07929b3f,shixiangwang_sigminer
404,4e12a228ea74c613dec9bdf33888b204f66b5cb9,shixiangwang_sigminer
405,4e5b596029b62659899dabe1d77f25dab18c6c9c,shixiangwang_sigminer
406,4e73e841eb2f88a2980bc5329c079c61c700c3e9,shixiangwang_sigminer
407,4f08bbf2d821d3960a1b9be1c9fe885317f0f007,shixiangwang_sigminer
408,4f4ec22fbeeea061a0fd86b5dd9b23a14ff5d4b9,shixiangwang_sigminer
409,4f63724c8d300ec2139be42b7c8edcf86037e3df,shixiangwang_sigminer
410,4f7a366801f44ec9983b33436f31bae9be12bd32,shixiangwang_sigminer
411,4fb571a8663159652528fafb80443d685437d31c,shixiangwang_sigminer
412,4ffbd2ea589370fc428cc4632996a0457a66a10d,shixiangwang_sigminer
413,5016916337e79ae9d70d99ae750b9cc7895b7706,shixiangwang_sigminer
414,503815062983a46184160132cdcb93eb9fc55b63,shixiangwang_sigminer
415,505d4de0e40070fc8127bf899d1062f34046ea6b,shixiangwang_sigminer
416,50835467fa970ee7e1c9bfc0fdae9eb868782828,shixiangwang_sigminer
417,50907febce1a1ea8ff2ca15221ed089774e45fcc,shixiangwang_sigminer
418,5094588fe272574fde4f981b3822eb3630d9ba6c,shixiangwang_sigminer
419,509f3de4f3fbb5aac7a97d15c72f7beebf1a84a0,shixiangwang_sigminer
420,50e0e00700f428daed0c815dcec8cb037c8e69a3,shixiangwang_sigminer
421,50fd6f1c11ea9f6991726cbf28f953b53ad201f8,shixiangwang_sigminer
422,51511f25de431deae7644212d4fbe29c2ffbeee5,shixiangwang_sigminer
423,517db9e80e179f01168421e712cdd6f883e795ce,shixiangwang_sigminer
424,519df6ee00675c6e82ca483309caa2cdf4cdf547,shixiangwang_sigminer
425,51a6c444fa429e563a9ac5c0be705d2e8488488e,shixiangwang_sigminer
426,51b92dcf956fdb7b9c2ded8ebb8e08edfbdb4f70,shixiangwang_sigminer
427,51d646784ccebd280f3f3de121e7481c9b501718,shixiangwang_sigminer
428,522cd2f46dc4bb0f5b7616ac010214efd2c1bfa4,shixiangwang_sigminer
429,5251c685405a511e3deb05d89312dca2869029ce,shixiangwang_sigminer
430,526512554da5ab40db95aefcc46f0a43fac60c33,shixiangwang_sigminer
431,52721bf3c9fec6860b8d471aac111ad41a1ade76,shixiangwang_sigminer
432,528ee6d876f94342349ad38eebba927700187780,shixiangwang_sigminer
433,529a87df6f6e0bb654b5aaa3ad6d9ef4b150ee16,shixiangwang_sigminer
434,52faf76fb5343a4b50d0d494566ab6a21ab0d71a,shixiangwang_sigminer
435,530b9cdb7ae7e717ec02a98cc2d447fce6daaa7d,shixiangwang_sigminer
436,5325b74e6974dd70c51c55a24cefa95305b254d2,shixiangwang_sigminer
437,532d0d293dbacee9973c0a8599a400bfecfbdfcb,shixiangwang_sigminer
438,533b6d3c5551932b918ffcc0b16cb1a711d0e7fa,shixiangwang_sigminer
439,53767bd478a1566342c9d3e89fe45ac9e8da681c,shixiangwang_sigminer
440,53b474774ba749a825566af0fdb46cbb209a2d95,shixiangwang_sigminer
441,53b767ad679d0d3164dab4dfc04abfcd45443e8b,shixiangwang_sigminer
442,53fa8d9481e7bfb15856df5679ecff73e0229402,shixiangwang_sigminer
443,5400821c39ec6cf4dc6fabf7d2ab50d256f58c13,shixiangwang_sigminer
444,543237e1b4a959c3ee7fc1111ff4caf2725ff495,shixiangwang_sigminer
445,544c768c69966040510df7cfefe85c42eeeb23da,shixiangwang_sigminer
446,546372d2d2e4b8eee897e41b767deca5bb8eaa64,shixiangwang_sigminer
447,54662c4d1778000fcf7187c187eb56ab8bab883d,shixiangwang_sigminer
448,54869d8cc74722eff8c584043f01cda3e36d5bac,shixiangwang_sigminer
449,5493b15712acb38c8d5ed06c24e1572ea3d54016,shixiangwang_sigminer
450,54aa12fedf3a3d713fc4c99f2ae34c003018a812,shixiangwang_sigminer
451,54b8538c72320bdde874cef3a2e6247d91d269a9,shixiangwang_sigminer
452,551ca9a030df46bf8c1aa893e7992a305b90247b,shixiangwang_sigminer
453,554dead8a829ce9fe33aed2203725663949f1dce,shixiangwang_sigminer
454,55f4f702acbd38fdea7501c5e4e05579472bf367,shixiangwang_sigminer
455,565fe651eee486e015db13b816de93bf54f784e0,shixiangwang_sigminer
456,566813969b71449c78293ce5a9df3e3c1e5fa433,shixiangwang_sigminer
457,568a1c6fd099e2f6415093ac6b1cb1ec1c455638,shixiangwang_sigminer
458,56c50ff44542918ca18f16c90d296684b309cad5,shixiangwang_sigminer
459,573b4b437d7988c7330c74153dd36729c0773e93,shixiangwang_sigminer
460,575f8fa3acd4c0f3727fd4e71a7eb1754a7375d5,shixiangwang_sigminer
461,57efd439130e0cb6cd8d4b43a2e6a58ba4cd13d8,shixiangwang_sigminer
462,582d28c9f38e81089d2b4201cf4ef6e3c0ffbdff,shixiangwang_sigminer
463,582ed00625133cafaec39546cd6f040950ba89ba,shixiangwang_sigminer
464,585aa422e2bf439653e3a78143de7f7a48d29a4f,shixiangwang_sigminer
465,58eeec45366f59be11eb00abeb9c4a88a5ac1a91,shixiangwang_sigminer
466,59727a6f1484af55d2402af2751bc0bc05fa929f,shixiangwang_sigminer
467,5972c46d15c4eac88538cb706be34a884ce3e357,shixiangwang_sigminer
468,5998a5560168d71802989711d64ef5de1ebbd8be,shixiangwang_sigminer
469,599f94ea8ff0cfeaecab4ef7bd3837b89ac9c80f,shixiangwang_sigminer
470,59d7c4a0f8ec5b82039200b31b015b2aa726722d,shixiangwang_sigminer
471,5a35694204d3da8c1466e8b608ed9dd8142de411,shixiangwang_sigminer
472,5a852635043a74c846475703ad90682306dd4421,shixiangwang_sigminer
473,5aa4e2ce7caa3d25d657d177bfdbe23d91d05411,shixiangwang_sigminer
474,5aa9d2ac783d08d627b910be45b97b2d415613b0,shixiangwang_sigminer
475,5ac219c21da610d2376a89d8969aec83aef47786,shixiangwang_sigminer
476,5aed1044e9022a3888f2325dd1140c784b99628d,shixiangwang_sigminer
477,5b1c750f14979e714e4b924ed409e57e76132c17,shixiangwang_sigminer
478,5b9fefa58300c53b77307d500d92af709a73ebeb,shixiangwang_sigminer
479,5be417d21736dd3ed35139dd9023e96f4be033c4,shixiangwang_sigminer
480,5c8b1eb183e71b506699c07ff2094565cac12afb,shixiangwang_sigminer
481,5cc051f4e1d31953b78d79ad68831bee8e9ee6f4,shixiangwang_sigminer
482,5cc45f1a2dc9fd87a3ada310f00804a9baae3b0d,shixiangwang_sigminer
483,5cd131478b9524e4a58441244b60ddb87eaf15c1,shixiangwang_sigminer
484,5cd698866dd86ed74a32260fdd4023d7bcfeb131,shixiangwang_sigminer
485,5d200ec118a757bcd0043f37be2c4d9e8f056d12,shixiangwang_sigminer
486,5da6e3bf78bc1b7fc0cb16340fbfac96cf91d2aa,shixiangwang_sigminer
487,5df357ff20e58c2fc5f18c6189b91a5b0bd22e5c,shixiangwang_sigminer
488,5df592c04c7d994e367f9df9af114bc8b1c3b18e,shixiangwang_sigminer
489,5e035a56fd566e4241927452fc669fc2097605e3,shixiangwang_sigminer
490,5e1befdb227847d9f752700888da95cb97d4d8a5,shixiangwang_sigminer
491,5e3613613544c8991030dd7a4c281378a1f63aed,shixiangwang_sigminer
492,5e4ccb81465b31da06e545074a0a726b1a66f6cb,shixiangwang_sigminer
493,5e582729020547766450b9d175889f8af1d3a85f,shixiangwang_sigminer
494,5e8be69032a0223cd423891e9338650178087e6f,shixiangwang_sigminer
495,5e9e9a1a72a9429a7d395548f18071f90022378f,shixiangwang_sigminer
496,5ec39280aa285288d9e535c0234ccd52bc7af9b9,shixiangwang_sigminer
497,5ef6d669536575dc8f09fe31a4a82af155bf81ec,shixiangwang_sigminer
498,5f09b5180c383527732797cb07dae9d9b5cbbb8d,shixiangwang_sigminer
499,5fc2ca9b3e8b2418c099e9a6d674d61af836405f,shixiangwang_sigminer
500,601340b6c9d3cdf2ef6199854e4a6782d0bacc93,shixiangwang_sigminer
501,6027d3eeba12024e873ce16518888539d0d27a52,shixiangwang_sigminer
502,603d974b9725d1713ec5587342fff5b6e617996f,shixiangwang_sigminer
503,604c4c59701028cf0aaf0f988e095b75a941dc10,shixiangwang_sigminer
504,60c08c69659824072bb5a0f644cee8e1a834b681,shixiangwang_sigminer
505,60cd2f53a2f9c00acca2786dc63d55c64bb2e87e,shixiangwang_sigminer
506,614e8de6e06562696024746e0236f76aa28e37c9,shixiangwang_sigminer
507,615a8de970514fc6402cc81eee58e90c85caa306,shixiangwang_sigminer
508,617bb5ba2e1a4e8d56fb6c76dc3dcd94937d8f22,shixiangwang_sigminer
509,6198ab99c3d4da2e5afde196bdea7ead64f8451b,shixiangwang_sigminer
510,61d874753e637e669ba7b9bc804b90f34807cb11,shixiangwang_sigminer
511,620b2fe0fd8e0a7552cf4ad3b287fa7adc98f671,shixiangwang_sigminer
512,62579f762d3e09bf4b6a2bf6b457e2ca65634f68,shixiangwang_sigminer
513,628423795660ae8d516c8b13ab672365342e7cec,shixiangwang_sigminer
514,62b88d6db49c12b716e72fa037f5761d217d0e19,shixiangwang_sigminer
515,62f23936da65eebbde71ae574db80dcc044a9f89,shixiangwang_sigminer
516,63341ff836ca6a726d0d6b5f2974b5de50578363,shixiangwang_sigminer
517,635ded17cdd6ac6019928fee30736968670048f8,shixiangwang_sigminer
518,636d99eb5cc4895e5b95d8555de219ec7e676595,shixiangwang_sigminer
519,6394544fc6dec88d8e2669a17b6fc5946323bfc7,shixiangwang_sigminer
520,639fc29a598c6ccf054adac067a3c8c84b83346e,shixiangwang_sigminer
521,63cba767691690e0e072463b1952d5aa7303f9f7,shixiangwang_sigminer
522,63d1bb21c4cef8988837d1d6d06187d518d1f7b8,shixiangwang_sigminer
523,646237197fd6ae07424a537c73c58a2dabf9ca79,shixiangwang_sigminer
524,646d7bf2cc2c7cc7c7d742e893b4f9176c8d1c49,shixiangwang_sigminer
525,64a38286efde5cb5a75cedd950e0066bab6f1ab2,shixiangwang_sigminer
526,64ad79c66cc80ebeb643337d6f1dc2b78aa9f2b2,shixiangwang_sigminer
527,64b71d49ca0f26934efdb71e9a49068c0bd8ccd0,shixiangwang_sigminer
528,64f790a09d5bd89d8941f962ffa368d7733851a1,shixiangwang_sigminer
529,6534a889bbd9e4a346c4696e49747f6f8dc16efe,shixiangwang_sigminer
530,655dcc5fdeb4921cd8c1bf0d735f6f7058a2f4a0,shixiangwang_sigminer
531,6573e330a3e6e2c9537613da59b7eda79067ff72,shixiangwang_sigminer
532,659a6a80a83f4a58b06225c0f2a64f6ba0a45e21,shixiangwang_sigminer
533,663e10004115f9cba200cf5cf640c9908700584c,shixiangwang_sigminer
534,668785127afe64ca4bbd8611394461a6f086c9df,shixiangwang_sigminer
535,66a82f62c568588d66af797867e1fe51ea5ca6ed,shixiangwang_sigminer
536,66bcfe8b473f592707d4427e271c04e6fdb877c1,shixiangwang_sigminer
537,66ee1bcdfb5c3091494fe81d540335013a2684e6,shixiangwang_sigminer
538,67020f0cdf95cd73c43db91e1dc4e3b29abde246,shixiangwang_sigminer
539,6711e094e5c4c79ff304e6cdb8ce3efebd0800f1,shixiangwang_sigminer
540,6728bf90589f3550dc9ed617e555b02196e333ed,shixiangwang_sigminer
541,672d1296bb893aa287546fe7ee0865beed2426e9,shixiangwang_sigminer
542,680d82a885636ec54803832a4387d007e37c5f8a,shixiangwang_sigminer
543,681747604325e1e3aebe3db2d87d3b73b46094af,shixiangwang_sigminer
544,683038e1e17d8260169a3f673ef57a509b860d31,shixiangwang_sigminer
545,686631ffb31ac1c72ab6f2c98dddd4a8c801401c,shixiangwang_sigminer
546,688efe5e7c2437e5f5653953ca141aa75f1d52fc,shixiangwang_sigminer
547,689795228c3da0ebdad66e835064342fdf3712a9,shixiangwang_sigminer
548,689d62d045ee62145f9979c9a0aaaff3990b8070,shixiangwang_sigminer
549,68a7f29590abb829ca62f0b0cf677984d475ace5,shixiangwang_sigminer
550,68b47cee81e262e383d436ae7f5ad40c85ea640d,shixiangwang_sigminer
551,68c62e4dd1d98e71d76b759293b7a1aa57b6ad26,shixiangwang_sigminer
552,691a987af0d28bf88db64bd335920a06ecbe537e,shixiangwang_sigminer
553,6a21a118a63338ede55dcffe1b45da664b86a830,shixiangwang_sigminer
554,6a4afbef0d9933aa876f067971e565ab7de16b0e,shixiangwang_sigminer
555,6a52294ef20a0230fc7b6a4e2b89e5254c4e4bf3,shixiangwang_sigminer
556,6a667374d4baea6cd2f36eee7e33e45a2f05af52,shixiangwang_sigminer
557,6a91fc5f9fad29a3a975c83415bb526fa22e1177,shixiangwang_sigminer
558,6a9f995e26503e4f8b58984795441ef88dbc87fb,shixiangwang_sigminer
559,6ac13c1d6ec792f86b70cfd67fcd01c91fc40287,shixiangwang_sigminer
560,6ae28b83a775d58d1cea18780dbd4d34a1c889f0,shixiangwang_sigminer
561,6b09268ca89c674861d59dbe98b3de1cc3f0e61c,shixiangwang_sigminer
562,6b0faf2d15d806872354ffa201e99dcfeab2da3a,shixiangwang_sigminer
563,6b9de50a1888ce8414bf4c28be19167ed0914326,shixiangwang_sigminer
564,6bf4d5e26ca772005a4cce33dcf2d53a79d65ade,shixiangwang_sigminer
565,6c58915ec8b4dafd7fca1547887f545ed4e9acb3,shixiangwang_sigminer
566,6c8c6699290478534b2a63f34244676e7dc1dd21,shixiangwang_sigminer
567,6cdf1e2825e3e7babaa6c52fb464f59b8fe33403,shixiangwang_sigminer
568,6d102c8f4aa1dfa870c1ca5441467144a1df0f31,shixiangwang_sigminer
569,6d182e255ee75701a522bf259250ca69c61eebd7,shixiangwang_sigminer
570,6d539d97066651cc2c8a72a6ba83c799a153b2bf,shixiangwang_sigminer
571,6d8d6c08bcd68125f9398a3ab013a4208416d2a2,shixiangwang_sigminer
572,6e43cd1ecb1ea856ae8a1845f179917b632a96a3,shixiangwang_sigminer
573,6e50e2d9764db566a3b5257f778723249a6b4dae,shixiangwang_sigminer
574,6e57e50d9cd44a09c502416cea9cb645612f9103,shixiangwang_sigminer
575,6e7d643b0e85a2c93cd181fbaef58a60a3206f8d,shixiangwang_sigminer
576,6ec10c3d64f8697bc2fa12c925f3620d9b5b824f,shixiangwang_sigminer
577,6f12dcee0a9a266aab6f40479266897bdaa2e5ff,shixiangwang_sigminer
578,6f4fbd0b616d5d160d741e15bb4c350273e83dae,shixiangwang_sigminer
579,6fa604cd26207a0f0d3b76629ab018448bcdc855,shixiangwang_sigminer
580,6fa96d15830261af985cf9241e05d303d3c7791f,shixiangwang_sigminer
581,70023493e5ca18adaf06ba819fc9be154ff1bdf5,shixiangwang_sigminer
582,70108c6f1cc59081c6cea28b215e960f5359c3b7,shixiangwang_sigminer
583,70212af72b9019e5e9246eb488c2ec50cbb4acac,shixiangwang_sigminer
584,70640e835f33369d48e21eac1e622ce36a4a67f4,shixiangwang_sigminer
585,707376eb1fd4a2af2cf62e3fe6d44238e7486ca7,shixiangwang_sigminer
586,719ddf96289c3319e95578f9b3d6f8ffb8635007,shixiangwang_sigminer
587,71c1978dc5a6595684feae5d0088a0ee9ca9e123,shixiangwang_sigminer
588,71d57b46c6b61d17dcd47f97e2995b4fb5fed5ae,shixiangwang_sigminer
589,72088c28dd7bb3411ed2d977491e657d611812f4,shixiangwang_sigminer
590,7239b392fc044ddde8259aeb957cf88741c4667f,shixiangwang_sigminer
591,724a740161c3ba9aa71e9890dee98fa8166af31f,shixiangwang_sigminer
592,728920420bc217ab0c812966a23dd57fed1a79a3,shixiangwang_sigminer
593,72d227f556d9898acdf7201865d50f78a9648824,shixiangwang_sigminer
594,73dfd51ff11249d59b61f1bb4646717c9eb5e9bf,shixiangwang_sigminer
595,73e59eaaf5c58d5c470a0ebde9dbfa675cbebe5b,shixiangwang_sigminer
596,741e39b050e724a16ce70d81be939fa7a0eef101,shixiangwang_sigminer
597,7448fdc6cda56d0d1603525e1d16d0a6e383196f,shixiangwang_sigminer
598,74658e4c4e31fea5c4e3bad114dfefeaf1628838,shixiangwang_sigminer
599,7491bdeebff186a0737648f1b55d91ad1ccac0ec,shixiangwang_sigminer
600,7495a8d7bbd473c735c476b97f3a5dfdb61136b8,shixiangwang_sigminer
601,749d3aa06000d68416a45b54cbf15a19e5ffe4ac,shixiangwang_sigminer
602,74ce715f2853ec8155ee3ac01eee0605f16829dd,shixiangwang_sigminer
603,74dc107d89f9e773063198b5871f41639eeede13,shixiangwang_sigminer
604,7522d346aed9b9558dc28ef3cd7eedd34b7dc01d,shixiangwang_sigminer
605,7539bbecf8edfeb7ab87a849a7a1aa2b9830cd28,shixiangwang_sigminer
606,75419720e57a4c0aeae6f919235787898a500dc9,shixiangwang_sigminer
607,75ad546afe56ca27fd77d7dea83960a52179258d,shixiangwang_sigminer
608,75c2474855b6d47d7063d5c5fe1cc49efd1e4482,shixiangwang_sigminer
609,7690d22bc92da8d0a3eed0a7e3d63c6c9b812135,shixiangwang_sigminer
610,7695c2f202d623142b3d637f6d6f061b5e6cdab1,shixiangwang_sigminer
611,76c4579fd3cfef037c8a4378622166dd603488b3,shixiangwang_sigminer
612,77183c37b41cae2bdbd5f31e0a53e8b910309849,shixiangwang_sigminer
613,77d5c0963d4135da7394fa731b09842b143105a3,shixiangwang_sigminer
614,77f59103d2e692df04d99dcd7fd0f116c59e160f,shixiangwang_sigminer
615,783b54a042ccac597686347df4c67bda293069b9,shixiangwang_sigminer
616,785c5fe05cc485fd6419849940a66bb022c4fe4b,shixiangwang_sigminer
617,786ba04bb85226953cef067acbaad10198cf5656,shixiangwang_sigminer
618,78e16be898041f48914b6b0ee9b6c56bba54c2df,shixiangwang_sigminer
619,790527d770d6f0a4a8d2cb0bbfa755c07a6a4125,shixiangwang_sigminer
620,7962ad952e10ad2a487611ae85c9c2b2679d88d9,shixiangwang_sigminer
621,79a630005aa92606244a0f2e49454ca7bb33a443,shixiangwang_sigminer
622,79af54111a6525284f32382814618b1c5e7450f5,shixiangwang_sigminer
623,79cd1bb0f8fcc5f2adc8d6e930e47e1ebbc7ff9c,shixiangwang_sigminer
624,79f91344b78037b9ee2edea32416440e3985f955,shixiangwang_sigminer
625,7a1f5431a050d5cd1c75ee4f4d97148619f5c8bd,shixiangwang_sigminer
626,7a54bd9ee39b98ab8901b45bcccb6e187063f296,shixiangwang_sigminer
627,7a5927cc4ad261addeec7037188895b92726c5f6,shixiangwang_sigminer
628,7b0d1a1afc244fd1ddb7750a6e4f8eb3589ac4ed,shixiangwang_sigminer
629,7b33e344cc8d584ca96bbaa8bfdf2d28aef0da81,shixiangwang_sigminer
630,7b3764468886bcd56db17274becaebfd9e8cd51d,shixiangwang_sigminer
631,7b8a14a301180e43685c94a3cf62db7cf8950380,shixiangwang_sigminer
632,7bf719b98cbf89d5392569cbb668d2ee63e70c2e,shixiangwang_sigminer
633,7bfe94f6b1650f2b5916f1084b8017e082cf1a93,shixiangwang_sigminer
634,7c0504975f3dddf257d2bfc5a7cffb49c92e1379,shixiangwang_sigminer
635,7c1dff76f23736ed62775d7d644375299edb01fc,shixiangwang_sigminer
636,7c53f03a01394f2a2a911361c53c55a4977a4179,shixiangwang_sigminer
637,7ca7debab782ac510db14e09b1f322afe77eab9c,shixiangwang_sigminer
638,7cb0accac37d63523d30e3fc15c633211984f7af,shixiangwang_sigminer
639,7cb689a4c7d5172d16834b960aac3ff80f53c951,shixiangwang_sigminer
640,7cb8de0be6305ccd464304f15e82b332db7e73d7,shixiangwang_sigminer
641,7cc75ff73056c7ac1a5875d55b3b659a2c4652d4,shixiangwang_sigminer
642,7cd4ff9c43c587c5006cd4797378db35f970b3c6,shixiangwang_sigminer
643,7d069e51377873bce177d7e8e87369b690bc089a,shixiangwang_sigminer
644,7d3b25b5c0396cba7c8b048e71ef514cca22333c,shixiangwang_sigminer
645,7d56961aa857d6d12f0c9d168c48c1d22454b464,shixiangwang_sigminer
646,7dabb1b1b26bf1fba17f20261a4377629b138ad7,shixiangwang_sigminer
647,7e2ea8d2b81a0da04620e48dae9a2d5d45bb4e6f,shixiangwang_sigminer
648,7e37e3a64a6dce971ed25e42736bd2088d6264bd,shixiangwang_sigminer
649,7e3bb6eca85455e117dfb34fc9f37f0cd743ca39,shixiangwang_sigminer
650,7e4988ea5d0eb4c6a10bd76cb69a166e6e6ccedc,shixiangwang_sigminer
651,7f05efe057472e8eed780162d54c250f3b72c76f,shixiangwang_sigminer
652,7fc7ce1bba217ad7d1d341ce3be43a79a433b2be,shixiangwang_sigminer
653,7fd94a14a6c46f6e989a8f6e340f66526416295b,shixiangwang_sigminer
654,7ffbfd7e85b60fbbc0a63eb0d28b3906028a2583,shixiangwang_sigminer
655,8007bfd28816798a00838b5d74c40739a781dc03,shixiangwang_sigminer
656,8076e0ee9cc2a852a6aa36ec29d84f39eff73b61,shixiangwang_sigminer
657,80de63f39e8901debb0093fd412e39e6a1976801,shixiangwang_sigminer
658,8113f3c99a049101ddabee239cea4d64b976ccdd,shixiangwang_sigminer
659,8149e479675a20254376084b3b66c364536f1f40,shixiangwang_sigminer
660,817a9c2f7aa8f8ede3fab7859db4e96df5ae969a,shixiangwang_sigminer
661,817b41286e73ab91e4b23c1e1193c6e1c307d496,shixiangwang_sigminer
662,81eac53d3dbd9c9447adfc7336e03a0334cc61ce,shixiangwang_sigminer
663,8212cea1bbcda1264106481ad46a132f9dd93bfc,shixiangwang_sigminer
664,8291ddb0b76da76dc5ed89b54e155fb1550b8a72,shixiangwang_sigminer
665,82c2ecccf5d3264046a14f73e3f8591b7cc3f3f0,shixiangwang_sigminer
666,82f33391763f2967549f2630e85897df1be1a8b9,shixiangwang_sigminer
667,8310a8883c6a98229778bd43aa5eee5afcad6a27,shixiangwang_sigminer
668,835deb3f4d97b08a64c001eaacf0a15db61bdc5e,shixiangwang_sigminer
669,83d46634c4b03bd9481c503f8ff26a4404f859b1,shixiangwang_sigminer
670,83e3df424e898332f761ba387665a6d5e0fbc089,shixiangwang_sigminer
671,83f0394024081fe83567d7e5413906541c81c48a,shixiangwang_sigminer
672,842e9cc0d52b86602bfa3779f32ee6647f87d1eb,shixiangwang_sigminer
673,844edbd3035e1d4bd548ccd34ae754d973860c54,shixiangwang_sigminer
674,84a80763bebd4544410703f76e1645c6706615de,shixiangwang_sigminer
675,84e2a646d7381cd7cc8a8f37c7fbbf7cd451e57a,shixiangwang_sigminer
676,8540b92cd058db4f3ebe64317c18c39cd71f1fb2,shixiangwang_sigminer
677,856f7ae7fc31e5d4b5da2ffe717a47ccd0cd29bf,shixiangwang_sigminer
678,85a27a07ec1a17b77699b76472c1232e72207630,shixiangwang_sigminer
679,85d73975f4ca7a07e199ec4a0d4acbe95ca93bb3,shixiangwang_sigminer
680,85e8f1384e11d21aaf3098ba4ad7ce2f1a5461e3,shixiangwang_sigminer
681,86085be311c4d85820de4b79217ea2ec579480f4,shixiangwang_sigminer
682,862c822f3fef61eff2c0c2a9aa425ecdf996dd9a,shixiangwang_sigminer
683,8692baaf9e6c2309b09d129309e295a34da98e3a,shixiangwang_sigminer
684,86bf69524034c1c9db0bd196f99f48639f7ae0cd,shixiangwang_sigminer
685,872a762f00c62a502e13c4a30519e926d80d2683,shixiangwang_sigminer
686,8753185eef5d09054bc390382d284bfb3d687e0d,shixiangwang_sigminer
687,875e13571afe3aad7ef75af361ebac321638d00a,shixiangwang_sigminer
688,87ac6f1785a38bfabdd7946f6019ab079728a06d,shixiangwang_sigminer
689,882c628d7b148790ec6261ff52dd1d2e24b588bd,shixiangwang_sigminer
690,8833230e20486165907f4fd02ed23030f5eed491,shixiangwang_sigminer
691,88463737280bd21dfce87eb208e09f616c3720e9,shixiangwang_sigminer
692,8860b3458bdccb9d14799d003ed4cc4127e7119c,shixiangwang_sigminer
693,8875e21206470e010c3f3fa904e711d0c9c04e9f,shixiangwang_sigminer
694,88787c56e55d3008d6d92bf6fcfa361dff14f1cd,shixiangwang_sigminer
695,88946b4a7ffb72bdb0e453e3cdf5c978cecc1db2,shixiangwang_sigminer
696,8941f44730b6055bd1d9ef8aff27d10296256bbc,shixiangwang_sigminer
697,8971f5da96a20e2c2df7432576a6c63838a9050f,shixiangwang_sigminer
698,89d7fcce65e0b68c309120f3ee7ef96f4b2e395d,shixiangwang_sigminer
699,89f9b548168702f38726f746857dfa5865e479e1,shixiangwang_sigminer
700,8a24cd85562152091ccb4cb044d2259a478cae99,shixiangwang_sigminer
701,8b0b4f88b657240b99769cfc049a6e11baebbe7e,shixiangwang_sigminer
702,8b5f290f864ca556b0d594efab3df69e9830b3a1,shixiangwang_sigminer
703,8b6a7aea8b89a482cd726b74ba32e67249bdf177,shixiangwang_sigminer
704,8b79dfe42028b12d4bb447ab78e07fcde7241c1b,shixiangwang_sigminer
705,8bac13dc028507f16c75c8525bda3a7926a6815b,shixiangwang_sigminer
706,8bb4d047afba2f38ac8e43c765d616f258b133ed,shixiangwang_sigminer
707,8bf222d642729108a31e6439272c4feecbc33ec1,shixiangwang_sigminer
708,8c82bf91925c0973becb6214d242b1d2a1693cec,shixiangwang_sigminer
709,8c85af5565fad0a44b46459840d92ecf211a9957,shixiangwang_sigminer
710,8ca597859c73a0a1b780578aa2dac5ab5851d440,shixiangwang_sigminer
711,8ce2baebcedc7131abcaf06b5f1f20de82a12170,shixiangwang_sigminer
712,8cf5c197f1fedf152822ee20ccb4862d99544d33,shixiangwang_sigminer
713,8d016b17516c51b26fed6b01ba28ce8a86f508c1,shixiangwang_sigminer
714,8d3917035776c5a3dda21bf14209c4df0d158880,shixiangwang_sigminer
715,8d797db245484d5ccdd61660ab46486c0878da80,shixiangwang_sigminer
716,8d90202c6ca8781940203b53bad79c444ca9f778,shixiangwang_sigminer
717,8dc8d65d4540ed0f414e439f11ea1f3fa769aa26,shixiangwang_sigminer
718,8e7495b269173c2a73ff34a5811830ce2e4ae790,shixiangwang_sigminer
719,8e7df3061554b6b83ece61767822eb54efb18f45,shixiangwang_sigminer
720,8eed6b9aa3fd55ee39187d3d6cc03d133dd337b9,shixiangwang_sigminer
721,8fbec8f37c39bbdc7deb2c6d062e92b2ffa8bd24,shixiangwang_sigminer
722,8fed5a11a011a2b3867ff682f6e42e49086f45ae,shixiangwang_sigminer
723,902b5cee95f98637cfa305779ce1ffb735610f4a,shixiangwang_sigminer
724,9033dca543401e388d7a4772e7ee675775d35576,shixiangwang_sigminer
725,906d5522e6cacf230406fc0091f6b6c8a32573e4,shixiangwang_sigminer
726,9073bab71da07db56e09ecaba2e8177cc6932943,shixiangwang_sigminer
727,907f4d4a3b7e81432b44a55d3286fc4a74192af4,shixiangwang_sigminer
728,9081ae9b520518f5fde25e6406578300ac3a5f7d,shixiangwang_sigminer
729,9085196a84db675c79e3f08b906293cc81e5fa93,shixiangwang_sigminer
730,90d6513d435d6d30a4e0479141de5e798a5406bc,shixiangwang_sigminer
731,911a92ac3c14dcb2d5fba423cc3ae9f2f731488e,shixiangwang_sigminer
732,913be9891f353d40b7d4712e38aed4ae90cb7a74,shixiangwang_sigminer
733,91525869fe2a0bb6f79102bf1cd7a237bc083a30,shixiangwang_sigminer
734,915e22434341df9fa13bc6eb2ccd9b4135611468,shixiangwang_sigminer
735,9176523f373dd56b95340bf6df2a751f2fb725a1,shixiangwang_sigminer
736,917f715616541e9c3ed581084ef93b2dd06ce6fc,shixiangwang_sigminer
737,91d790bbeb548a90594670e0e5afc8d054283fdc,shixiangwang_sigminer
738,91e7bdbc4feddb0198802a7bdcd26338604573bf,shixiangwang_sigminer
739,920c2ad5821fe762ee24fe9eaaa273fcbacdb20f,shixiangwang_sigminer
740,921dc02f779c67750d1049ae160d6410ce8d11e4,shixiangwang_sigminer
741,922188e6a8f867bab6fa00c51b9fd05fb24499a7,shixiangwang_sigminer
742,9238830ae1d8fa27817af22a54d536728a303b0d,shixiangwang_sigminer
743,924bd5244b7bb23d5f4dbb483dd8371477ddb07b,shixiangwang_sigminer
744,928b977e1652522105189fc8053a808092754c4c,shixiangwang_sigminer
745,92908b5b04152ae6ff835a28a2159e30d3466752,shixiangwang_sigminer
746,92ae7b58aaf7615dd137317702db13687a3663de,shixiangwang_sigminer
747,92d267618a0827ad9d8d4fc4639211868dff7a4b,shixiangwang_sigminer
748,92fab0f32842e2c6749036380002d2f5ff3633ca,shixiangwang_sigminer
749,9305a986fa4a0945917bd8000fa1b78ccdbb1bbd,shixiangwang_sigminer
750,932f5b2f5f626460312590f363d9fdf7211f2219,shixiangwang_sigminer
751,934074238dd12b8da9bda0205ee91e04867532fa,shixiangwang_sigminer
752,93744af6ff70f8225c25ad007a1026a231a600f2,shixiangwang_sigminer
753,938726a2d338bc1b7651f4043d864dc5b74351f6,shixiangwang_sigminer
754,93f46a73b40caa61cad8905cebf4252ccfc079ac,shixiangwang_sigminer
755,943c800037c3ae99457d17a0d052d00fd85a0a61,shixiangwang_sigminer
756,9444654274935c9d3608603d0e4f344653d78a54,shixiangwang_sigminer
757,9455b46c84ac47bbb35d77aed70e74875718c18f,shixiangwang_sigminer
758,945b462a3cf41e14e0ae2b2439be8e93fffb5a5c,shixiangwang_sigminer
759,94be27b1714c1e3cc71e453334dff664646d64bd,shixiangwang_sigminer
760,94e8e6f3a18c400d5658c789774487356387513f,shixiangwang_sigminer
761,950fa9da668aa9483aa51ca6eecb184de0ac5f41,shixiangwang_sigminer
762,95490b2e4f08619ea9ee5e6fd9fa92c74775d9a3,shixiangwang_sigminer
763,9555edc66f6139bca50097ff5da9c95ab301acda,shixiangwang_sigminer
764,9561b9eafa4abeb566e5c60b135d0ad7316c4a1c,shixiangwang_sigminer
765,9581c50badb26c19ad9dc3d8bb0f64a1a2d6dc20,shixiangwang_sigminer
766,95958d14821f862c52e7141daba17c2ba20daf7d,shixiangwang_sigminer
767,959bb6c43af45685fbf790575275162704b058ea,shixiangwang_sigminer
768,959dbeb1f402131bcbf90d89d45a20df1f1bf7c7,shixiangwang_sigminer
769,95c5b9ba1ab5c8392991df4e6a6915afba20dae2,shixiangwang_sigminer
770,961e8e566a35425ed16fbb2798b321f2b3472f2f,shixiangwang_sigminer
771,9622bc22fa72b239fbed224e57c952fcec4eeb08,shixiangwang_sigminer
772,963e0032a629088c6f452598af09b16045bc2fb6,shixiangwang_sigminer
773,96573107497545e9c9b834db4716ea3244a0b739,shixiangwang_sigminer
774,967d0dee436c53af53966a9ac7de2771ef9b09e4,shixiangwang_sigminer
775,96c09d2dea71fcdb8e4fa37260de16992d29114a,shixiangwang_sigminer
776,96f935480b878ba5ffc5f896cde18b5833e43f99,shixiangwang_sigminer
777,974827f89be69a059986e73c7532a156abdc3e4b,shixiangwang_sigminer
778,9765c3dca9673843474d1048d14ce923134d7b63,shixiangwang_sigminer
779,978609badd34dad12c4815ac772c626b2fd470a1,shixiangwang_sigminer
780,978941c449b6cdaa10364173cfaf0ecdebd68baa,shixiangwang_sigminer
781,97e237aa46087bfe303066ccdd7715a0f9587b0c,shixiangwang_sigminer
782,981a08165b48db37d4fef5c8ed11c2b629544407,shixiangwang_sigminer
783,98296e4ce10221e61650c7f781c4f82116b77568,shixiangwang_sigminer
784,984ceebcd167c8ee2408455b68e7d405cd821264,shixiangwang_sigminer
785,9888b2d4871bc38d0fe6ceeb49133df23220ada7,shixiangwang_sigminer
786,98bba772727242ab5a24cf9b282ee8ec031d0789,shixiangwang_sigminer
787,992c9ed6c0baba7a29f16423fd393374a8b4fe8e,shixiangwang_sigminer
788,9998103ca47fb54d5473bc75eed88a79233f6375,shixiangwang_sigminer
789,99be4564d0707a9852594f5b88ccd104f7cf5819,shixiangwang_sigminer
790,99dff066c86dd5906a964df59c204df4f4854343,shixiangwang_sigminer
791,9a51ca515b4f58cc9ed90b70d2e575a72d31b132,shixiangwang_sigminer
792,9a580ca7a06ef997e85132e4b2c41d9c6cf2b897,shixiangwang_sigminer
793,9aa64ba849d74a529f2c431c09076f9231b777a5,shixiangwang_sigminer
794,9ad00c7173c53fe4240fab9fcf87c32c6e4581fd,shixiangwang_sigminer
795,9b30a399fe87dac19134bb0767b7e9b17071bf89,shixiangwang_sigminer
796,9b397bfc15acd56e3dbbe7354e6aac37f12e9949,shixiangwang_sigminer
797,9b52917361418fcc84543cb865f2dbe8bdc9e7b9,shixiangwang_sigminer
798,9b8d8b39d6435110996e6d0383c84c252dc18c45,shixiangwang_sigminer
799,9bf2539dc4053380a3463e196978ac492e7c82dd,shixiangwang_sigminer
800,9c16300aaee437aea2983945afc872cbad9ad815,shixiangwang_sigminer
801,9c235545615ce89ba6e159f7d22b1106b9817548,shixiangwang_sigminer
802,9c9aa196c5fe6c008be803c21ba798fac95888b9,shixiangwang_sigminer
803,9d46f93406773cf6db5b0da1eb8920b4194d52a3,shixiangwang_sigminer
804,9e7e7b70afed73bd86f8ea7187b2042039c50469,shixiangwang_sigminer
805,9e8a6a75164dfe81b1ada535daf6fc9f1e6e33e0,shixiangwang_sigminer
806,9eae5f0fee1d676dce4db9fb8b20c617ba85514d,shixiangwang_sigminer
807,9ec27854b098a65653db0b5c4782d9559a14169e,shixiangwang_sigminer
808,9ed611d63e65ee237a96a4e3d6de860fcec1af40,shixiangwang_sigminer
809,9ed7dfb821701455b3192048205b2d4c071cde63,shixiangwang_sigminer
810,9ef569ae61c34cb8df1801f5b9f4f662d7fb6eb5,shixiangwang_sigminer
811,9f255eddb3e4614af90b9404e3217653f89a8529,shixiangwang_sigminer
812,9f41d1f5863b7558268cb8b5816cbd389ab00dd0,shixiangwang_sigminer
813,9f425053ad780467164f90a0221021e4173fdf8b,shixiangwang_sigminer
814,9f5434a3ff463d925c12cbec5a6638c462ee49ca,shixiangwang_sigminer
815,9f590b02fc70c533f8ec6d296ec221649a387e3f,shixiangwang_sigminer
816,9f5f56297dbd63f87fa5e7cb7a112cc3f0e47610,shixiangwang_sigminer
817,9fa5bd02b28985934031a4a2d7ab199dcbf1e9ba,shixiangwang_sigminer
818,9fbc4ad4117007d0987cf441d186541c1e69ac47,shixiangwang_sigminer
819,9fc1e0a6fb5cb89de545decfe837861963bb18bd,shixiangwang_sigminer
820,a02579a724d071ab0a5f06e1da7c14e8b6721861,shixiangwang_sigminer
821,a045f3190b7e46ffbdaeed5ad6257c16ebc465cc,shixiangwang_sigminer
822,a0c8eecb03540f4dd97b912a6124b6ce3e440e3a,shixiangwang_sigminer
823,a13159215326dd8046315cf3c0a8625daadaa1fd,shixiangwang_sigminer
824,a190decb0fff5b6c8e68637b5f62c3e510042d6f,shixiangwang_sigminer
825,a21ffe4444209c527faf86db6ded7c94b87f37c3,shixiangwang_sigminer
826,a255ab0da2ce73ae17c6299e8ba1a8d6c1c44395,shixiangwang_sigminer
827,a2f0289272b375eea09518f51a7a735fed6d9f1d,shixiangwang_sigminer
828,a325449f352dcb292f1fdd36a7edbe7f91d7246c,shixiangwang_sigminer
829,a358ce54f39d96a20281beefa58b17614b3eb257,shixiangwang_sigminer
830,a35a28f5731139a1af59f8122a6976135ed67476,shixiangwang_sigminer
831,a3741cbeea4c4448effca00e0f80fb990913d7df,shixiangwang_sigminer
832,a3ac08c40ce88d07e2016b7af737ee4b5e1889f0,shixiangwang_sigminer
833,a3f5975b3d1ad4dd003073ed69bf67b60e6c8d5c,shixiangwang_sigminer
834,a41f4a16a3fc62b0ec6501782b136279cf9f0d65,shixiangwang_sigminer
835,a45d0406a35bcd50bec172508d5f4b1fcf0fa805,shixiangwang_sigminer
836,a495ce868239a3ba574a4f888472cd3106e3a5d5,shixiangwang_sigminer
837,a4e907b8cdfb434e593ab7994389a738ffa2e304,shixiangwang_sigminer
838,a4f297d6a342b68faaa8d50fb36db200ec4df378,shixiangwang_sigminer
839,a4fa3800042f17d15b198a3338237615d28e8b47,shixiangwang_sigminer
840,a4fc774eef25ef8bef4bd4d56f2919683b6397d4,shixiangwang_sigminer
841,a53c4c49064cfa8c30fb41b65895af28b471040c,shixiangwang_sigminer
842,a56776ac8a76120d203ffa93454f06252d212f5f,shixiangwang_sigminer
843,a5b0245690ca36f0f72f4a7070ac7002d8115e19,shixiangwang_sigminer
844,a5de2cbaf9b810b0fae26cb826546b194c280259,shixiangwang_sigminer
845,a6213e600c44111a313434bc188a731f253b19fc,shixiangwang_sigminer
846,a686a1ecee715c619909c58f0d53e6d18f9f3e99,shixiangwang_sigminer
847,a6cbed327b02cce7d415c3b7278f1e6dc037f32b,shixiangwang_sigminer
848,a7222f28d221b075f1e0489f76054dfa22acee68,shixiangwang_sigminer
849,a7fc8d0a62e84183462d5d8fc82029670f4e1625,shixiangwang_sigminer
850,a8283bea7ecac1d086bf3925057bed0572e99d2f,shixiangwang_sigminer
851,a89b0f75bd128895c5b38ad40ce9e9dbcf16db5c,shixiangwang_sigminer
852,a8f0b5c05349ae4326ce6765a098d2004563c86d,shixiangwang_sigminer
853,a9347de2f2a8e2945ec006fe4da499dbf75e2eff,shixiangwang_sigminer
854,a96fe398660c986f881f123558703260c6d0d5c5,shixiangwang_sigminer
855,a9d599c354b34010213670567e9d6ad1aaa1c7bf,shixiangwang_sigminer
856,a9f18889ecf364c9eab36f9c783aca1f0f4642de,shixiangwang_sigminer
857,a9ff029db5f2fedc24bf9cbd1833e8f68863e41c,shixiangwang_sigminer
858,aa0d2a2e444d673f42c2ce2386a48a73f099247f,shixiangwang_sigminer
859,aaabc8d1d9607016e2d79168ccdcaa0cef581102,shixiangwang_sigminer
860,aaafebcbe4ff166dbf11ac7d59996c48b2b87ee2,shixiangwang_sigminer
861,aaf2b1c90335eb9eaedb4d97ac40e68e79d23321,shixiangwang_sigminer
862,aafba4318f07ccaf94425e7c6b45e08906083589,shixiangwang_sigminer
863,ab2f0868e32e33b65b5dac4c49d083fc479053a4,shixiangwang_sigminer
864,ab3809ef9452da9ddb7216f32fc5e07322895e95,shixiangwang_sigminer
865,ab8996831b64e7d3258978ca57843297886f2c94,shixiangwang_sigminer
866,ab901d6981ea3a517405faedef1e7d8fc4dcba91,shixiangwang_sigminer
867,ab952c1f7a434b3a16efde61f53d9c35ce8bf28c,shixiangwang_sigminer
868,ab99d1271d9498dd438c5bbf69ef9470e4ca5013,shixiangwang_sigminer
869,ab9b927b5046d89b3bb1d32b81e55fa872bc9803,shixiangwang_sigminer
870,abff5b8fd2e879aa3255e565e66e2dcbd8756138,shixiangwang_sigminer
871,ac0eb86f961549de9efbcbcfa8d3cebca9e2be2b,shixiangwang_sigminer
872,ac205b4942607e124e8ed9e0c964bd363bfe7730,shixiangwang_sigminer
873,ac459ab87a855108ea2229740060b6529c03ff23,shixiangwang_sigminer
874,ac55e39fd2f92934e8ad1ef15bb10e079998797a,shixiangwang_sigminer
875,ac79923afe9245eecb59cb790865c9b9a67854c2,shixiangwang_sigminer
876,aca0f2e659c007fa9d207787ba3576cffb136286,shixiangwang_sigminer
877,acf814d2898c4f511d7a1ab636da9401faebd455,shixiangwang_sigminer
878,ad0f073d7e52131088fc83407e8310a7dff3a251,shixiangwang_sigminer
879,ad254197f21cc05d9328e3923422a680d3a757e3,shixiangwang_sigminer
880,ad36e6cead8263bcb2ec129aabf3b4131feadfdc,shixiangwang_sigminer
881,ad4ac6f8e506433dd9152f1d67c702cf86b0b32a,shixiangwang_sigminer
882,ad93f2a6649dfad97780d3369d827007363f0438,shixiangwang_sigminer
883,adb5ffea752e50d427e68b05298b361b64fc896a,shixiangwang_sigminer
884,adbfec20d3d7c66b64a6acd5ba4334c7befb61a7,shixiangwang_sigminer
885,adecb67404fbb108226211e5507efff844f3dbb7,shixiangwang_sigminer
886,ae0b523a62ed59a6453a2ed01e87e0f7dfdddc8f,shixiangwang_sigminer
887,ae0d478869498a1627d92880f95f94b76ca2e243,shixiangwang_sigminer
888,ae2d591ef00fa158fcff4d45dc51e2d329dc93a6,shixiangwang_sigminer
889,aea27307680a10a8001f787761528295d303c579,shixiangwang_sigminer
890,aefb5febf59e11510465dbb8d7cf38f98d7b2c6c,shixiangwang_sigminer
891,af3f73ff5f1c9d0e597634d9e9edc6bc4fd2c4c6,shixiangwang_sigminer
892,af79d664bd27af3e9c34809069456c081b428567,shixiangwang_sigminer
893,af7c1160dfc186591537ba423d9f9a53edb0d4c2,shixiangwang_sigminer
894,af8fa022604724cd0b9031b1a42d2c9816351d61,shixiangwang_sigminer
895,afff00f38b2942df15057813ae5d893c0d588475,shixiangwang_sigminer
896,b012ba0a2f42b80ec06587bc0a4c9e69918f5f23,shixiangwang_sigminer
897,b026b1e0cbd15551f69efed0792ed944fd67f01c,shixiangwang_sigminer
898,b03169cd59698d3fbbe6b2ca69f62c22ecb1a3eb,shixiangwang_sigminer
899,b039c7ff8f4b2419e7e5930f4f977c0caf46e0b6,shixiangwang_sigminer
900,b04a0dd4f2daa0989a5bc0264a626e226ee621ab,shixiangwang_sigminer
901,b05c6167793b8ac0726b20cb6677bc108923e30e,shixiangwang_sigminer
902,b0c9d849d1895091a6c2b934b8e8be4a6b5f8f8f,shixiangwang_sigminer
903,b0e701cae63dc4ff43cbf896576d97b82a96f683,shixiangwang_sigminer
904,b0f3e88e584f10681c6ceabe9e4d41be1f0195c4,shixiangwang_sigminer
905,b0fc48c3f6af1091bd80f6ae203a1574dd553d1f,shixiangwang_sigminer
906,b105a66626fea0dbe2c43038916072654ba0ebe7,shixiangwang_sigminer
907,b11cba6b16f72e24ec498c0cad590c9537b469ec,shixiangwang_sigminer
908,b12519f2fc154df4928d21bb3f07df12e07a595b,shixiangwang_sigminer
909,b13a8656ec438f1db602cedeb3a554e60fae3851,shixiangwang_sigminer
910,b19c49be78125990e38c42fb96226bf7265f8c86,shixiangwang_sigminer
911,b1e88d34b9fb2c69200e2ef8a5d39354835e77e6,shixiangwang_sigminer
912,b2545ff96cfa53708503b5bc565d28755c4dba72,shixiangwang_sigminer
913,b266706fa43ce8ace6cde6ee1db5b0382bd64d1f,shixiangwang_sigminer
914,b29c3fa73e15af3cd6976dcc9d2a72b1ec077ddb,shixiangwang_sigminer
915,b2a298d36701cf28510d2a3ee12c16378f1d836e,shixiangwang_sigminer
916,b30d8cd17d5898388f98d3460949ca37e0cff50e,shixiangwang_sigminer
917,b318d028d42141ccf240255d5a13ae6f74ec2acb,shixiangwang_sigminer
918,b324ddd72a40c50af2eec9641c816a328c31b867,shixiangwang_sigminer
919,b36d4f2d0ac657b12d1da24b0580b66f8a52084c,shixiangwang_sigminer
920,b38f5f0d04abe3b025d632eb97c126780d8c7137,shixiangwang_sigminer
921,b3bea7eb329c799c0627c330db5e75b1921a4f9e,shixiangwang_sigminer
922,b4769eb9273bb448d5a813df7168408ab3316cbc,shixiangwang_sigminer
923,b4ace2a62ebbd2d09407d9d3358ee52c7c7e1d00,shixiangwang_sigminer
924,b4c60eb3730607e757bde937647c95686f3c5045,shixiangwang_sigminer
925,b4d6ef254f131bf722e20a20e408c19b15d8479f,shixiangwang_sigminer
926,b4dc4bee9face8b60ff873bc745677b66dcbcca3,shixiangwang_sigminer
927,b4f3fa265cf166fd0291e3ae0f5de95adc5f80c8,shixiangwang_sigminer
928,b53466f25ff7e2ab0c93a0345cf7440ec60a2fc7,shixiangwang_sigminer
929,b54598e898f0d889e155e61466315e9c9b67611b,shixiangwang_sigminer
930,b5f65a41b69b4cca76ec54fd7383c0f8a5511881,shixiangwang_sigminer
931,b6089999a01ed1a3095147684bfbd75fee895a05,shixiangwang_sigminer
932,b61ac1bc09d5fa795e7e53bccba92a588d7c580a,shixiangwang_sigminer
933,b6740104551ce6b7c9729271cc6e8e3876a744c6,shixiangwang_sigminer
934,b6b357fb82ea8be32846b371226c77d6a509c901,shixiangwang_sigminer
935,b6cdeda1432b6d87ddf45b96489b07596a5ec332,shixiangwang_sigminer
936,b6e86f7020b73ddd959e6cdbd6ec16eff09e4f77,shixiangwang_sigminer
937,b6f750aa272788934745fdf297985717a703edeb,shixiangwang_sigminer
938,b75c953ade6639cfae3cc037101d273b688ec450,shixiangwang_sigminer
939,b7a5d2d6ca673d2c2a6f4c02590fd057cb5656ee,shixiangwang_sigminer
940,b7efe8d17f7b5695b9c64ea98c02349ab2ecb7a5,shixiangwang_sigminer
941,b7f7c96976d668d774587daee9de9bfe19b1ac9a,shixiangwang_sigminer
942,b83fff4a6404890f2c724eb48a5065af711119ae,shixiangwang_sigminer
943,b8472a83c12632713cac92f2c22a0220833f7ebe,shixiangwang_sigminer
944,b8610c824254facebbca7d977feccd612968974f,shixiangwang_sigminer
945,b8845175a74f81b1a26476dea0e63e95008f26b7,shixiangwang_sigminer
946,b89223cfca0582935f0e2925331b67ac9616ed75,shixiangwang_sigminer
947,b923b697b8d462114cc9e3f4e4601717f307db9e,shixiangwang_sigminer
948,b9865171e53ed9c71c6113ec4ec4dded89ca3a89,shixiangwang_sigminer
949,b9d11b95cd86690d9e7065c6958d7c731a4135a3,shixiangwang_sigminer
950,ba1fa5a104647aa1da04aabcc275b10220223196,shixiangwang_sigminer
951,baa0653a1c6bc9116735257af63e12adf4f889a7,shixiangwang_sigminer
952,bae242e66fdb30a07d6c181cf685d212e11aa2cb,shixiangwang_sigminer
953,bafb71d67ffd68f9ff0c10163e8e43390f065b7b,shixiangwang_sigminer
954,bb2116b3a7e117b15c94ffccb283c1f91e60b732,shixiangwang_sigminer
955,bb652d492c34b932bc6d773fc5910ee2439953bc,shixiangwang_sigminer
956,bbb7085fa2928d94fd2c78a01d96358532bd275d,shixiangwang_sigminer
957,bbc5f9c4efc653c3e4bc53266eda6e551e0f2b94,shixiangwang_sigminer
958,bbeb3e71f67baa77e3fc0aba74acd0fc1c56de17,shixiangwang_sigminer
959,bc462a5eb37950e1697733b90d9081b5ec965402,shixiangwang_sigminer
960,bca3f5d1226f64998745926241c06560fd0357e1,shixiangwang_sigminer
961,bca8b29faa4bae5f27cda5517e4435d13a1c58cd,shixiangwang_sigminer
962,bcc046db944675bb8148c0dfc2bf90622e24b872,shixiangwang_sigminer
963,bd014fbda5d56a6a045f79cbb1f3b9ce12775474,shixiangwang_sigminer
964,bd1c2de93510174c129c640d1457cac466906be8,shixiangwang_sigminer
965,bdc278f5cdbda2967410fdac912ef091fe02ba18,shixiangwang_sigminer
966,bdd6383324eb6658a9a4be1e6f5737835b1999dc,shixiangwang_sigminer
967,be0fad51bea5a0599a75d1e3028841bb3f5e8052,shixiangwang_sigminer
968,be225db950c94e26a7805fed977b0ebcd0f4f4b2,shixiangwang_sigminer
969,be2dbfe1ae597006126c540fc7a5baf276c3e069,shixiangwang_sigminer
970,bf285217426391ca181ae732f3f5b5478b39595a,shixiangwang_sigminer
971,bf37c6889611c88542d270c64f390cafb0619e73,shixiangwang_sigminer
972,bfced605b7737b570064e0c7773ab691a308804f,shixiangwang_sigminer
973,bfe836871f0244f3f8f5aeac19ec9361c71944b6,shixiangwang_sigminer
974,bffcab0ccde1b9788c868602683743c3a351d403,shixiangwang_sigminer
975,c032aec5767a10d507c1d09cb541ea9cd86d8bc5,shixiangwang_sigminer
976,c0339c89f4ed05fc486e5fa6f2e312300cf84302,shixiangwang_sigminer
977,c0a1312fa6ee10cd5b0a1e90223a08f23226aca4,shixiangwang_sigminer
978,c0ca3b07f40bc3545e8f80e2971cd59b264221a9,shixiangwang_sigminer
979,c13cd7b952b2ea7e7a8ba203545b6feed0d0feba,shixiangwang_sigminer
980,c16609f2846dbbd7155c0fe9a80f6c892f2fa8ec,shixiangwang_sigminer
981,c1769cb06c6bf869449bbdc9df73105b229e2374,shixiangwang_sigminer
982,c1dd4ca2cbf26280ff467535f8ad77fee20f7457,shixiangwang_sigminer
983,c1e155da2c2f3e9c0e7cbf8004f7d30cba732333,shixiangwang_sigminer
984,c25bbd54a86a0a88d9099cdfab8d0859ce948cc6,shixiangwang_sigminer
985,c2dcd93c8a2fb30d61c3295ec12735e9cef023bb,shixiangwang_sigminer
986,c2fff3919366773555e64f40e1892e891ebb9c2e,shixiangwang_sigminer
987,c31f8f37cf844ffc9436cb5099737adeea514585,shixiangwang_sigminer
988,c338731dbacca487fbade52d670bd84252bcf118,shixiangwang_sigminer
989,c34f14e376bb7c82c271d775a344aacfefe178a3,shixiangwang_sigminer
990,c37b8d7b81f4642ea5445b6bdf8179cd4478a232,shixiangwang_sigminer
991,c3f7f35c3f5d5fe41457b589e1651098fd27183f,shixiangwang_sigminer
992,c4093d3f1b1ff6a2fdca3305ded2af8d7ba673e3,shixiangwang_sigminer
993,c43305d390688eb13664bf7e39b932be8373430a,shixiangwang_sigminer
994,c48e64757430185b72272259cd603d2392380ad3,shixiangwang_sigminer
995,c4d21cae8cc8ccaab29cc7a49849f4dea4474723,shixiangwang_sigminer
996,c4f8bd25a26be66bb789303f04cd78e87693f613,shixiangwang_sigminer
997,c515d11fa9a629e8e642a0842a67fcc923144ffa,shixiangwang_sigminer
998,c52a29a05a649b0354adf3970811215f474cf97e,shixiangwang_sigminer
999,c58096a6aaf11182a379859271ede3c0449b1cbb,shixiangwang_sigminer
1000,c582f8233a2cafa82d1673ec6c077673f204b2e0,shixiangwang_sigminer
1001,c5a40bb866e3edbcb92dcf87d441ac2a50f111be,shixiangwang_sigminer
1002,c62967dda3cfeef88308eb25dadc2de23c866c43,shixiangwang_sigminer
1003,c68bda0ef3f736b003efd71b08949fcbfd7e423c,shixiangwang_sigminer
1004,c6a9f2101127e131ecb3fe7f40e65cb614a272a7,shixiangwang_sigminer
1005,c6bead62e324a85fa06a6374f4fbd1342af55601,shixiangwang_sigminer
1006,c6fea388903a5c26daae839177d28ef37c96cd6c,shixiangwang_sigminer
1007,c732f1fb532138f9cad523991e44c66e5bfb7004,shixiangwang_sigminer
1008,c793408441f528013a932dd4375e8ebab4880b31,shixiangwang_sigminer
1009,c7ae16e369773564c651d612774187fbb6b9b691,shixiangwang_sigminer
1010,c7ae76911d8fe418e0fecf489e45f53c12c194df,shixiangwang_sigminer
1011,c7b948c98673a415d108556456a7fbb552703c65,shixiangwang_sigminer
1012,c7fb25c33789367f3b4ec985d18f2b27b4ce123f,shixiangwang_sigminer
1013,c88bce334b2226125c5a028c67884656565c639e,shixiangwang_sigminer
1014,c9911925b30b010b4c4ba2cd6f1ec0c6912bb210,shixiangwang_sigminer
1015,c9a5011bb9e4aeb61b7ce126f7ee55fa495a5e2e,shixiangwang_sigminer
1016,c9e5ff89fceef746a90318fb90c434366176e033,shixiangwang_sigminer
1017,ca3cdeebb31ac88d924a55509dd2898199210f5a,shixiangwang_sigminer
1018,ca6bbed52a23b9641632a80be1d3ae0d01f339a3,shixiangwang_sigminer
1019,cb4e97ad850a5f9b91049f6845cafc225d8009e3,shixiangwang_sigminer
1020,cc6f430039c30172b7279eca0cdb3e73cecb7d03,shixiangwang_sigminer
1021,cc7e9c3c0713d788c7a03f521c085dd38fb1512a,shixiangwang_sigminer
1022,cce590848fae0311c282d06053534ac62ed61bde,shixiangwang_sigminer
1023,ccefa24c594ce9abd9b943b1b30b27af15523ee6,shixiangwang_sigminer
1024,cd29ffa867d3c862b9d1c9988e849e74deaa96b0,shixiangwang_sigminer
1025,cd2b964ebbbb72c88b330c8ff95b4aa38f9612bc,shixiangwang_sigminer
1026,cd4cfa1df197f0fe675b25c77dd6b275ff0a5332,shixiangwang_sigminer
1027,cdc9f672f3ced106b44f95296c945086a875695e,shixiangwang_sigminer
1028,cdfb0723c7644bab71d95562635ba9accce929de,shixiangwang_sigminer
1029,ce1f2121185891a8accfc560a38548dc73e1b5d8,shixiangwang_sigminer
1030,ce5b842dab5d0ca857154d6a9166b5bdddf17cf6,shixiangwang_sigminer
1031,ce8ace10b687d6bace53e6fb8616ed73b69695b0,shixiangwang_sigminer
1032,ce99999e8d005053c5f274c02e308cbb05559946,shixiangwang_sigminer
1033,ceb790923eda7e194b05157664419a7a475715dd,shixiangwang_sigminer
1034,cf3c3c735bb580717241aea06fc121a77d60c8d7,shixiangwang_sigminer
1035,cf7aca5da4b5da5f2fb998759911edcc14eb7ecf,shixiangwang_sigminer
1036,cfaabff8a5eb8c8faabbf57d7e9279d5d2602276,shixiangwang_sigminer
1037,cfcdb00696c212c9faba63a844821bccaee95a51,shixiangwang_sigminer
1038,cfe960e3fa825be89408452dbe342cd60ca838c3,shixiangwang_sigminer
1039,d01bce9383cf58b732f4479993baf52a57f784ca,shixiangwang_sigminer
1040,d080c9ceac1b7d157b1fe29f11d4cab53b4e5743,shixiangwang_sigminer
1041,d09f162555271f86c89cb42c2cf169b2eb310ab0,shixiangwang_sigminer
1042,d0aea039d361b7da0aeb22fdd7d7f5e0a1793eed,shixiangwang_sigminer
1043,d1092a3d42fa7efa0e904dade88b986aeb9d0c37,shixiangwang_sigminer
1044,d11ca4ab1bca3208b495b55978913e96881716cc,shixiangwang_sigminer
1045,d12499d51df3e8dfe5bfdb20e95a4a4d28278d5a,shixiangwang_sigminer
1046,d1597ec617bf6086a6705d509d08bb7a2a41eb25,shixiangwang_sigminer
1047,d15f479666d240f89c6d312874de0db06714b810,shixiangwang_sigminer
1048,d1ad39f1398052d88c58dee1020b084e1ff0798d,shixiangwang_sigminer
1049,d1b999a4380012af8dcc0e5385bb5f6e0c68eba9,shixiangwang_sigminer
1050,d1eb9754edc6ee5c2d6701d6e0c3c14915111ea5,shixiangwang_sigminer
1051,d1f84262dc3e76598d87956962cf8c876dce351d,shixiangwang_sigminer
1052,d1fe7bdc15d23760ff6481d6574f56a073145f6b,shixiangwang_sigminer
1053,d20aa8e4ac5fe08b5b7d74767a27a9f86cc040f6,shixiangwang_sigminer
1054,d245538e7851f507bdb478be78153bd01a37216b,shixiangwang_sigminer
1055,d2b0869b908a5377a51e1c5ff00948460b953b40,shixiangwang_sigminer
1056,d2f05cc168706529bcf6314df29397fcf95dd791,shixiangwang_sigminer
1057,d3ae8d4fc385ad1a5e3f3b4b20d4ded6f660df58,shixiangwang_sigminer
1058,d3edd5fb877fd315530f532724ab228b338317da,shixiangwang_sigminer
1059,d40168821143b5c7174702324d5ef4a61f5dbe29,shixiangwang_sigminer
1060,d43a0ec887c92d8ec6eefd3927b3974c11746f19,shixiangwang_sigminer
1061,d44af35c39dba8cf05d066cc933cc2dc0f6de7a5,shixiangwang_sigminer
1062,d46ad5efc2dcfa3ad87bb3f2fed8835208e8ca7f,shixiangwang_sigminer
1063,d496e034dd8c1e92f5d157274f0b6153e4bc35b0,shixiangwang_sigminer
1064,d4a6d14b2ceb26f7cdf6a3b13ddafd837887742c,shixiangwang_sigminer
1065,d4f2c21ef756559290533e37e499f36657ffc210,shixiangwang_sigminer
1066,d5746d2ddd74ce8e9920641cde72b8a8393e0153,shixiangwang_sigminer
1067,d59086fbd9fc1030e3831eb9e82fb398b78f1596,shixiangwang_sigminer
1068,d5a6c7b4c1ef1e73816db50fcfaa396c58952520,shixiangwang_sigminer
1069,d5cad32d8900cf76cd1064cf7d9451cfe52268c5,shixiangwang_sigminer
1070,d5e164663a5d374107acf3105aeb069bbe12fa86,shixiangwang_sigminer
1071,d5ef7322864c65b7a469f07a659864d2a42bf68d,shixiangwang_sigminer
1072,d623f6b7d94903035c8bf87043c48936de2bd349,shixiangwang_sigminer
1073,d636cba65dd5396c261aa701accd543c5d388d5e,shixiangwang_sigminer
1074,d65bf0510eeb5971e1a8db4d06781448aabc719d,shixiangwang_sigminer
1075,d6918a491964a565b363cd1ca279646bd881fb28,shixiangwang_sigminer
1076,d6afab553c8fdc8abeeb67783dff5285120da24c,shixiangwang_sigminer
1077,d6f1a211bd845276d2c5329b8d3f51decbb27d2d,shixiangwang_sigminer
1078,d76b78b9f388fa819b05444836c13f46369eed1c,shixiangwang_sigminer
1079,d7b40ec2d934221c2d79c93eaa7d9f2c0b97ade4,shixiangwang_sigminer
1080,d7bcda3d39fcd1ecc8d1578656f678d6d5c558ae,shixiangwang_sigminer
1081,d7c53f9c7c912d9e4f5a22b893a65324ac3af4a6,shixiangwang_sigminer
1082,d7ce02f3dc5605cf18dd817384d36280b4b69d43,shixiangwang_sigminer
1083,d802c1418de943c6cd337f7c4f0e001263fb9384,shixiangwang_sigminer
1084,d81f5c8b450c3f86f903c857386bc2eb529b0ab2,shixiangwang_sigminer
1085,d8d3b860b18c9fd5be10729a729cb49d09a4f33b,shixiangwang_sigminer
1086,d8de0aebc1388756b1514d6ff091c381ec45f0a6,shixiangwang_sigminer
1087,d8ebc2f49437395f24dce6168adfd6d55acb1fb5,shixiangwang_sigminer
1088,d955d732ed58672ce83a3dcfa94affc9658d8f34,shixiangwang_sigminer
1089,d972d14bd3c7f1bfd22611a22b7949fec1936ea5,shixiangwang_sigminer
1090,d9e36215db4c5a42d97fffaf11d719595fe15fd8,shixiangwang_sigminer
1091,da59b2ffdb1147975072ae036fa649139c03c45d,shixiangwang_sigminer
1092,da6644c83008f3a9c0ba01d69db674dbf03fbb37,shixiangwang_sigminer
1093,db1676263534148a0b68ceca7e9dfd8170a49287,shixiangwang_sigminer
1094,db7e8fb50a3a542cced69f3d020ba4532f3f910f,shixiangwang_sigminer
1095,dbb72ff1b82c4c44939e7f29a2e39c5eb522fc65,shixiangwang_sigminer
1096,dbc4045e256a231642c20343e0e8c24b474f5857,shixiangwang_sigminer
1097,dbe7351c1674589a1aee9524ecc3a2a7ed86ae8a,shixiangwang_sigminer
1098,dc0c9047dc9421ae965f54f0ed67e116ae62f185,shixiangwang_sigminer
1099,dc1beca47c7998f237d1f6d9b9364e19a8853ebe,shixiangwang_sigminer
1100,dc21e4820eb3bb53caebebaf232cdd808b8b2713,shixiangwang_sigminer
1101,dc2ab7dbbbb48c1c8a396db22178080c8a28bcbb,shixiangwang_sigminer
1102,dc2f1559208e0d5dd37644bc91b184e7c8d4811f,shixiangwang_sigminer
1103,dc2ff0a949f7353b46bbd3400a451074ab45f0cb,shixiangwang_sigminer
1104,dc4e456a620c84e85389cfff645f2e130abaa743,shixiangwang_sigminer
1105,dc573a97d1ea8c6661836a7fc2558be499de3a53,shixiangwang_sigminer
1106,dc5848c54d8c18fab675199ac577cc31b23d61c1,shixiangwang_sigminer
1107,dc8db1557b9248f24cc2eeba7a4ec16b16df6e95,shixiangwang_sigminer
1108,dce53846994f149fb352354d5ab11a6c94b376a2,shixiangwang_sigminer
1109,dcf694d6c065dea9162f9e490fa5011b945d2d93,shixiangwang_sigminer
1110,dcfea3ddf2a265db61fd597c9a4944d1203d6784,shixiangwang_sigminer
1111,dd00569b9a9977bc58fb012fcaf956e030cf92e7,shixiangwang_sigminer
1112,dd11082acbdf3ad94eed1181c43fff5769140522,shixiangwang_sigminer
1113,dd4166a2f506b28a7da52476ba211bb7695abc52,shixiangwang_sigminer
1114,ddedb51c04f34813a57fefeda3ffac104037d0b2,shixiangwang_sigminer
1115,ddfd3c4c90a07b8489dbec8c09bd9f860c06f9df,shixiangwang_sigminer
1116,de0d90d1670175ececb5e33fd8f640931e04ef08,shixiangwang_sigminer
1117,de2852ce8ee591744bf6224a2477dea2b5ca9f06,shixiangwang_sigminer
1118,de6130646270172e5d38534069f10f478ea6d1e0,shixiangwang_sigminer
1119,de61e3016fd5e3987947656eead37fa578a2ab58,shixiangwang_sigminer
1120,def0d4447862c16200cb08c2643148b8c454e022,shixiangwang_sigminer
1121,def8dddbc748f74d39b6a053ee9ec130be68dd50,shixiangwang_sigminer
1122,df23f26330f0a07799aff61e86b7fd29ecfe9ef5,shixiangwang_sigminer
1123,df5bbfe55c18fe08a4e67974b99b977a342a11e1,shixiangwang_sigminer
1124,df91529c3a7e4ffa5a29eada372f759540314188,shixiangwang_sigminer
1125,dfd8947fb967654da70d272a937b73a9952de013,shixiangwang_sigminer
1126,dfe4de24deaa27eb01a52fb855a3dc761259e298,shixiangwang_sigminer
1127,dff8470f77ea8e08cd265866e258bb00d3db3fd8,shixiangwang_sigminer
1128,dff90f7f6bca331bfac07af64aa6a1d12484aa32,shixiangwang_sigminer
1129,e03b8cc07c89f672a9330f2c0ee4b2c950759842,shixiangwang_sigminer
1130,e06d9533c1912482c332e4c81cca9cdb1f5160d7,shixiangwang_sigminer
1131,e097c606d37461ef5188dca2df0365da427554dc,shixiangwang_sigminer
1132,e0ce2d8d9a3e18fd902d0632031ee2d71dfd15a8,shixiangwang_sigminer
1133,e18af7f3fbf9c19b942a7a7ee6d502be201e726f,shixiangwang_sigminer
1134,e19a4b702b8a4ca82db3c5f3b90cc9b1fff8fbd0,shixiangwang_sigminer
1135,e1b6b59ec31a450b6b96d75cfbc884fdfd6e545b,shixiangwang_sigminer
1136,e1ed2644503c6af7ec26023c17f325d6e06ece1f,shixiangwang_sigminer
1137,e230788800836acb61059d237d46b76190aa60cd,shixiangwang_sigminer
1138,e244797684bce124874ffd86e415c29c68229790,shixiangwang_sigminer
1139,e25af40fadc4dae613cd6af3e63cae48ff4f84ed,shixiangwang_sigminer
1140,e25d2a79106636ed13809728523e8e4990baa757,shixiangwang_sigminer
1141,e2a1b87cbea625c2e6e02a9164f24c03294c6ead,shixiangwang_sigminer
1142,e2fb0db5ef56eea302032a9de5d396ffc00cf076,shixiangwang_sigminer
1143,e31573c034db799f6885bffd7753cb783c190e42,shixiangwang_sigminer
1144,e36476a87fa292d1c910ff995d310c105da72051,shixiangwang_sigminer
1145,e3ac141997860952b7c6daa9fe87ecd6ebe6d23a,shixiangwang_sigminer
1146,e3bb074a2ff0c04ff81effb82e78c38c145b460f,shixiangwang_sigminer
1147,e3f792e5ef9c91145d1c9d7e7040e559f5ce9520,shixiangwang_sigminer
1148,e3ffb198577e145a4cc8a37c9affd5255118572a,shixiangwang_sigminer
1149,e4257435518d984d117bfcfbc1276d4d33625784,shixiangwang_sigminer
1150,e4b58882aaf5dc922ff0878707638104abfc9396,shixiangwang_sigminer
1151,e4bd22c7b945b7300648cd7e040e7bcbfe8e3f90,shixiangwang_sigminer
1152,e52d3f4d18d1727949b5e8148371da42effb8c2c,shixiangwang_sigminer
1153,e533cf2daba9135d596402341fc2c8c473f90333,shixiangwang_sigminer
1154,e55cb33e1cb65cbdc7eebfac39053b3beacf3adb,shixiangwang_sigminer
1155,e55f1006ac4f4c71fd62ba38c3a38179b30b72b9,shixiangwang_sigminer
1156,e59341a610c7bd55e92ce456504c732f8c09c8de,shixiangwang_sigminer
1157,e5cd1876242ca824c7d31ebb4c8f74985b5f15bc,shixiangwang_sigminer
1158,e60273d56fa1adf5c28705c73e42929becc2f875,shixiangwang_sigminer
1159,e6516bf1663c3660f583ea0c608cc7ca8a834a46,shixiangwang_sigminer
1160,e6d3a47e41da6367e7e582b9897eeb9f7d0ac12a,shixiangwang_sigminer
1161,e6d8cbda1694a2e9138fdb28ae79eaaae2c11605,shixiangwang_sigminer
1162,e6d969a42368cfae3e1354995981b743d0d604da,shixiangwang_sigminer
1163,e6ea54eccb84961a1fb9ecca79ef36c1d9e55f22,shixiangwang_sigminer
1164,e6f98fc61766cb57dda1d683260b4a2a71490d19,shixiangwang_sigminer
1165,e738a95740c7b54b49b595d6ac7229d7476317b1,shixiangwang_sigminer
1166,e76e59788248ab865ac07112556d92886ecb2197,shixiangwang_sigminer
1167,e7c63e2ab5a6151bb3cda2eb2e02f78049fef56e,shixiangwang_sigminer
1168,e7dbedefa34ef7191798ce218e040705d92211b4,shixiangwang_sigminer
1169,e7df026e0453cb5893779a8f83574322abaa5961,shixiangwang_sigminer
1170,e7e0a718acf42abe66424f5dce2aa3d50674ce86,shixiangwang_sigminer
1171,e7f84ae0b6961e5417373e58eabb470551df6fae,shixiangwang_sigminer
1172,e8249eeb2bf0e03ee4d692424802dd64380de97c,shixiangwang_sigminer
1173,e831bf6b1700c17fc18fcd2cc050a56edb6c4849,shixiangwang_sigminer
1174,e895bf7cce83c08a6550087055fc6b877ae5ea1e,shixiangwang_sigminer
1175,e8a98e9c22ac3d5c6683c9abc8eff94b615932fb,shixiangwang_sigminer
1176,e92efb8914adc3808f54c3e433b5cba428ef0743,shixiangwang_sigminer
1177,e9310b7708fb8d0736c32a500adfdebe3c4e8771,shixiangwang_sigminer
1178,e951a5f73db5b5fe84590c2270c711f3bc6d214e,shixiangwang_sigminer
1179,e954b37fbacbf3a7be97c168f0202ab0452de75c,shixiangwang_sigminer
1180,e9a03b759576236e96ae796e3531a3afbf43ea45,shixiangwang_sigminer
1181,ea4665d314a349886857778b40e7caa290d00e71,shixiangwang_sigminer
1182,ea7faeba35fc3e07849a606a758d3da0949267c7,shixiangwang_sigminer
1183,eb3a9a232b6ffd2562e6e4e123a7ec08062666e2,shixiangwang_sigminer
1184,eb99211474ffdd608c3a79d650e1b5b9bdd02265,shixiangwang_sigminer
1185,ec5f61f6410ab34fd3e1323ca1974cfef67e2f3f,shixiangwang_sigminer
1186,ec7805cbc8643c9bb9522c2273ac4bdca2c3518b,shixiangwang_sigminer
1187,ec8cccbb254064ccd30ff803bf874c94e70c6b0a,shixiangwang_sigminer
1188,ece91cb2c311c8e4210e864e28a9e78d5bf42909,shixiangwang_sigminer
1189,ecf3a932dbd6fb20bfe65f1141c78ac38c30957b,shixiangwang_sigminer
1190,ecffc75762d34aee8529ba3ff8075102ae1bfafa,shixiangwang_sigminer
1191,ed0a9ab5fe51fd0cf9f1648a57c621bbfc3b4cfe,shixiangwang_sigminer
1192,ed0f55246e69d8873f80dabd557256d9a4e199c3,shixiangwang_sigminer
1193,ed12236cfca2475c7f33da720ed064f291061d77,shixiangwang_sigminer
1194,ed2a703345a40867c9f736fef80f14bed39d9cdf,shixiangwang_sigminer
1195,ed2cd1d7df1b2a8039ff2df2bdedc270fedec588,shixiangwang_sigminer
1196,ed40c07ba0a016f30904cf874ba75c0483f6b63f,shixiangwang_sigminer
1197,ed5261bdb4f2e0bcfda73fb83268df69977a942e,shixiangwang_sigminer
1198,ed57a90b4a6d6a329cc6bb614cab13577d2619e6,shixiangwang_sigminer
1199,ed60c1f47e97790a959ae57e254306b8c8181d29,shixiangwang_sigminer
1200,ed6c0a9ab46b586d68f06438bd92cff1daccfb95,shixiangwang_sigminer
1201,ed96a40aa3297b8613f2fa1c7f08d20ed01f5324,shixiangwang_sigminer
1202,ee818d93c7f306e4ee1911b1e51916cf09e06a45,shixiangwang_sigminer
1203,eef36647fd5baf0183926af6cca074bc9d19e452,shixiangwang_sigminer
1204,eef4fd8631d2aa554bd0abe92df826ce81515985,shixiangwang_sigminer
1205,ef0cd6c1bb941e1f9854cdc747ee36d84cdef89a,shixiangwang_sigminer
1206,ef74c334a14ee94326db88e14621b798729319d0,shixiangwang_sigminer
1207,ef8debe05e7f0fd974f63c627bf58488f58811f8,shixiangwang_sigminer
1208,effd6e4070065e28cd931810a3bd807528c33071,shixiangwang_sigminer
1209,f0106a80ead45cf8634f11e69b244b6d1e963ac5,shixiangwang_sigminer
1210,f04e6f68d2decd61665746962b6441f2d41de853,shixiangwang_sigminer
1211,f05f6d595e6c448ad93eae3544e11709c2902db9,shixiangwang_sigminer
1212,f0c050b5ca0f1b7954de0d07c98646886455f9ca,shixiangwang_sigminer
1213,f0ec7f9bf55eb5debf8e82b56bd471375cf47f72,shixiangwang_sigminer
1214,f10485153b1bae8381d8402539330fc14984c87e,shixiangwang_sigminer
1215,f17f905388fe8e827e8d558c0ed48abd8598f1e6,shixiangwang_sigminer
1216,f18fef7f5252781c9f0e4127f3096fde91e37f44,shixiangwang_sigminer
1217,f1c5fad7c312b50c0eb0139bad72e12ee765ef1f,shixiangwang_sigminer
1218,f1fb06f88e4fd7dc1d358bd64ea433ea65f32b86,shixiangwang_sigminer
1219,f24fbf0ab136afdbfd3421cd7cca3ac8272c4ea7,shixiangwang_sigminer
1220,f257a9d22bdeca35a2fb3e30384667b634164c66,shixiangwang_sigminer
1221,f267f530b727a1a8cd084bacc8b35aad4baf924c,shixiangwang_sigminer
1222,f2faa5e16d6d9fde319ecb109fc88d84e265e593,shixiangwang_sigminer
1223,f2fc9947b6ddaea4f57190636f83bb60517d74d2,shixiangwang_sigminer
1224,f314680e5531dee287d5c3a2b582aba8f0429aae,shixiangwang_sigminer
1225,f32682be6a4761bdcd50ee5e3627d65a07c97565,shixiangwang_sigminer
1226,f3c4bdd78ee0d7b7049dfa63f874e9120f6fdc5b,shixiangwang_sigminer
1227,f3ea2e0d7c34f9a5b771728e6ba13a814df5f4ef,shixiangwang_sigminer
1228,f413f2532c72a71812173617ca5817613ea970de,shixiangwang_sigminer
1229,f4424a1f062729705d9e361661d116d77c88e5d0,shixiangwang_sigminer
1230,f454aa65c3ddd58ec3594a230027804f10ba448b,shixiangwang_sigminer
1231,f4a3131750a3175c126875357ac7ba1ea9d00079,shixiangwang_sigminer
1232,f50773a8ab763645808847b548081dc2d9132cd6,shixiangwang_sigminer
1233,f512e8f48cdc881b84e30428914aaf341214715a,shixiangwang_sigminer
1234,f56dd0149e47e8a841e00ba958e793f16767b1ab,shixiangwang_sigminer
1235,f58ec2649fcec90c598c363865a7cea95d825041,shixiangwang_sigminer
1236,f5b75024f4f0f6ac8c471940d16feddfc095fa5a,shixiangwang_sigminer
1237,f5bd5e0dcfcef37a7564908a2c9832fff6ccf81c,shixiangwang_sigminer
1238,f5c421baaea879eecd591fc72a74959eed472bba,shixiangwang_sigminer
1239,f6999e60c14df9138d1aef5f8e55ed632d367d7b,shixiangwang_sigminer
1240,f6d57056854b4759f6eaf1275b3c237c2fdd72e5,shixiangwang_sigminer
1241,f734666930de8a40708adb38906f72bf43a43060,shixiangwang_sigminer
1242,f750974add71a2f63ec74d3b835ae0acd4239c86,shixiangwang_sigminer
1243,f75278ad27849d0780440a82f3ed1be721d74a50,shixiangwang_sigminer
1244,f7929a088e3095af69398e13c0de8450032f07ee,shixiangwang_sigminer
1245,f7b49765148f88819adf7b62a6b7ac254719ad06,shixiangwang_sigminer
1246,f7dc9b24e58b50cd71148e858a776b09d707ebee,shixiangwang_sigminer
1247,f81e06051a426f4799f9f253839b78c5fc8a7734,shixiangwang_sigminer
1248,f86633c69aa77a1a099d617946e7f0455e338bc6,shixiangwang_sigminer
1249,f88d3a1006f6f8721a6b68d03fff50bb2efd0755,shixiangwang_sigminer
1250,f89a38c8397739c881bd94857614132b011c2895,shixiangwang_sigminer
1251,f8d47fa2cbc8af21bcbce5b217aef795de0d0119,shixiangwang_sigminer
1252,f8ea93ab1a21e0f51d99dca72f82437c980065f5,shixiangwang_sigminer
1253,f8f3b23aefa4c7c9cf983580f28e7de7b6b11ab3,shixiangwang_sigminer
1254,f8f9b5ef369cde73ab4176ce396bc368ce7b936c,shixiangwang_sigminer
1255,f92146acc395c155e7a75d3b8b6add09407cbe1d,shixiangwang_sigminer
1256,f987957272c74fd1c257efa69c42c8d7826dbc13,shixiangwang_sigminer
1257,f9d32b3492fc80dde6ac4cbfbd61413ebe313074,shixiangwang_sigminer
1258,f9f192e2865549e72b1573f5e221905baf74b7a0,shixiangwang_sigminer
1259,fa2087fca77fcfa9505dc7597a793badcef2cd45,shixiangwang_sigminer
1260,fa8a5bab0c598b4bbf70d8b77eef46ee4eb3ab7b,shixiangwang_sigminer
1261,fa8aeab998ccb2954b7919aa796dbc3094dcb7d0,shixiangwang_sigminer
1262,faa63b4ad24180cbcf3cba56259cf946c3e6889c,shixiangwang_sigminer
1263,face05c77c1f7a5bae251f155ea5c2817a767b14,shixiangwang_sigminer
1264,faf0fa1057652ec93386561e1fd81f7c5746235a,shixiangwang_sigminer
1265,fb00cfd0de2ad0624d4e891e388dab0da79b58a6,shixiangwang_sigminer
1266,fb4558d16358a6b9b73262c89c1682b243906412,shixiangwang_sigminer
1267,fb49e0bcaafc2bff63503f0c168414e2e0a659ba,shixiangwang_sigminer
1268,fb5e03720bda879ba6f31e40424a4f41ecab7764,shixiangwang_sigminer
1269,fb70e12b0eef9193ac9367a2a69509d64aafc248,shixiangwang_sigminer
1270,fb7c88a9945bbc72f8a1da0880e39409d018388a,shixiangwang_sigminer
1271,fbb3094548537c3e85e3e80eacd929ba4fbde497,shixiangwang_sigminer
1272,fbc430ac1fbe91ba4b779aed2ad843b2db8940a1,shixiangwang_sigminer
1273,fbf9deac32ba58b452189b1ec871b5306d70362a,shixiangwang_sigminer
1274,fbff8bc93bac88ad07c4db1e76ed1e593ac5e64b,shixiangwang_sigminer
1275,fc183c8caa51d5876eb46f8dcfe6760b55b54c1d,shixiangwang_sigminer
1276,fc59474497d83bb318c49baa322617f724d2e082,shixiangwang_sigminer
1277,fc8312b6185e5c6e7743ae079fdac0a2dbf395d3,shixiangwang_sigminer
1278,fcfb7a1598fbcf7e14bc29e4ac3626bdf8641089,shixiangwang_sigminer
1279,fcfe24791cfa8710e3cf6dce3798c8e91b82a7df,shixiangwang_sigminer
1280,fd59452d2888a5ba69b376260ec511f49be9bc4c,shixiangwang_sigminer
1281,fd66df234bba036958a9f349f715e821cee97064,shixiangwang_sigminer
1282,fd8fd422c4c5ec16ebec40f92a0e5c24a3b7955a,shixiangwang_sigminer
1283,fdada0ff9d9fccb4b3ef6915b9cde423893cf67b,shixiangwang_sigminer
1284,fdaf8cd04047d4f06773f3aa8c254f57ff6bde25,shixiangwang_sigminer
1285,fdd4201e6f678f51fbdbcdc52dbef09b0c955815,shixiangwang_sigminer
1286,fe25ac2bc50d1bf30ff62c018f236f3278e98a2d,shixiangwang_sigminer
1287,fe569dcdbd106f6bf9b0bb5774f910fa5e81c995,shixiangwang_sigminer
1288,fe6d095934131222cbac89f2807254cf3af84243,shixiangwang_sigminer
1289,fe8279ace446653e1f002566cd361007ee891c2e,shixiangwang_sigminer
1290,ff04870ee0de8b57ab86bc4db0ef34b5da87b9f7,shixiangwang_sigminer
1291,ff30865defab38d4ae910ae66804665953353544,shixiangwang_sigminer
1292,ff6654486fe0d1f12bb396e9c1370e5b9a76ef3a,shixiangwang_sigminer
1293,ff75aa97b58323f9e7ff94dfdc76a12aa0206c3e,shixiangwang_sigminer
1294,fff819e4077ad5c7899bdf0133e42b420b629472,shixiangwang_sigminer
1295,fff8cf52d52431ae9f3044f7836555944db4c837,shixiangwang_sigminer
0,000fabeb3d2df295284117a52e76d466ea366047,worldwidetelescope_wwt-website
1,00a9f9718225b625cdb18d95390907609fbe2d3e,worldwidetelescope_wwt-website
2,00e541991c62ba1a5575f4697f841c7ab0a5afa5,worldwidetelescope_wwt-website
3,012f3986429c37fb3fd9cd7d45605a311ec2a90a,worldwidetelescope_wwt-website
4,0181d637cc8fb7df0883e2f0907a95da2c0026d2,worldwidetelescope_wwt-website
5,021959826d648a6a427b4ec81efadd87f13a56e9,worldwidetelescope_wwt-website
6,021fcebaac40d7b56ac5b568cfb2dbd0bdddc6ac,worldwidetelescope_wwt-website
7,03388560870b3d32027eb0440b7e60909e895da3,worldwidetelescope_wwt-website
8,03955006f94cb3e7009f2f1c9325b2573f0a5e0a,worldwidetelescope_wwt-website
9,041d007e306b7dabc6a09ddfdf07f9d95b0963ae,worldwidetelescope_wwt-website
10,042dd898ad1633c5430da7aba3dd9587e7a6220e,worldwidetelescope_wwt-website
11,044d67c82ddfbae543a142a9f5b719db64bbadf3,worldwidetelescope_wwt-website
12,04a6c92da3688725eeff649064a271c8c6b98541,worldwidetelescope_wwt-website
13,04c30c26409a17c2e02aaec09a4cb99c0d48754c,worldwidetelescope_wwt-website
14,04eef9efbdec8089a9fadc10f97cf639dffccce3,worldwidetelescope_wwt-website
15,04f3eb96b82c1ef540da0ab05c3e941d33aeabe5,worldwidetelescope_wwt-website
16,050e778909d6f7ef6192ef73bcba735544acc87d,worldwidetelescope_wwt-website
17,050f7a548f2e7fd823d0c5e3e7eb838f7f28ffa8,worldwidetelescope_wwt-website
18,05143e5162f89e49c6dc477d5946c34dbd9dc10b,worldwidetelescope_wwt-website
19,05d1807a838d6c0b69d72b8c15f958975bedfc44,worldwidetelescope_wwt-website
20,0637aaef1272d9023938c8c61a5c49ddcec5bb7c,worldwidetelescope_wwt-website
21,064c420537bbca8c1a2ea7a1b15bfbfe3ca2080d,worldwidetelescope_wwt-website
22,068ca498e97af686fe5a83ddafcb0e83e4abc29d,worldwidetelescope_wwt-website
23,06b78ca3fcbded233095d26017b2ec3c32dd326c,worldwidetelescope_wwt-website
24,07279fb813f21713c77ca95e159fd75bb5527476,worldwidetelescope_wwt-website
25,07a68c91924134f05e402ff37d08b2d5314f90ea,worldwidetelescope_wwt-website
26,07b231f6841c94ac9cd57c0bb9f0380628e3945e,worldwidetelescope_wwt-website
27,07e9a9a7cf2314b6e7ec6846eff4a5ee3f783c2b,worldwidetelescope_wwt-website
28,0826ac900f11d03c211dc37aaef25b14d2aae35c,worldwidetelescope_wwt-website
29,082e8f9563d3a5e957cb1440c0469b4576e4377f,worldwidetelescope_wwt-website
30,084a0640e6faaa77bcacd7d2534add75a760f5ff,worldwidetelescope_wwt-website
31,088dd27008151429393356d9844091004facd887,worldwidetelescope_wwt-website
32,08a4897255c9a49d0222cf831967b25b95140b05,worldwidetelescope_wwt-website
33,08a67a85d5c23b0fe294c05fe6a6bb1dbe1e088c,worldwidetelescope_wwt-website
34,08fa96342d1cf0b54f9b4c88e66d67f4c467be4e,worldwidetelescope_wwt-website
35,093985d7a63c1cd7e85184c4ddec316633efb1a0,worldwidetelescope_wwt-website
36,0948ac85dc3f48406dceb642c6040ba3e9722072,worldwidetelescope_wwt-website
37,0a42109a4fbec1be67df1810dd97f4919f7df300,worldwidetelescope_wwt-website
38,0a8d888fbcfeb8a3f16702031ee78c94b40399c1,worldwidetelescope_wwt-website
39,0b80f8b03bcb467d35e250cf280e0fbc1d23ca9d,worldwidetelescope_wwt-website
40,0c3454a09466c2fffb6e3a7616b06c1df3dc7516,worldwidetelescope_wwt-website
41,0ca252288e81295d4673e58c70e09324c758422a,worldwidetelescope_wwt-website
42,0d3e00c8452b0e22bcf785dcf5387033439bf363,worldwidetelescope_wwt-website
43,0dc8895e0810efd778b15f0bfefcd4f47dbf895d,worldwidetelescope_wwt-website
44,0e6e52a05d7f8e1a2dc7d4cfe0efb7bca741f550,worldwidetelescope_wwt-website
45,0ea125cf2d3360a108ed33f8a8b8ce7e073d9034,worldwidetelescope_wwt-website
46,0eb5fee12e764da58072d62aa336b7a662222c8d,worldwidetelescope_wwt-website
47,0ec1dde5d27f3157c1c2f495544f9f76a456f37b,worldwidetelescope_wwt-website
48,0ee52c41bc4f920c61c68c3fd62b16330da70460,worldwidetelescope_wwt-website
49,0f34e7c3affa067c3bc30f3dc8cc1cb9d37ee0af,worldwidetelescope_wwt-website
50,0f4ffb3c9403f187feb5d65066e8d459fcca6dda,worldwidetelescope_wwt-website
51,0fb2589e8db0703fd371bb83c075f466501fe136,worldwidetelescope_wwt-website
52,102f73e05e4e8062a3ac295b7534fa19cabd8ec8,worldwidetelescope_wwt-website
53,103f66b26248da826491c053c5da6ba0c68a9c44,worldwidetelescope_wwt-website
54,10aa5b7d18afb0d5960d6940b105766a0d79b4f8,worldwidetelescope_wwt-website
55,112e2b02e5889d9ec135d6383e70c2cfe3ce2bbb,worldwidetelescope_wwt-website
56,1167d7a90dfd1fd5ce48102c67e010ceff324820,worldwidetelescope_wwt-website
57,11934702c75b31f994f077fc5f0f44917ab2c178,worldwidetelescope_wwt-website
58,11ee3c0a87b62102e5ad766f01bfff4158942487,worldwidetelescope_wwt-website
59,121280d4701b147dcf5fe8895678e91d2258dfb1,worldwidetelescope_wwt-website
60,12435aeaa69724b85e1d994d183714820fc996fa,worldwidetelescope_wwt-website
61,128483e1c4b39181eaa4fc39bc5e16f99e809ea7,worldwidetelescope_wwt-website
62,128a40b132e657fdfc6f904a6858e25f74c264e8,worldwidetelescope_wwt-website
63,12c6a2c2cde74f2d4c8a47fccb8cc7bb43e89a47,worldwidetelescope_wwt-website
64,13362778cf80cfe307f4fa3b59d6fb64227f31e8,worldwidetelescope_wwt-website
65,134bc0afc9931c6f61a27a5b2a8f98f12cb97ce4,worldwidetelescope_wwt-website
66,1369c877c9572a87a40e8ed4a94efe427134b45d,worldwidetelescope_wwt-website
67,13a66edfdd4ba00efced81baef14ecb8f210c55d,worldwidetelescope_wwt-website
68,13fe0543a7f5d5b9d5a50fcf6e0ed7573c4c799b,worldwidetelescope_wwt-website
69,142adac7dcbc7dd926104fd9a35b25d7a54581f2,worldwidetelescope_wwt-website
70,144123095e209dd2e2e217ffd662f91538903e54,worldwidetelescope_wwt-website
71,14734320854e727ee797218154794873ebbfc7ec,worldwidetelescope_wwt-website
72,14c919e4259d4153e10092ffe888a77cc0729101,worldwidetelescope_wwt-website
73,1526845ae2195cbddfeb34fa331079f813a64201,worldwidetelescope_wwt-website
74,1560b3ca6d5d3e614d768c130ee33a60eea07407,worldwidetelescope_wwt-website
75,15a0649e1ab15f4192c79ad09a69be2fe9922788,worldwidetelescope_wwt-website
76,15e939e8331a0b1dff8d6dff74e2800f55ab3b41,worldwidetelescope_wwt-website
77,160cd619bec1dc91e6a7673ffe165ff846cd36aa,worldwidetelescope_wwt-website
78,1749b58da7b47abfdb070a9919a2eb3f5ce23682,worldwidetelescope_wwt-website
79,17ac747e5f5ec427fce06724b9e1aee6423ccf8c,worldwidetelescope_wwt-website
80,17ef6f020e51ad8a3386fb0b23e68902e7f298fd,worldwidetelescope_wwt-website
81,18053f0d23c64ef16fb95e85fcc8ceb5b58fc079,worldwidetelescope_wwt-website
82,18595bd4360a5b0f51c927fde930527da70c2d01,worldwidetelescope_wwt-website
83,18bb35ef01b71e8f14dbaaa00367cc62584bd9c6,worldwidetelescope_wwt-website
84,18d2b0f2b175d4e4593fd6f316427aa27977e5a5,worldwidetelescope_wwt-website
85,19c6b3740e752f551cdbe382dfc41fbfa2ff55a9,worldwidetelescope_wwt-website
86,19d855cd8681b0405ac27eb61eb49892aca04214,worldwidetelescope_wwt-website
87,19ee7d3065db2ac636f864795500c05f4ad121bf,worldwidetelescope_wwt-website
88,1a2b0ce7af5cc6034387953967751d29ce603424,worldwidetelescope_wwt-website
89,1a513164a57f1b7ada8b003928424ed002d949b1,worldwidetelescope_wwt-website
90,1a6f97dfef4674d05af2124036e531e04f2a779f,worldwidetelescope_wwt-website
91,1ab9067beb17dd3643368a3546970e4c0f4b388a,worldwidetelescope_wwt-website
92,1b630e57bfcbd41a1e253c111fe34bf58a56c9ed,worldwidetelescope_wwt-website
93,1b6f0b35263d983702e7c9c38203248f552bea19,worldwidetelescope_wwt-website
94,1bd1d883ba0507d997f3a195ab297c7175331b74,worldwidetelescope_wwt-website
95,1be403ca5d4511251d5810114e571a0a94e1d0ba,worldwidetelescope_wwt-website
96,1c02815dbdbe0696218e913b1c5fd38f5b627102,worldwidetelescope_wwt-website
97,1c1b13df85d7dee5b044ff1aa87ddcb2e3b56bde,worldwidetelescope_wwt-website
98,1c39efdb9e26a532c913fd29e8ed386e8e3dc0c2,worldwidetelescope_wwt-website
99,1c6fdc7aadd25880e8091e88d3bd7a854d45758f,worldwidetelescope_wwt-website
100,1cc19172e69fd89f30d61b6ffc236215925c6670,worldwidetelescope_wwt-website
101,1ce75a52ab9a2b8ca357a778f3abd9909a4be29a,worldwidetelescope_wwt-website
102,1d0c87850219c2711748f7c5a0af4d8de0f93753,worldwidetelescope_wwt-website
103,1d35d5c1cb3d1dd01296524bb24a6968b228ab94,worldwidetelescope_wwt-website
104,1d4c17ce6ede0871e8eb2d0f975763ad7b54cf2f,worldwidetelescope_wwt-website
105,1d962f2eaf2bfbbef7b876d5f11db4743e539e6c,worldwidetelescope_wwt-website
106,1eb8ece63d30929597daca8a087b174f6dba13d1,worldwidetelescope_wwt-website
107,1f36a2ffa8f3eeb4fb416ace76aeec9d69b79905,worldwidetelescope_wwt-website
108,1f52d5348f7eefb9ca4bd7142f3ca02fcc27b111,worldwidetelescope_wwt-website
109,1fa54d29a0fb66561e78ec5430b1ec3d6adb5d5e,worldwidetelescope_wwt-website
110,1fc5c177238bcf03ae2264806494e8f9fb89e9a5,worldwidetelescope_wwt-website
111,1fcd81635592758fd33c9e6343cab1ad3b7360ca,worldwidetelescope_wwt-website
112,1fef6d15741a08e0e493c51c695037aac395e242,worldwidetelescope_wwt-website
113,1ffff2abf155ffdebb351e0c15be9d87b6806acd,worldwidetelescope_wwt-website
114,20b315174052f54118965c8e40cae128c41cc420,worldwidetelescope_wwt-website
115,20ef461c740c5eed91ad4cca9c499fced7314d6d,worldwidetelescope_wwt-website
116,21102ffc81952a9326093b40d63513905d4acd73,worldwidetelescope_wwt-website
117,2132a1284955df7fc1d864dd60175a1686f607a9,worldwidetelescope_wwt-website
118,217fa0bd0a3c9509336e161993a053dfe29de333,worldwidetelescope_wwt-website
119,21d536ad3a02444b61e2a322c867fb02b61fdd87,worldwidetelescope_wwt-website
120,21fbd2de56fa15b7b73bbf763f1ff0a8108d323d,worldwidetelescope_wwt-website
121,227a2a94f41d8848134501299778eaea4c28de18,worldwidetelescope_wwt-website
122,22e202000b1f956a5617a2195bdb4b0527879ddb,worldwidetelescope_wwt-website
123,2381708d637da4a040c082452d244cf160224734,worldwidetelescope_wwt-website
124,25166a1c4fb4ee7649be13defcebae191bb8114a,worldwidetelescope_wwt-website
125,256999f9e3bc5d2b20905fab638525aa26464c94,worldwidetelescope_wwt-website
126,2588b0b165021da8a7456701907fb4c52c1d8ada,worldwidetelescope_wwt-website
127,25a7d26a74e17cb17dd0607fe4cd41b19ba2c6cc,worldwidetelescope_wwt-website
128,26575aec6d8cbc48b7cb14b96c6d472ab3c9bd3c,worldwidetelescope_wwt-website
129,265a65bbeae89d81035bdd33f5941dda9b2dc25a,worldwidetelescope_wwt-website
130,268c1ee638dc3e9027eabfe58982f7d04dd09311,worldwidetelescope_wwt-website
131,26e82fca8b184b2b5eef9e96c3e82cb643bc2c4f,worldwidetelescope_wwt-website
132,27211b24b2d3102783a4290d88617ba3e29c94dc,worldwidetelescope_wwt-website
133,274a058692713fff0c63543c86dd5dcc2e8b3b1d,worldwidetelescope_wwt-website
134,2903fc783fc10ec9793618423f9998a6bc465af1,worldwidetelescope_wwt-website
135,290a1dc9eb5beaef100973924443078913c018ef,worldwidetelescope_wwt-website
136,296baa2f8e302cfc88e107d382d36ae3a9342b1d,worldwidetelescope_wwt-website
137,29c58a03e27ffbd2ff6b078f73a0fc860c471d6d,worldwidetelescope_wwt-website
138,29e15bfa26c6599479d753103330c7b4b3937802,worldwidetelescope_wwt-website
139,2a06decb55863381622068612a36dee87f07c9c1,worldwidetelescope_wwt-website
140,2a553d279e21d3a7a654c38a2764292863de8b6e,worldwidetelescope_wwt-website
141,2a6f23bcc927ed19495ede8bb948fea732b89f71,worldwidetelescope_wwt-website
142,2abbcef3e93150471007e0d9e35b89896234793b,worldwidetelescope_wwt-website
143,2ae3a96a97eed58c04246caff976c2f03f7e8b4c,worldwidetelescope_wwt-website
144,2aea7cc2cbccd0a78456369282e6caaa6cbef986,worldwidetelescope_wwt-website
145,2b8d768d854247335ff9fcd578b9a24cc4dc9909,worldwidetelescope_wwt-website
146,2ba236322f99d04012ad666016030537a12b02f9,worldwidetelescope_wwt-website
147,2c2061d108d4e5e1b09b8625709f61e9de7bb5a6,worldwidetelescope_wwt-website
148,2c51ee55a13bbc6398c9801a02f7b3fbe07b56e4,worldwidetelescope_wwt-website
149,2cb376be7c9fbc394ff7448a7774c031291c838b,worldwidetelescope_wwt-website
150,2cbcc9c1425ac8d1127d106bfe9eca4355e0e169,worldwidetelescope_wwt-website
151,2dcfb37ec956c0320e705a80143ed381a981a24b,worldwidetelescope_wwt-website
152,2dea034ffe5530b32817e05830df740c79510c94,worldwidetelescope_wwt-website
153,2def60480c00cb5383399828cbd3e876b0fe456b,worldwidetelescope_wwt-website
154,2dfcc13ec136db2cc7a98290b640249107d21d85,worldwidetelescope_wwt-website
155,2e1362e39a07e637c01f82b3fa1fe31ee7fbca42,worldwidetelescope_wwt-website
156,2e23e48bc50e773d397fb029a149a66f0d789d04,worldwidetelescope_wwt-website
157,2e43dc4f9b0af87f2d22d4b69b563150fd7a4c5e,worldwidetelescope_wwt-website
158,2e8aa7190d974d91f5fd1637f0991f919dc328cf,worldwidetelescope_wwt-website
159,2ecf965f3cd7a3c0e2593278f21b215c14d37599,worldwidetelescope_wwt-website
160,2f21a3e44429ac083484e1b7302512767947d818,worldwidetelescope_wwt-website
161,2f8b30bed2a7c5a911d30568680b8780529c58be,worldwidetelescope_wwt-website
162,2f900ba6b5f950cd80c5f90924373c184ad723df,worldwidetelescope_wwt-website
163,2fabb2a187098e41d4acd4dacd882f36a2389ba6,worldwidetelescope_wwt-website
164,301c668f1c52c51ade3ba979a480edc5c6889e47,worldwidetelescope_wwt-website
165,3021997f57cf4acac303a53f822d02ae8be97168,worldwidetelescope_wwt-website
166,302389610ee4f94472b467a4ce51b936015bee73,worldwidetelescope_wwt-website
167,304be624ebcc1cd20d331e3a9696a3ef12fa83a9,worldwidetelescope_wwt-website
168,3069489115d4a4dc7700a3ecf815592a6afaaefb,worldwidetelescope_wwt-website
169,308930b4393aa4e38cb672e1c9dce40dd5e8ad99,worldwidetelescope_wwt-website
170,30cbac5032c9b13a6bebe8d47582060f6465422a,worldwidetelescope_wwt-website
171,30e55f448dd1e5d794fb8e93aa03323b5a9ee38d,worldwidetelescope_wwt-website
172,31455457419a2f5c4f4ee899a6f464f5fec351de,worldwidetelescope_wwt-website
173,317e742c70555fbc77edda57ba3b8ee0816ed884,worldwidetelescope_wwt-website
174,31a4ecef2096574109185f2e2b13da287234a63a,worldwidetelescope_wwt-website
175,320912bb0bf34f07c34664705a760fe5caa05aa6,worldwidetelescope_wwt-website
176,321ede31b6353d1d7e06c4edb0ab92378a06dfda,worldwidetelescope_wwt-website
177,3296a82d07f6ecd2d074c00df16f15496e50b784,worldwidetelescope_wwt-website
178,32d9334b45e565dddcabdc54ee7912db9a037275,worldwidetelescope_wwt-website
179,3337c5575ff7ec0d4ed1dc31ec5aa2385847acf5,worldwidetelescope_wwt-website
180,3337daec844c73f2083e8b5a6bd0f4f9c4041cca,worldwidetelescope_wwt-website
181,3378c7263da062b88ee5d050e4872d6102ee1721,worldwidetelescope_wwt-website
182,339a34423860b6638257f29902e67cf7164e42c7,worldwidetelescope_wwt-website
183,33d730acc076491c671063c7e0d0068da324f3c8,worldwidetelescope_wwt-website
184,33db66495a7ca4a58634a81e6f1fd71cac2b5f6e,worldwidetelescope_wwt-website
185,33e5018f09e16ca7e457096837c196b323e7d536,worldwidetelescope_wwt-website
186,3467cfe34380203a68c8e749be62cef38ced2969,worldwidetelescope_wwt-website
187,34af24b91d76dd7b7a162c4f61b2366e87299c4b,worldwidetelescope_wwt-website
188,34fbd9567464b5065f3123d66823d976c9b9d4d6,worldwidetelescope_wwt-website
189,356274d9f38efed0ff5bd6f1dd48d7a41f9888a1,worldwidetelescope_wwt-website
190,358914992acc0259216226cb07581d672707a728,worldwidetelescope_wwt-website
191,35d37f1e464b7b272318c991c505ca1821d59dd0,worldwidetelescope_wwt-website
192,35f9c176c14f6a00bc6cd8b396bf14bcc9e10e4d,worldwidetelescope_wwt-website
193,361c873e6b77058eb5d6e4912cead76c1c4e8826,worldwidetelescope_wwt-website
194,36411f253feb828c32d73fcf9b8cea20826c5e2f,worldwidetelescope_wwt-website
195,365302c45d10e99f2a5a466406ec3a7f01920797,worldwidetelescope_wwt-website
196,36ab39b133409a31314029d262f33160f0aae47a,worldwidetelescope_wwt-website
197,36b488ec930512399782e86fe8d08898abb3c9f6,worldwidetelescope_wwt-website
198,36ec2565caaa12a2f1d3119c344e0029ef6853e3,worldwidetelescope_wwt-website
199,3716f00d7bb00dafdcea06960f90a8bf1dc9ed3a,worldwidetelescope_wwt-website
200,37626888906725a99f56ac7afe1e8bfe4ccea85b,worldwidetelescope_wwt-website
201,3797929238ab44211e7297b417d3b6e950e2ff80,worldwidetelescope_wwt-website
202,37e66d15d097ba66d79bbe4f8e0816ed4f755ad8,worldwidetelescope_wwt-website
203,3826d6f28ff02d229e1091630a5dee1c7ff328ed,worldwidetelescope_wwt-website
204,3857a8b04096b156530b0b383e0eb751e058303e,worldwidetelescope_wwt-website
205,386c58d95b5b4be02f9d7b5a766745e62a2ee5f1,worldwidetelescope_wwt-website
206,38b60408c0539aa0b4e10d1e9ad8477ff96006fe,worldwidetelescope_wwt-website
207,3995f31e8bf7b9d13dcacb45c7ac58a2a7270572,worldwidetelescope_wwt-website
208,3a3a70520aea1802358ac041b22a5ba91009894c,worldwidetelescope_wwt-website
209,3a463c4ba5fea5f8768c28d1d258a7e90b033e7e,worldwidetelescope_wwt-website
210,3a87b39810eb44dc8bca38134e4d2f97890caba4,worldwidetelescope_wwt-website
211,3a89980feb57eb420215a5df5d3cb6b4519c2633,worldwidetelescope_wwt-website
212,3b31f9b735f394b23fdbe26d261546123232f51b,worldwidetelescope_wwt-website
213,3b6775e12dfe35f51fbf1fd4a3dbd58a70a5e8d0,worldwidetelescope_wwt-website
214,3bb35ba0cb09dad620b46a529c62aa5e49069bf2,worldwidetelescope_wwt-website
215,3c9ff2f7cd282dca28ffaf8ccd1990b9740e39ab,worldwidetelescope_wwt-website
216,3cc93f973596d2925adda1842fd7f5f1c5914518,worldwidetelescope_wwt-website
217,3cf10bea03db6e901c74df0f723a53fd4b2263bc,worldwidetelescope_wwt-website
218,3d0cce4d2b97595bd01ba5b4640198c982d7b7e9,worldwidetelescope_wwt-website
219,3d975fc5857a6eb47629f47719ba8bed752d1e34,worldwidetelescope_wwt-website
220,3db82289a5972629fa849ae1e381950557cfc962,worldwidetelescope_wwt-website
221,3dd5eaea759f3b6003c3ba0766264463764f67fd,worldwidetelescope_wwt-website
222,3e9a8ba507526f56b5ed1862028e411436ee5b8e,worldwidetelescope_wwt-website
223,3ecdd55d21bdd5b2f24294cbfec048eeeeb714c9,worldwidetelescope_wwt-website
224,3ed4b7fea9ac4524f248b82fac94c700145927a8,worldwidetelescope_wwt-website
225,3f3ba1efb5e487e61157feb092e7a85b0b46e01d,worldwidetelescope_wwt-website
226,3f6ea2f990c0e93c255d09aa76ce26b15ec499de,worldwidetelescope_wwt-website
227,3fbaccb123321cb605bbdd09f5fd80be09253fc8,worldwidetelescope_wwt-website
228,400ffa2a95daa933de19a23f4b1cd6e652cc27da,worldwidetelescope_wwt-website
229,405a8e90ffe306f2275e8605c0df80cde2bb7894,worldwidetelescope_wwt-website
230,40cdf0162400add4d6b512210d190f3329307aab,worldwidetelescope_wwt-website
231,4159a88251db3b947fe9f470dc87c8a57193ec54,worldwidetelescope_wwt-website
232,41782424c07d187f9c2ed53f168ea3fde1d0379d,worldwidetelescope_wwt-website
233,42378afd2988b29ff11aae054ac6551b39012d78,worldwidetelescope_wwt-website
234,425c225bccfd0096479d5d22558ffddf983f1da4,worldwidetelescope_wwt-website
235,42fbf8674a3306fa9345d4055d447e4d5b527c2c,worldwidetelescope_wwt-website
236,432ad28931a80ac159750093950a8873b3d233d2,worldwidetelescope_wwt-website
237,43c641a58ea08a491303da71a4da6eff10cf49cb,worldwidetelescope_wwt-website
238,440b40c52b7e62eb1e803ea8c241e0190007ecd8,worldwidetelescope_wwt-website
239,442d91c9b4d37966cd89b7975dd55a295c2921e0,worldwidetelescope_wwt-website
240,444f280b503a4bdf05b0e3c7cdb35370f9435306,worldwidetelescope_wwt-website
241,44b481cb6073fb6a0ee342f55d8cec37a13ed14f,worldwidetelescope_wwt-website
242,44d672ff9bb042508065d955e625fe3c36ac3f73,worldwidetelescope_wwt-website
243,44dd41843eaf3a247cd67608d2b995cecde32b7e,worldwidetelescope_wwt-website
244,4526aaed21d764b4a95b749cf130c3b002c22567,worldwidetelescope_wwt-website
245,4566b831c34bf070f862798715ecaa4f86b8681e,worldwidetelescope_wwt-website
246,45911395fe4052a22d62f22f039b88a21f6085b4,worldwidetelescope_wwt-website
247,45befb8a7033c4dd7da7b9153754507738eb8c51,worldwidetelescope_wwt-website
248,45eeaee30717bb807091b886abcb13eccb792fcd,worldwidetelescope_wwt-website
249,464557c335a4e8e91b56b8267992b8df16566671,worldwidetelescope_wwt-website
250,469cb3c61976e2ca17e2d98c853b1f69db9cb91b,worldwidetelescope_wwt-website
251,46c356668943e5b974553983e3ccaf97c0f8442d,worldwidetelescope_wwt-website
252,46de60ea081998c9a7e90fae41032d275792a413,worldwidetelescope_wwt-website
253,470f4b6133047ad8fbb334d7a4ea706893762159,worldwidetelescope_wwt-website
254,4721301ca0690d9d9fa6a18499a82362092cb53d,worldwidetelescope_wwt-website
255,4765e776b70ba8abb6e5331f25e4526325aef401,worldwidetelescope_wwt-website
256,484dfcbd33ea82b20de4c35dd1ad3956b513e258,worldwidetelescope_wwt-website
257,486a79f6cf3f10af71d1349942ef17c1461c091d,worldwidetelescope_wwt-website
258,48c1d7e7b20e50968f47fd8a46e815bc9ef9fc52,worldwidetelescope_wwt-website
259,49a478f078c528dc268b1ccc7807572cf121a4b3,worldwidetelescope_wwt-website
260,49c901df2bfb82ca78dd9c7ee2cce4e1c0c24926,worldwidetelescope_wwt-website
261,49f592127d77e689afeeabfa7542e6bea6bc26ba,worldwidetelescope_wwt-website
262,4a345fea1fd4d619518abd40ac495464876f3f3f,worldwidetelescope_wwt-website
263,4ad3b81730bbe7cfdb45fdbcaee9a13ba39b8598,worldwidetelescope_wwt-website
264,4afc090c0651083b3aae36c69e330e2a73d43876,worldwidetelescope_wwt-website
265,4b34f89cf4b7c127d538515d4233dc95fbaa9907,worldwidetelescope_wwt-website
266,4b460ae598705ed85e26f9e0a49d2c24cb811afc,worldwidetelescope_wwt-website
267,4b996791ba65f14b5fa15cd7c3fb1752e5571e3b,worldwidetelescope_wwt-website
268,4bbe918be1ed12e3bfd4c325c3a2516d916566c6,worldwidetelescope_wwt-website
269,4c0441dfa6a553ea8c9dc58d1b109337f0cc8895,worldwidetelescope_wwt-website
270,4c127e6c8d4ac8cda59203e8025bce2a2807d29d,worldwidetelescope_wwt-website
271,4c753b95b086c4b6af00aa7109178fa041ff552e,worldwidetelescope_wwt-website
272,4ca889a55ddc3b5cea8d71536152e03646058a77,worldwidetelescope_wwt-website
273,4cb47b4529cafd581eba909bda7cfbcdb50fce1a,worldwidetelescope_wwt-website
274,4cc64cff6cb3e4a633dd1d82d03048b207583aa7,worldwidetelescope_wwt-website
275,4cd3367a6d80d15764190942887208a79ad19eae,worldwidetelescope_wwt-website
276,4cd88b7b1b961dc9adc81f8821f3dc709d7310e7,worldwidetelescope_wwt-website
277,4d365d3409bbd71d9778adee53fe5164e6beac0e,worldwidetelescope_wwt-website
278,4d6eb760b387efc26ec1c4e12069cc289c91311c,worldwidetelescope_wwt-website
279,4db199c1b66ee6f1f1bb42a1b51e9384560a496c,worldwidetelescope_wwt-website
280,4e16976f40f0f3d04adcc10b63bd1213ebc4fd13,worldwidetelescope_wwt-website
281,4e8b3cb6068abe42d75637bf0e43ce40dc8ae5a2,worldwidetelescope_wwt-website
282,4eae398f06172fa45ec9ed43bc034e8f7773f616,worldwidetelescope_wwt-website
283,4fa2291edabcfa653dd5d491126622762181fe6a,worldwidetelescope_wwt-website
284,502f558228a0d96089bd436216fa6b42c89eb255,worldwidetelescope_wwt-website
285,50b8f8add10a41cb60b48aaf98b864c5b7366d22,worldwidetelescope_wwt-website
286,50d824462b36296949b0736ee30f20b453682214,worldwidetelescope_wwt-website
287,514709057249f250c21ba4be87635c7aa00fd73f,worldwidetelescope_wwt-website
288,51543129568dc5941a0a8fec25a76ecf21288fe7,worldwidetelescope_wwt-website
289,515ec86ec1305c109638c3ce9aa5d94fd6c49fed,worldwidetelescope_wwt-website
290,51bcc43a67e0b320a8c118eda68b0fde5aae132d,worldwidetelescope_wwt-website
291,523d89abd4b6622f2bd0fd1d7d3bb3d9d0981898,worldwidetelescope_wwt-website
292,528aa68a1f65409d5ead3ddf8149697693fe1f79,worldwidetelescope_wwt-website
293,52b52cb5aa1739dad3ea248c937340f61f92c2a1,worldwidetelescope_wwt-website
294,52db26a72097520c3441f28bee6e896e0ef750e7,worldwidetelescope_wwt-website
295,53972bf2dbc10edff3c7ffffbb523e39b5aeb0e5,worldwidetelescope_wwt-website
296,53f9f50a5a15e5dc6aba4a3dd096bafd1db35a84,worldwidetelescope_wwt-website
297,541827ae539da71c6dc9c040551a7f928f1a4264,worldwidetelescope_wwt-website
298,5435b462e0450ce6fe1faa2c423172b6658b6b12,worldwidetelescope_wwt-website
299,548b1563c76905f6b0491d6230208ac1f471377c,worldwidetelescope_wwt-website
300,54ae4d6380cf021026e04e16ccd9c6a9d7c5a573,worldwidetelescope_wwt-website
301,54c47780a30a6b0835e766d484f5f593103c20a5,worldwidetelescope_wwt-website
302,54c51b271ecb44039db076527cb87658fa875602,worldwidetelescope_wwt-website
303,54cea69e52131067117fc9833f141c3237683861,worldwidetelescope_wwt-website
304,550705e403b693a921ec71b5011f139ee25cdaae,worldwidetelescope_wwt-website
305,555575407ac96805e846139c0826b44b2046d9e0,worldwidetelescope_wwt-website
306,55581abf81202300d91ba8df3ece1bd664a04046,worldwidetelescope_wwt-website
307,558bb1294c02d06edc19f3cba558e2ecdebd7593,worldwidetelescope_wwt-website
308,55d233f834047fa7f50b700d907c6876c2808b43,worldwidetelescope_wwt-website
309,566f169207d074eda5780d960ecb7bd75b431271,worldwidetelescope_wwt-website
310,56cae684cfa403de12d9ae134461cb033d676e33,worldwidetelescope_wwt-website
311,56e9ca9db3dce17657f79a641ab4e5ebb021882b,worldwidetelescope_wwt-website
312,571253834b427c9e7dd6e7c9f9195d9952c0d7bc,worldwidetelescope_wwt-website
313,57e4fc1099aad3a090d524ac96c101632ce245ea,worldwidetelescope_wwt-website
314,57ec1d54aa649d85b6deeea6fd8e9295c1bd1aa5,worldwidetelescope_wwt-website
315,580b94e81ceb7c88c4ae445238081f6a9e294409,worldwidetelescope_wwt-website
316,585790dd16e2fe3abb9836369082807418b618fb,worldwidetelescope_wwt-website
317,58835763f836e7a78c9e1a6e4def41c0b51c2139,worldwidetelescope_wwt-website
318,58cce71b929a5003c7b84a44f49a5b43e32905eb,worldwidetelescope_wwt-website
319,5a15d4df33daff404dd28fb30230bafe44392c99,worldwidetelescope_wwt-website
320,5a3ce243687dc44a2318827c5b5f4489b90b3def,worldwidetelescope_wwt-website
321,5ade2e1d783ffa0700f1774f4ac1b2d77a539a28,worldwidetelescope_wwt-website
322,5ae2ba3028445716bcf98173c025d70714fad08e,worldwidetelescope_wwt-website
323,5b027075b2aebb7bee0007f5ab725a03750e3579,worldwidetelescope_wwt-website
324,5b21876529d26fe076b4c8b2556db935b2e414ad,worldwidetelescope_wwt-website
325,5b315d9158e450c6149a34f1ce545281549cf2e6,worldwidetelescope_wwt-website
326,5b358e5d53961c84619b3a0fa90c3a58801bd1d8,worldwidetelescope_wwt-website
327,5ba0aa9e30c4dc74021398a411bf51751da2a038,worldwidetelescope_wwt-website
328,5c67f80ac236e9046278b696cd008de3eaa71969,worldwidetelescope_wwt-website
329,5cc95d0e79e328ab509fc1a4b3a5b691c23c5783,worldwidetelescope_wwt-website
330,5cef2f8474cad62fbb54cd3c460b271e71018721,worldwidetelescope_wwt-website
331,5cfcb2d7cfb0764bf06b7c56ad0deb6a48e2a237,worldwidetelescope_wwt-website
332,5d9171362885a02d3040f3fd0ef2482a5f449d8f,worldwidetelescope_wwt-website
333,5dcb9c833253a5cac812830143ac47e2b2a07f79,worldwidetelescope_wwt-website
334,5df2ffa405be0ffdc986e9407ba81cdda2b4c384,worldwidetelescope_wwt-website
335,5e2e8e5f07cd233d68afdf70778184a88b194ba6,worldwidetelescope_wwt-website
336,5e398c75afec1f91ea73f4eefd409835957a007f,worldwidetelescope_wwt-website
337,5e49899c6d18ea6884a75be8a56a6a1707757757,worldwidetelescope_wwt-website
338,5e59482000e3c18b92b522062cfa2c6eb94fbd3a,worldwidetelescope_wwt-website
339,5e74703b657167995649b3fb180e602e55de3b9a,worldwidetelescope_wwt-website
340,5f06c43d43c5fc8747fe603b22a73b4bb45e81f9,worldwidetelescope_wwt-website
341,5f12ab6521398c5d988333df2e90830fed39bbff,worldwidetelescope_wwt-website
342,5f55168b360263c65789ffcb44d23b0183dcbc9e,worldwidetelescope_wwt-website
343,5fc6b41e08e925ce809b7fa3bc40fa23a3407cac,worldwidetelescope_wwt-website
344,5ff626a667f8b34b8355da984aff65b259763de5,worldwidetelescope_wwt-website
345,6004e5d52a9ba99cce1d4806fc1fb0687167cf82,worldwidetelescope_wwt-website
346,6036210e552142ae09a4316837db8eb3925cfd20,worldwidetelescope_wwt-website
347,603d9ede18df0c6618d5d81c3fd7ad4a2c84fa65,worldwidetelescope_wwt-website
348,6043714126939685cefb457e8a881b704788bca1,worldwidetelescope_wwt-website
349,60abbe3e1b090f1c8458466b112c1f07d758408c,worldwidetelescope_wwt-website
350,60ffed596dbad90e128cf2c959eaa6023110e772,worldwidetelescope_wwt-website
351,610ce6a6ecb036c063fb63e52f935968a768ad26,worldwidetelescope_wwt-website
352,61776880a6f87a28d997e0e4ffb35ec39249a8d6,worldwidetelescope_wwt-website
353,619e03a477e981e37a2d2a3747f11dcc137929ae,worldwidetelescope_wwt-website
354,62dffb6952bafd833378d3700b12dece2538caf0,worldwidetelescope_wwt-website
355,631c826fbc0d609e05abcd48733fa970dc841cb2,worldwidetelescope_wwt-website
356,6358d4bea7feea73f6d696a6cc98033f30654c61,worldwidetelescope_wwt-website
357,64462ba3d6a0cdddbfb79ee7995ada83ac5d73d2,worldwidetelescope_wwt-website
358,645509eb94d1978e6e2ef4ad38f47e23908749f0,worldwidetelescope_wwt-website
359,6468e0edc64c89e078eea9ebe650785a8384042d,worldwidetelescope_wwt-website
360,64750bd28a237a447b07f3e062013d828a837317,worldwidetelescope_wwt-website
361,6497da88de4dc1840142873cfbe20075da42a3cc,worldwidetelescope_wwt-website
362,654391d41c353c4737b52da177f9773c89f0813c,worldwidetelescope_wwt-website
363,65716ebf54ef5b2089cfce5cf6e153a6b879ce5b,worldwidetelescope_wwt-website
364,6572110df85169ae4c667891faa986007107d017,worldwidetelescope_wwt-website
365,65b4a8e507d51b163dd066bed929cf58769a15d0,worldwidetelescope_wwt-website
366,65c22eca24294e4f88f5e05ccc47ebf52c0cc26a,worldwidetelescope_wwt-website
367,66302fdd5d617561d0490159ade25503f574cf6a,worldwidetelescope_wwt-website
368,66d14e24631fba8b06c50766d355b8c8effd1164,worldwidetelescope_wwt-website
369,66e8c4d6a0f8a8137a27ec2e5060cf2720232eaa,worldwidetelescope_wwt-website
370,6706c4362624cc3482f07d4768c4bb2694da3010,worldwidetelescope_wwt-website
371,67dfc6bca4cd964f67b7eccfb99814a0acb17e5c,worldwidetelescope_wwt-website
372,681323b8105db2faa6892b855aae994fadd3b664,worldwidetelescope_wwt-website
373,683355f8731008b70c1c08e8f04b00780735e1a0,worldwidetelescope_wwt-website
374,693f99d9441a2dbc2acd23943d4f464ebb3728e8,worldwidetelescope_wwt-website
375,69b1a85a76dcc53fba5b13559a8a25e8f4cd23ef,worldwidetelescope_wwt-website
376,69f02698eeec9addc1eb9544ccc64a89b1fbb883,worldwidetelescope_wwt-website
377,6a383bc82a784e7f01bc3513b0d4b09c6be7a7c4,worldwidetelescope_wwt-website
378,6a6649387b306abad2455d79ac3428ea6de4a9f4,worldwidetelescope_wwt-website
379,6a706bb81314e17c45963f590948632fddf976d1,worldwidetelescope_wwt-website
380,6ae0c7006c18259afb6a53109953237c3b5085b1,worldwidetelescope_wwt-website
381,6ae6e79f5c8c9b3d17d1f5b80fa531ac11c3a7ce,worldwidetelescope_wwt-website
382,6b380ca424bfa3139b53ee08cfa759a04992b0bc,worldwidetelescope_wwt-website
383,6c172ee7845fc194ed9a9ec823537d2fe3a4ce71,worldwidetelescope_wwt-website
384,6c442e7cb2495baef0c314b237a5a2260a7a666e,worldwidetelescope_wwt-website
385,6c4eb79d8e34f72a5a25b219476c5d5672b22cd7,worldwidetelescope_wwt-website
386,6c79d0cc587aedf2a6fa1101997db72090ab4c3b,worldwidetelescope_wwt-website
387,6ca23c4acb752cb610e73bda328ab6606b8f807d,worldwidetelescope_wwt-website
388,6ce6859765a305b008535794ccbab34e03294f4e,worldwidetelescope_wwt-website
389,6ce965296dd32cd2f06c18b98bfc9bd8d259a0b4,worldwidetelescope_wwt-website
390,6d4eb67600994e36f38a01dd5822a447edf99c2d,worldwidetelescope_wwt-website
391,6eeed2e36cc391b1bbe0148676419a08b80abb8b,worldwidetelescope_wwt-website
392,6eef302a82fdcffc4e7bb94932654e9315efb1c6,worldwidetelescope_wwt-website
393,6ef0c11c44a64ffda9442da2e6e0c8c77cea16a6,worldwidetelescope_wwt-website
394,6f575114e9a873eab406ad5368ed8051835e034f,worldwidetelescope_wwt-website
395,6fb189345e9b74d1d3d25fb5a9794f1b4d6d8d02,worldwidetelescope_wwt-website
396,70628751f48b7a9b4766745b387e22dc92bb1a82,worldwidetelescope_wwt-website
397,70ed7148aa3ea37c9bfe6c746d44c1c75fbccc18,worldwidetelescope_wwt-website
398,7148f75ce4f8a0f851e841af20ce44e4be94ee74,worldwidetelescope_wwt-website
399,71627f1e37d4b3cede44c961a3427564671b9fca,worldwidetelescope_wwt-website
400,7180c14d80605e9aefc6bdaab1c8d360ce5c90cf,worldwidetelescope_wwt-website
401,71dfaf3c24d6e704506d73bc8833fc8ec413ed47,worldwidetelescope_wwt-website
402,72560f9a966132dc0603bdd738ab1c98b6422c19,worldwidetelescope_wwt-website
403,72573d8b57bdb604f22ede87d6bff62f16c885a3,worldwidetelescope_wwt-website
404,7292cd5b9066df5c1ddc1ed2dfb72bad12778e6c,worldwidetelescope_wwt-website
405,72b21cd1518adfe37bbea66a0d3e5e526fb5628f,worldwidetelescope_wwt-website
406,73192271c2dbc93f48f7f296261e8ae197eebcd1,worldwidetelescope_wwt-website
407,7320e7b17db4ec116a3f09e99a73c44024153090,worldwidetelescope_wwt-website
408,733b1df4593f02b1b23a5b58e028e6c146192e77,worldwidetelescope_wwt-website
409,739b55aa6f535be40f5d5439eb84d2f8a32068e5,worldwidetelescope_wwt-website
410,73f61ea9f0174c4c982f2b2aa3d8d4ab2ca80359,worldwidetelescope_wwt-website
411,7479f1da8e630a3539c8ce3c7e3748cd3618adca,worldwidetelescope_wwt-website
412,748175f43c9628aa54f409acb79674b6e1bcba0f,worldwidetelescope_wwt-website
413,74aa51077f80ba01f362e6678d2d7d24579332c6,worldwidetelescope_wwt-website
414,74fde26b3886795bfbd51514c51a1e0d2c0ff5a3,worldwidetelescope_wwt-website
415,751ba31e49f3effdbabac5315e9ad61c6b9bb684,worldwidetelescope_wwt-website
416,7558fda7fe48ea4123208eb728075cdf2f395810,worldwidetelescope_wwt-website
417,755b5b5c86b196260cff18a30805a8eb04ca0caf,worldwidetelescope_wwt-website
418,755dfb526dd5bbb1b434dafb0c56757f2cba2b18,worldwidetelescope_wwt-website
419,75efb26f647483789f8c0f80d64fe9091c63d4d4,worldwidetelescope_wwt-website
420,764c2dca629a5f532aa439effad677ffe635e383,worldwidetelescope_wwt-website
421,76d775f4fb357b27b0754296ad7ee27e34a96780,worldwidetelescope_wwt-website
422,76e00c8a9b5bea824013e0bf697dae9fcb369b11,worldwidetelescope_wwt-website
423,7739456e6005fe1dabfca5471f596db3196d1a8b,worldwidetelescope_wwt-website
424,7797f9e101f2750b717630dbafb17e193931bc81,worldwidetelescope_wwt-website
425,77c5ea4ab26518895991151d515ce1b9ab9581ab,worldwidetelescope_wwt-website
426,785adbbc4208564f995b11181382bd3b14dae71d,worldwidetelescope_wwt-website
427,78a42391119bc1b14ac68550a6a39342c17e955a,worldwidetelescope_wwt-website
428,78cd869083e2d5444fd3feccd085e5b0f492a3b2,worldwidetelescope_wwt-website
429,78d42d3880a3ddacb388933d0335c5f60049c889,worldwidetelescope_wwt-website
430,797013bb35c9e7e9e164ddd31b3d6bf8e35f8189,worldwidetelescope_wwt-website
431,797d6bfeeafb1c020ab9f435c15772b1aeced832,worldwidetelescope_wwt-website
432,79afba6b5210465f94edc8e6837ece586a2426e6,worldwidetelescope_wwt-website
433,7a382d689b6f448f84b3123b7a7542f772ca67b3,worldwidetelescope_wwt-website
434,7aa674ff1fad9ebe081d83f192509cec64796dd4,worldwidetelescope_wwt-website
435,7ac0fb7dcaa93cbedb597a3a607c4f541b1b8ac7,worldwidetelescope_wwt-website
436,7b7e2d43ccf31a3ad471c7b0f6ecdd3b074b1f18,worldwidetelescope_wwt-website
437,7d45be01ef2c9336c4c539d3cfb960f8bc4c3c93,worldwidetelescope_wwt-website
438,7dcec7d1af9d988cefe613b2232c8bd9ce6b8c15,worldwidetelescope_wwt-website
439,7dd27a6bbe1911004c754f368b0954c73bb56a0c,worldwidetelescope_wwt-website
440,7ddde7f77031dbfbd0c33eecd0c549dd505592ee,worldwidetelescope_wwt-website
441,7def32ec1a5a4a0d0ca53591ce34facbea24749c,worldwidetelescope_wwt-website
442,7ec37b38d609e9f6729689cb66c5fc37d42a2eef,worldwidetelescope_wwt-website
443,7ee452be398daa87eb091edeed4ee78c55ba74eb,worldwidetelescope_wwt-website
444,7ee58eb9a726f60f2d3eb26fc7678e931e5dda46,worldwidetelescope_wwt-website
445,7f7067dff661adf3928659237cbcfc9fbe026ac0,worldwidetelescope_wwt-website
446,80a475aa0633fb6b4706a11d4060c95eca0346db,worldwidetelescope_wwt-website
447,80b6a1d4574126320063c77aa6430e3dca06df08,worldwidetelescope_wwt-website
448,80c72e4c6b6d231e988cdf2e5524ca605fe4ac00,worldwidetelescope_wwt-website
449,80d5f35c145d4aec8e40442f7c30c2aa442d9ab9,worldwidetelescope_wwt-website
450,81417d365a91d1410c4002d5d9f3f03b5def3fa1,worldwidetelescope_wwt-website
451,8150260ba358399b603ea36993db3f4eb971ad66,worldwidetelescope_wwt-website
452,81a1c6bced2b599169f98030dedf3bf5ceea3ee8,worldwidetelescope_wwt-website
453,81da96b6096f552f23b51c909de30e4990829c66,worldwidetelescope_wwt-website
454,8272fbf1e12630f96286814ece5134e49a6b778f,worldwidetelescope_wwt-website
455,82d9f2b0e7126640f5e2911715bc273a12cc7146,worldwidetelescope_wwt-website
456,832a4b560b0e0d44f10ced3e6bb8272122eee1c7,worldwidetelescope_wwt-website
457,83e000268c4632be9415a07204e167e5f7641589,worldwidetelescope_wwt-website
458,8412f5232f305f8bb56000970c836f26df9195c2,worldwidetelescope_wwt-website
459,8433a51f252d2abcc0a23c05710cd239735e9753,worldwidetelescope_wwt-website
460,847e631715dc71686e289130fe3b1ccdf0569810,worldwidetelescope_wwt-website
461,847ead7125ddb932354cd5c9cbe42241886141e7,worldwidetelescope_wwt-website
462,84962d61373ae716f5af5410258fe4c903c6caa5,worldwidetelescope_wwt-website
463,849c54522590e829bab61732a981ee67b8866398,worldwidetelescope_wwt-website
464,85542e344dd5b36970c9413e71ef798f66b4e91a,worldwidetelescope_wwt-website
465,85a1880081f7e91d3797689e901ad275b83f7dcd,worldwidetelescope_wwt-website
466,867a3219e61fe6aeb97b0ff98aae3ae77bfd1a9e,worldwidetelescope_wwt-website
467,86814a79fb5d3eb10631405db323e8b80c391c7b,worldwidetelescope_wwt-website
468,86a4518154380bb3553bd1d68e1d761a34c25901,worldwidetelescope_wwt-website
469,86d49f7e69d32ed949fa9e28b5563d3c332cc283,worldwidetelescope_wwt-website
470,87371adad08dba816662d6d14aad40de19bc2447,worldwidetelescope_wwt-website
471,8737f6852337e546e225a7711d0e00f3fdc28c31,worldwidetelescope_wwt-website
472,877d71bf5ba0ced810db93817d3282923b91d745,worldwidetelescope_wwt-website
473,878fa4523e752b376ccfe562b585f4c57cfc3949,worldwidetelescope_wwt-website
474,879eeae2e04a46f5c9a11a42d21090fd8064107b,worldwidetelescope_wwt-website
475,87cb51617d436aa05552601794174afdfae7e407,worldwidetelescope_wwt-website
476,87cc31aae1bf4cf1d21def93c6168538cff8c1d6,worldwidetelescope_wwt-website
477,87e641582ff79bd73f90991d69efb090fdea597c,worldwidetelescope_wwt-website
478,88074939e70d3cf6d26fe6a3b6754347e092effb,worldwidetelescope_wwt-website
479,8815e5582eaf7c9a9bab69a4af427a4c921f580f,worldwidetelescope_wwt-website
480,882dc0a248e132d6ff0f358098581f63f476d232,worldwidetelescope_wwt-website
481,882ddaa141d8d122f047d770f73dfd516e219ecb,worldwidetelescope_wwt-website
482,8853a7f540ae91792c903f0e704a2c86f97e47cf,worldwidetelescope_wwt-website
483,88978527d53cca42e758e1e82fc793b8dd2366ad,worldwidetelescope_wwt-website
484,88b1b295fa203ae37f6929e08b3b47eac0e99756,worldwidetelescope_wwt-website
485,88e32e806de6c5361e7b2b541d583e27caa93481,worldwidetelescope_wwt-website
486,8907462a9bd754e2593d281eb9254ecc87f62be4,worldwidetelescope_wwt-website
487,89d867a5f63c1a0d402cd284c2c4d6b50423e405,worldwidetelescope_wwt-website
488,8a71739874a9ec33f45da312559331c586afbca8,worldwidetelescope_wwt-website
489,8acfeaea5c852cd03795dfc68cf56775df87eade,worldwidetelescope_wwt-website
490,8b84f7793ca9622731a22d624612683ce0601556,worldwidetelescope_wwt-website
491,8b90b2d15b78f7e2b0b3a9d8b30c874872c3bc88,worldwidetelescope_wwt-website
492,8bcc8581deec4f7b68a933e930b4ffd8192e813a,worldwidetelescope_wwt-website
493,8bfe935f459d7f36303e72acbc6788a827150e48,worldwidetelescope_wwt-website
494,8c11af515f2111ac27fd1d58f3dda8938f3538b1,worldwidetelescope_wwt-website
495,8c59dc9bb8b64239d8d198fb223fab56616eacb0,worldwidetelescope_wwt-website
496,8c926c992294ae09927b96fadf2aefcf744c7c91,worldwidetelescope_wwt-website
497,8d859eb8881887a5849b13531e3ed01d0e4cd611,worldwidetelescope_wwt-website
498,8dc993abe7c9f63b80cd26c5cc0c687c11b50b69,worldwidetelescope_wwt-website
499,8df254a9448070b2dcb2136a85498d45517fa763,worldwidetelescope_wwt-website
500,8e249b9344e396b3c681abbf6a0683b6fed53c3a,worldwidetelescope_wwt-website
501,8e390917bec1f039fed863b44120a48dadc96fe8,worldwidetelescope_wwt-website
502,8e604aabadc71e596aed1dde1a901db0478b79b1,worldwidetelescope_wwt-website
503,8ec907b01c6362381396938ebeda24d8c1a7e792,worldwidetelescope_wwt-website
504,8ee2a9753374e4a338fbcad8ea7caeab38cff6d0,worldwidetelescope_wwt-website
505,8f3c033486c4af6c112a4d0e38cf31dc4ec43cfa,worldwidetelescope_wwt-website
506,8f5045b92a7ab69b4bc8a466807ee262e6f216ae,worldwidetelescope_wwt-website
507,8f9c992dad1144d7a734adff69dde30a94c6dacc,worldwidetelescope_wwt-website
508,8fadf90c0c885566c1848e8e60411d6c098a4df9,worldwidetelescope_wwt-website
509,8fd48612afda0ab6afa73a75515c720c7230e88d,worldwidetelescope_wwt-website
510,8ff750de2f74180e41d4a81cfc76921f8901655b,worldwidetelescope_wwt-website
511,914a84773e0045b3289e006989b6a1209fd89879,worldwidetelescope_wwt-website
512,914e9f3a22a6aacfbe3574e36b60af8481983397,worldwidetelescope_wwt-website
513,91e0e271e2c2ef6708005e74648f950cc9d11625,worldwidetelescope_wwt-website
514,9278869e3aab5df4a84cc55e8c1fff11bbea23bf,worldwidetelescope_wwt-website
515,928f6e17bdd4e9a6a13e5ff18df12143ab788dd8,worldwidetelescope_wwt-website
516,92ada62368440b055c1ef3cca0058f514318f7b6,worldwidetelescope_wwt-website
517,92b57dc3e7d566e78256e6b4c9ab1c51e77eee6e,worldwidetelescope_wwt-website
518,92d27f6348fd1452417e5c06bb3e402d460a2205,worldwidetelescope_wwt-website
519,92d5b6b5fe8f09c6742ca99b20b2fe3b76da639d,worldwidetelescope_wwt-website
520,9372072dbe1a68ef06e61cfb5f2c8f10a6e31edf,worldwidetelescope_wwt-website
521,93b31d934f7db5a34cd9e31615fbfc36fb743339,worldwidetelescope_wwt-website
522,9425252e72954049fac6684bbeb3cc9c659cd091,worldwidetelescope_wwt-website
523,946db624344643875adf7a844ad8d7c3f1e1f6a3,worldwidetelescope_wwt-website
524,947e530175b761f393d130f11f2b18aab05e32da,worldwidetelescope_wwt-website
525,9486b7b4880578de62bde38f3c8b7066aba4915f,worldwidetelescope_wwt-website
526,94f0b2b71ca2221b488bf492febeb6207ce5768b,worldwidetelescope_wwt-website
527,950ae15d428fd54c4c4d7899a333e31336ecfee3,worldwidetelescope_wwt-website
528,950e481b6d33008d9f5d80f247310737f76c80c3,worldwidetelescope_wwt-website
529,95a9d2418ea36b65dbaf784a92cae2ad6c17c6a3,worldwidetelescope_wwt-website
530,95b6ac53a91d58c0600e2bf7e4a022d29c8f4f2c,worldwidetelescope_wwt-website
531,95c97972ce72e5bc99da37246f692537caadf9ae,worldwidetelescope_wwt-website
532,960552d9072e97e7c5431985990acbd632b7eace,worldwidetelescope_wwt-website
533,962a8a8e00eb3fe32ef01c7305c1dd036bb6812e,worldwidetelescope_wwt-website
534,96c284697083a9f3eddf15a51de52b2e77bdd200,worldwidetelescope_wwt-website
535,973cf09fafff5c7ade4d8ee72c1e5fd04f6ae459,worldwidetelescope_wwt-website
536,974dec38fc9c9ecbfdcc3805009895c15ab1c314,worldwidetelescope_wwt-website
537,97580f7c940c7fca833409dfa6df7699daf28a01,worldwidetelescope_wwt-website
538,976aac81f0d3791cd2406715c9e351c377d527a3,worldwidetelescope_wwt-website
539,9799914acd0a863053ca870c1949737832ba85e4,worldwidetelescope_wwt-website
540,97a48fd9248030e0cd4eb7393f59f8f74bb67805,worldwidetelescope_wwt-website
541,97c5d564512c35a41f01ee580eabaf9bfe97781d,worldwidetelescope_wwt-website
542,980f899a1dcd0d0e72c905baaed35c8c2814117f,worldwidetelescope_wwt-website
543,987a6c81b9c964ef276cb956ed857478837cebde,worldwidetelescope_wwt-website
544,9989fde440da88fffb4a7b22f029ab95b4903df0,worldwidetelescope_wwt-website
545,998fd0a48fb2fea7b4de2d0e868c79dd0f090dd3,worldwidetelescope_wwt-website
546,99af01b8720eadf7150cb270672514cf86e27cb4,worldwidetelescope_wwt-website
547,9a72d78673924bba0ea9c5378988d19258f27bf3,worldwidetelescope_wwt-website
548,9a7c42c2c3f416e2c0998731bbb6edd4c5694eac,worldwidetelescope_wwt-website
549,9aa9b9fc1a24e4d4eaa7e5f240d6dddecf5a8cee,worldwidetelescope_wwt-website
550,9ab072b3b66f40421893df6bfc8b5e81a1c79d28,worldwidetelescope_wwt-website
551,9b1f9fb71a2ccbeeb4c928e455e460826487ca48,worldwidetelescope_wwt-website
552,9b2898ccfb84448660693424315e29ed0a7ccc3f,worldwidetelescope_wwt-website
553,9b2f1efa110ee5b7fbf5cd8ce595063562a98e76,worldwidetelescope_wwt-website
554,9b887e1023566efd580ab96133b3fd3adf7daa4a,worldwidetelescope_wwt-website
555,9c1b276b730179fb095b2f8b816f6efea1e46969,worldwidetelescope_wwt-website
556,9cbdc9e1fba5acfaf2b81a13a561b9161fd96980,worldwidetelescope_wwt-website
557,9ceba1d7d092b13f949604c3fc52fd914e6b305e,worldwidetelescope_wwt-website
558,9d0e849e0d74235deb61ce687ebbeb63bba8f579,worldwidetelescope_wwt-website
559,9d33783d3ec52fde1e8c198adf6a8de606c9f15a,worldwidetelescope_wwt-website
560,9d5045360f70cae15ef49c0a45c64c64a1887ad5,worldwidetelescope_wwt-website
561,9d5b53a9890408fbfe16466cd648bf3cc005a78a,worldwidetelescope_wwt-website
562,9d6d8920aa28487d531c77a1d9c081eb53c5d89a,worldwidetelescope_wwt-website
563,9d7069edd23f5f720709401d731dd743e4e9bc9a,worldwidetelescope_wwt-website
564,9d80de7100d40076cfa102512484a073edddc4e2,worldwidetelescope_wwt-website
565,9d9ebe3ebf5e0451cde3f24bbcc6ed1099fd500f,worldwidetelescope_wwt-website
566,9daa9907ebd099c024e057b153c07f88b1efd9ee,worldwidetelescope_wwt-website
567,9dc602f248092a6ab971915e58c18719382cbeeb,worldwidetelescope_wwt-website
568,9e0097a1d9378c81e91f10ed78b728906ab622a0,worldwidetelescope_wwt-website
569,9e20f14bf32424c550a11cb849c0b18bc554fa94,worldwidetelescope_wwt-website
570,9e2b7b30d4ee7d5b3c76beb507785d3822241848,worldwidetelescope_wwt-website
571,9e39f526d5218c4e430190014522c4217f41d397,worldwidetelescope_wwt-website
572,9f11926947da00aa8819789c00ab2a8c0f387689,worldwidetelescope_wwt-website
573,9f638e168322b601c83ea3540fcc2c860a42bfbf,worldwidetelescope_wwt-website
574,9f8d7f37400ec95f56ed9e47927de9d15fd80603,worldwidetelescope_wwt-website
575,a004f1985a0bae8aa47a3221dfc5966a4bb9d07b,worldwidetelescope_wwt-website
576,a02e79cc60c804f036f7d4be8016432924af7520,worldwidetelescope_wwt-website
577,a0ed9bacbbe80124484f74197af0b3a1b0118d59,worldwidetelescope_wwt-website
578,a14d09823ad0c6e9dd4abc00ca3660f451441685,worldwidetelescope_wwt-website
579,a19d93b143af0f519d42315e2756ccecd9264671,worldwidetelescope_wwt-website
580,a1b3df25ea0fdf444f22067d77525cde22df6ab3,worldwidetelescope_wwt-website
581,a25fecaaebc9b213bc78a81e375ad1f3983368b4,worldwidetelescope_wwt-website
582,a3128e4aef8f2ff751731906076646542746915e,worldwidetelescope_wwt-website
583,a317fece6d8baf1c4422baedaf2330a589444fa3,worldwidetelescope_wwt-website
584,a31ad44298a2822907bc0c37ef157521a3e24979,worldwidetelescope_wwt-website
585,a34ff12154a4a3a82d28a714bc6d445dbd511fc2,worldwidetelescope_wwt-website
586,a3533924cca5b507b16237874584d4efe9907440,worldwidetelescope_wwt-website
587,a41cb0923840608472a6d6d91b2cff226aa7ebc2,worldwidetelescope_wwt-website
588,a44985ae15411d343fcfb9dfe173ae1bd9a84029,worldwidetelescope_wwt-website
589,a51bdd497226a993e1308b7333343920885d7d83,worldwidetelescope_wwt-website
590,a5236faa4574216dd0868caf04ee9e0de179da44,worldwidetelescope_wwt-website
591,a5fbc6f78aa4cf99a15240279349c2155eb9f109,worldwidetelescope_wwt-website
592,a695f42f289d91f746b3a1cb705098c715189e31,worldwidetelescope_wwt-website
593,a73baa409dd24119463a8f35bd51d771d1702681,worldwidetelescope_wwt-website
594,a78d4b37239e4bdf8c233585a868952381273ad8,worldwidetelescope_wwt-website
595,a7c6e4f4056bfb15e7925b842192ef45af4c7654,worldwidetelescope_wwt-website
596,a81b0c3da2425b1bd497a096ac8d9253f7107534,worldwidetelescope_wwt-website
597,a884bc30211e10fef07beb9ec71fb40a0d6bf53f,worldwidetelescope_wwt-website
598,a8b6fe2dd9bece6aa45f17a94e3e0fa038f612fa,worldwidetelescope_wwt-website
599,a996cbcace64391bd8835ca1f79a66b7bd987216,worldwidetelescope_wwt-website
600,a9e83cff401739cb50cbf16e9ea4dda1a19acee2,worldwidetelescope_wwt-website
601,a9f2b5e138bc756130d8ba5fddd9e4e58cc62b5f,worldwidetelescope_wwt-website
602,aa266d821cc00c5b4bbe870863ea15822b358cc5,worldwidetelescope_wwt-website
603,aab80bf787ff0dfef2aef7bf86d6bc8b09473c6c,worldwidetelescope_wwt-website
604,aac1492d1bbc8ca7eff2f427f49e79d1e583bb13,worldwidetelescope_wwt-website
605,aac6a61c35e87bb919c9af95ddef220f35cc72bf,worldwidetelescope_wwt-website
606,ab031d98b2a5c5188374ae80fc31b94db397f4bb,worldwidetelescope_wwt-website
607,abd848a3eeef66d7d48cff811e0c1eda4310aa9c,worldwidetelescope_wwt-website
608,abf08a98325c73b8409dcb461b0bfe3bef18ea59,worldwidetelescope_wwt-website
609,ac5a87ecf5b1d8c3532cc81ba04bfc6a2b787ccf,worldwidetelescope_wwt-website
610,acb6ba9f6af94ec60e62b60c7d7f362859e3cf4d,worldwidetelescope_wwt-website
611,acfefa79a149f77bc0d88c2f435032c1099cc1c2,worldwidetelescope_wwt-website
612,ad6694fb09031e85dc5c98163b663d50b2eb7f81,worldwidetelescope_wwt-website
613,adcf637832fc2b170deeee609f19439eb1c84b42,worldwidetelescope_wwt-website
614,adec01d77b4367caecaa199d1627cfdbd58e3f7d,worldwidetelescope_wwt-website
615,ae037bcabbc59d1583f9b01f9f2cee865958b9b9,worldwidetelescope_wwt-website
616,ae11a3e2b07e774becae8ef7f645b5169a20947f,worldwidetelescope_wwt-website
617,ae1b5b43998f15037a1f7c656fa599fc6664a6d5,worldwidetelescope_wwt-website
618,ae20ee77e6d67efd9f68844f4f70c32e2ccdc315,worldwidetelescope_wwt-website
619,ae2d14ca6e5ef52aa80dc6180a2fdb97d00cae2f,worldwidetelescope_wwt-website
620,ae8710ff77938af999d59b40a806a28e17af7f5f,worldwidetelescope_wwt-website
621,ae8900cc69403999bfce45882eb371c86d670675,worldwidetelescope_wwt-website
622,aeb5119458a6ff34b987ddb3a957e5a1726401c9,worldwidetelescope_wwt-website
623,af224e271e8984c108f66897df9d62d7e09bb3b5,worldwidetelescope_wwt-website
624,af6885255a547a0d7729265953ee1a2a035d7004,worldwidetelescope_wwt-website
625,af8fa7090106920d24e9266ecf8be43efbdaa966,worldwidetelescope_wwt-website
626,afed97da7df27e4d5d257f350fa256c4a850dc24,worldwidetelescope_wwt-website
627,afff11ef76298b269f01c152e6946427763e1b02,worldwidetelescope_wwt-website
628,b0209edeb545da01170ee5679f781747dcf61c60,worldwidetelescope_wwt-website
629,b0fee298b089e3268756b9e00c6d8ab8eda86f4b,worldwidetelescope_wwt-website
630,b11df5b7466855afa97e113858656ae3eae1e44d,worldwidetelescope_wwt-website
631,b14157eca84ff4e9f10cd0a9101e931b2b9dd1d8,worldwidetelescope_wwt-website
632,b1d8ca8963588712ddb519aaba9d65bdad568edd,worldwidetelescope_wwt-website
633,b1f3ef26431aaaca4b608211d461e71c7c86c4b3,worldwidetelescope_wwt-website
634,b291592017087390b2d35ef9acecefe3f9b1f973,worldwidetelescope_wwt-website
635,b2e6c1d31a75d02bb3e6b87dc0c536b052667122,worldwidetelescope_wwt-website
636,b2f6474d71b610ee244f9b24e3caf63b75562c37,worldwidetelescope_wwt-website
637,b32e99ffdc4fbae6fe2b1b740c42339c97ad66b8,worldwidetelescope_wwt-website
638,b3f6023b43ebdf21939ef1b15300d0a19081ded1,worldwidetelescope_wwt-website
639,b4537e749e2c476afe22435e8e16a11e9fb9221b,worldwidetelescope_wwt-website
640,b4bed5b264f86d0924b41ab9a1607003cf62fb0b,worldwidetelescope_wwt-website
641,b4fa5b9df93093088b79e63820ce2592b37777e0,worldwidetelescope_wwt-website
642,b5289201ef06e7225eaa9f5b252c429a18f49d25,worldwidetelescope_wwt-website
643,b535d9986d5d670efd596d76386539efac8116c2,worldwidetelescope_wwt-website
644,b547c58b020ef74e93740793eb9d81844cfca3e4,worldwidetelescope_wwt-website
645,b54d7e9d4443b27b887b261883237646b69daf26,worldwidetelescope_wwt-website
646,b55c919f3debb9de1ee99c48def8c125e183ef76,worldwidetelescope_wwt-website
647,b62d95cefc73de259c684c2e9031b36fda2123fa,worldwidetelescope_wwt-website
648,b66f5be5d98c2063c5898aa8a73c5ead3f4589e2,worldwidetelescope_wwt-website
649,b68e96adefd8b5df8a40844a5f403acd2d342fc5,worldwidetelescope_wwt-website
650,b6a37bdc8ea1dbc563e0a812edde4789b62150fa,worldwidetelescope_wwt-website
651,b6dbf36113e5c813a5bcbae12e4e171089999376,worldwidetelescope_wwt-website
652,b744366c543fabfeb69a5a648443b13d39f7c991,worldwidetelescope_wwt-website
653,b7f5e8a9dca78052a3def1c00dac3d289ad086d0,worldwidetelescope_wwt-website
654,b802211df8113ea1023eb063300ce41d56c78331,worldwidetelescope_wwt-website
655,b85a218add77284b490e5914fcacc4e9f8299394,worldwidetelescope_wwt-website
656,b8741fab0d350751180a681cefe4d61bff63fe05,worldwidetelescope_wwt-website
657,b94ec3bc8aa4ae5b24540150386047fd621ee2a7,worldwidetelescope_wwt-website
658,b9ac01f5b35d579d32f247e47c2dd694d0ad6239,worldwidetelescope_wwt-website
659,ba2180bdb9c755e49b6e002ec859823f8e9125d1,worldwidetelescope_wwt-website
660,ba8b581fa2f9b112b82bdf0ccafd51b6135b1cc3,worldwidetelescope_wwt-website
661,baa6ea16536210faf17b816321322f0942ad9d69,worldwidetelescope_wwt-website
662,bac5e4b46cd02dcb17569df46c34a6f5f553e6df,worldwidetelescope_wwt-website
663,bac8a0b7b1a2c1ccf3e536a0e70c82f28f8c448e,worldwidetelescope_wwt-website
664,bacd4930de5ad17b89d0419152327b1142f92492,worldwidetelescope_wwt-website
665,bb0a833035e2e84738a8f632df0d2d2eeb3be0bf,worldwidetelescope_wwt-website
666,bb7dbb9d9768466a68ed4de826d8dade173f9778,worldwidetelescope_wwt-website
667,bb8132c3d61d331f6291df8e9f5da41ca10b2843,worldwidetelescope_wwt-website
668,bbe6628a5c5e530165d2e4766a90dfd72dd4f3c1,worldwidetelescope_wwt-website
669,bc121f7374900c10058e45525370af99331d8c82,worldwidetelescope_wwt-website
670,bc3e665e2306d7cff8bcc0e7a328ebfe08df6c3c,worldwidetelescope_wwt-website
671,bc833116e880e9b423dee4641daa009cc13a69f1,worldwidetelescope_wwt-website
672,bc8553e231580b44ece8682484063a89f67016df,worldwidetelescope_wwt-website
673,bc8bed28cc67668d04e9cc06570a2197405a55e9,worldwidetelescope_wwt-website
674,bcc3317c5a2ea18614c0e5ce72a1f648bb88c382,worldwidetelescope_wwt-website
675,bda8cf2178865b6d7779564bf6d566d55b6bce04,worldwidetelescope_wwt-website
676,be071c64e72f6d27bb944e56bc0087022c8c1517,worldwidetelescope_wwt-website
677,be33f1f978e504edab7db8ff28e31950f0454673,worldwidetelescope_wwt-website
678,be5acfd7e7568a1ef91bfd28902d60d3a77e4d67,worldwidetelescope_wwt-website
679,beb324f457899665202f79695a5f2020d02bba56,worldwidetelescope_wwt-website
680,bee7226f84490b890959cb54fe2f552065c135ba,worldwidetelescope_wwt-website
681,bee91edafa8618204769b8bd342cb904f9a9be17,worldwidetelescope_wwt-website
682,beed48d17a365c5313d01c293148e22e7a2eb848,worldwidetelescope_wwt-website
683,bf417539aee65035c8d34eb82e1b150a17033e39,worldwidetelescope_wwt-website
684,bf54fb46a98eaf851d4f86c35ae9fca31307df61,worldwidetelescope_wwt-website
685,c01c7de7a16540cd18a97f59aa652b4b010e578c,worldwidetelescope_wwt-website
686,c0419b72e0ad00bfc9bc3beeef948de6137ac7af,worldwidetelescope_wwt-website
687,c0785c93bc9868d13f34d3d723e2f5d82349ba7a,worldwidetelescope_wwt-website
688,c0aecda55d759990cbbd7ecf7b53329975ab7fd4,worldwidetelescope_wwt-website
689,c18f64918b28928da34d89bedfd3cf7613676117,worldwidetelescope_wwt-website
690,c28088c3b6ef6617e6c3f27b52fb9182425ef089,worldwidetelescope_wwt-website
691,c352485071a1d9ca8d050a14db85f19ecb066235,worldwidetelescope_wwt-website
692,c38ae053494b3d64cf029401c1348b27e9d45673,worldwidetelescope_wwt-website
693,c397c225cda74220aece09b39a5d43c36e6f8c71,worldwidetelescope_wwt-website
694,c429bd70a268bc6c1789f67487b3f23b4686e252,worldwidetelescope_wwt-website
695,c4afaf9ba3a41573587dd3cb120107a6014ca7d2,worldwidetelescope_wwt-website
696,c533557155f1648148c9362664355a03937c2ce7,worldwidetelescope_wwt-website
697,c5b347947789849aa8a758bd75076e802488a5fe,worldwidetelescope_wwt-website
698,c5da26c0e4037c9ced35dc07a2cb5daa554fb4d9,worldwidetelescope_wwt-website
699,c5f0f57f39f1f250e927f0d1fe38380b46ccad9b,worldwidetelescope_wwt-website
700,c686fc2b104a226ceca76ba5899d7fcca903f696,worldwidetelescope_wwt-website
701,c6d50f85e0d0ead9f41f21e025141595813366bb,worldwidetelescope_wwt-website
702,c6de3b1d25f4298b905e628ea15d5c052347b70c,worldwidetelescope_wwt-website
703,c704ec218e282d46fb68e51d61f47d4046710fa4,worldwidetelescope_wwt-website
704,c7294f2f3a806090a458f8fb075ba7520009fe5f,worldwidetelescope_wwt-website
705,c7a2ae500110920123324374aba2121eb5923fc6,worldwidetelescope_wwt-website
706,c7f80fd196af3fbdbfa574fae0c1c67240052791,worldwidetelescope_wwt-website
707,c840354e8b424931cae5ca87468bcd56313dcee7,worldwidetelescope_wwt-website
708,c87bf1883a83c5d6f0cf5ed0fbea16d70df459f9,worldwidetelescope_wwt-website
709,c89ea57a8b3e0dfdc609ca6d7ce77a722bb15d73,worldwidetelescope_wwt-website
710,c8eef87abc25f083d14b069515a830d97e16fc2d,worldwidetelescope_wwt-website
711,c959be76cab14c0cd90554aa329db5fbde602e7e,worldwidetelescope_wwt-website
712,c9e092bc06975ba58eeb3111834fcb08c4bfb97a,worldwidetelescope_wwt-website
713,ca88c96ada0c3006a3035d6208add06aaef0a8b9,worldwidetelescope_wwt-website
714,caedceed42eb26d9f810ed15c283ba5f5e4592eb,worldwidetelescope_wwt-website
715,cc21fa1639ec02de8ebe90db92c4afd4217b966a,worldwidetelescope_wwt-website
716,cc9b641ca6b321b8cde2edd10d99dce413c8498d,worldwidetelescope_wwt-website
717,cca706546cbe31224b7317793e82025b982ff798,worldwidetelescope_wwt-website
718,ccb3e9ddb051d723a4c2a0720c28247f8b1acecb,worldwidetelescope_wwt-website
719,cd31ac03edfea8a816ecaf6bb18b043548c62da7,worldwidetelescope_wwt-website
720,cd3ac1982adc3ac023db3b505668b7aa39f4b5b9,worldwidetelescope_wwt-website
721,ce17ee446e7f81b93db18b22690724471b218036,worldwidetelescope_wwt-website
722,ce39483f4bb1827fbe2c1cd29488744bc5b56bda,worldwidetelescope_wwt-website
723,ce52c568e00207ac97eb3ad94fa6d343db489b8f,worldwidetelescope_wwt-website
724,ce62eb342f5751b88941ef755b72c31131b13675,worldwidetelescope_wwt-website
725,ce78c89b6bd820d8904cadac6d52e08a88309609,worldwidetelescope_wwt-website
726,cee087c928d2b30062a8ea2397a18b1e2f4ac765,worldwidetelescope_wwt-website
727,cee1b69c5f885388e391fd5cb21ad82999663ae5,worldwidetelescope_wwt-website
728,cf000c345022fa519d90a07c76df24b74aece889,worldwidetelescope_wwt-website
729,cfe750f81726963919599a8af0438bb4e9754453,worldwidetelescope_wwt-website
730,cfee074d9490a3e1baa65e7985930ca4cb00ae2d,worldwidetelescope_wwt-website
731,d0066e11e201f04cf85c603e9f14b0155ccea28c,worldwidetelescope_wwt-website
732,d067eda667fca33887b24d48db4e0fb80da4df32,worldwidetelescope_wwt-website
733,d0a84a4bbb2b1c013b2cadbbc3ef2007dc7d3c9b,worldwidetelescope_wwt-website
734,d0e0bc87fbe16b3db79c857de9832bcfef2cf7e8,worldwidetelescope_wwt-website
735,d0fad60fa6243cd10affa7da598d7445cc42db2d,worldwidetelescope_wwt-website
736,d10e68e10e4618012491550d7dfdfd73910f8e17,worldwidetelescope_wwt-website
737,d1261a6adc521b7aa3a72c343c37427f1e8e0829,worldwidetelescope_wwt-website
738,d141a085fa2fc055cd160696b7b2d7806c26efea,worldwidetelescope_wwt-website
739,d14de04b9688496ffea1b92f0c3a9a276ba89b7d,worldwidetelescope_wwt-website
740,d1ed5fc72192d787868af521da07d91ba11dcfff,worldwidetelescope_wwt-website
741,d1f8bd695e63c5c84c3b6c52e6e3cccf342ad416,worldwidetelescope_wwt-website
742,d20bdb80507a3dd87f5987cba66e9b13133fdbe5,worldwidetelescope_wwt-website
743,d22afa312e607d899bd0ed0be0bb8b450c44d8f1,worldwidetelescope_wwt-website
744,d25b046866a0c96921e5dfc8c48495ddf969bde0,worldwidetelescope_wwt-website
745,d26be43c636d9085aefa6435fcd38db6a30a69e7,worldwidetelescope_wwt-website
746,d2dcc7a56eb0e97d88e45a15db63ff2052223bc6,worldwidetelescope_wwt-website
747,d2f10526f1e222a0ef7a12e987cadd40722f45fd,worldwidetelescope_wwt-website
748,d2f85f6203ad8eeb1937996be837356dd2b7c9ba,worldwidetelescope_wwt-website
749,d31a7fdabfe62b57a2b06b720a6865f4fb15a980,worldwidetelescope_wwt-website
750,d338a4c57dbc8c36ec03da5073ce1ebfee7e42a1,worldwidetelescope_wwt-website
751,d37ecb5483956f1e4313b18b1e93b0a554f694f6,worldwidetelescope_wwt-website
752,d4a72eef0bd24631fde08b847659b8f29cd66cea,worldwidetelescope_wwt-website
753,d4a78600e22c3fff3be309915a3a43fedc625ae1,worldwidetelescope_wwt-website
754,d4fd2dea68879a3b82ae9c8d5650194a0abb1176,worldwidetelescope_wwt-website
755,d518b7cfb3b7c95061956eb6d5b364f189fcaddc,worldwidetelescope_wwt-website
756,d5614d868d27ab260626041b4273f93892b2d1f9,worldwidetelescope_wwt-website
757,d5ac7a84350b4e13203c1104e15b61a666d5909b,worldwidetelescope_wwt-website
758,d615ea5bd8c51c666744d36998f9c7ed1ee73199,worldwidetelescope_wwt-website
759,d651ad0e3e6e7da26e546763b261877f07eccd90,worldwidetelescope_wwt-website
760,d686a24b67078cb6f951c415cd2933cb50d338af,worldwidetelescope_wwt-website
761,d6c8d22800dc641bda7245470223856149c0c49d,worldwidetelescope_wwt-website
762,d7915387f9c400800a6e72ebf6488c98970e3d59,worldwidetelescope_wwt-website
763,d872a1e62c4d87d46f8f2ea880f1752bd8a313b1,worldwidetelescope_wwt-website
764,d8fae540235706089e7916301595513518447826,worldwidetelescope_wwt-website
765,d98a3e362a6eb629b2b194ac410262d0dfd5b538,worldwidetelescope_wwt-website
766,d9accf99b711eed5f63e66467c87300c106503f9,worldwidetelescope_wwt-website
767,da13c11e077c9589d424b894c91c27d42508d6a5,worldwidetelescope_wwt-website
768,da65a432b7fd9759d4495c998032e041092979ee,worldwidetelescope_wwt-website
769,daa74ee51e06af9eabb06e2bda609807398c57c8,worldwidetelescope_wwt-website
770,dadeeeafc4fc4169c704b0850e84eb91842f03ec,worldwidetelescope_wwt-website
771,db06f26286a04487b40341f9902c9136fadc5190,worldwidetelescope_wwt-website
772,db28a354f61b2072b35f0213d22f23f22615ed05,worldwidetelescope_wwt-website
773,db41eabf1736f5e3e82f148ba27e698f43c8ea05,worldwidetelescope_wwt-website
774,dc08759e68632fb97cf492f3610066ee7200b5a6,worldwidetelescope_wwt-website
775,dcc7e56b4d0b192945d1bf64a11b06458c854cb2,worldwidetelescope_wwt-website
776,dcf062de6849d79b983abcbe94279bec6b62dc61,worldwidetelescope_wwt-website
777,dd29bd1f06c1f8a2447cf1ddbbc8680c39c83c5f,worldwidetelescope_wwt-website
778,dd9646adab7755a495a6fca41f39e5e140d9ec09,worldwidetelescope_wwt-website
779,defeaf69e364efbc5a3a89c7078840b254d58cd2,worldwidetelescope_wwt-website
780,df0c8de67f812f060007280ab8cb046dfb9ea8d7,worldwidetelescope_wwt-website
781,df152ff98862dfbdc8a08a8940e4ead91069cd33,worldwidetelescope_wwt-website
782,df1fb517c1f48e33baf19515e1da158b7d8914b2,worldwidetelescope_wwt-website
783,df7646f5188fa82d9fb573894be3f5c150c8d593,worldwidetelescope_wwt-website
784,dfd6f6723ff3d2115384cfda77dba1bd6f17025d,worldwidetelescope_wwt-website
785,e03491d09cf07cac6fa8dcede05f995db762aeb7,worldwidetelescope_wwt-website
786,e05df26eef3f2b479e45ebcab9d1cf2f13507d6e,worldwidetelescope_wwt-website
787,e0a9e7222e64d5ed94e31e6b9d10cbd03a45dddb,worldwidetelescope_wwt-website
788,e0e2f43cc2ed96d98d3be2bf03483b6c43efa05c,worldwidetelescope_wwt-website
789,e1b7042bbb3f7808519f51474f70edbbc7fd3156,worldwidetelescope_wwt-website
790,e1fff753c3354643a055efb7032bde853d55bc43,worldwidetelescope_wwt-website
791,e256debe9804029874465bd135f4c8935ddee547,worldwidetelescope_wwt-website
792,e3f40fc12d78c36107a0da7c81ebc6384ec34622,worldwidetelescope_wwt-website
793,e40e573f4e2a44a50f01e4a57eddcde896d1e2b4,worldwidetelescope_wwt-website
794,e441378b3e824b70bfafd5cce717226957c0f193,worldwidetelescope_wwt-website
795,e4b7b58aed4db9512b7a6d1daf2b4c633524e660,worldwidetelescope_wwt-website
796,e57afc415b3d69f261432ac3f717505e96a36458,worldwidetelescope_wwt-website
797,e5a3ef6055f37aa58dc643161d0f221411a8c5c5,worldwidetelescope_wwt-website
798,e5eef48da055795d52c727b86da21deee3fe4a94,worldwidetelescope_wwt-website
799,e5f4a43dcf5ea59fa58ae2de31338bc1fb3d0d74,worldwidetelescope_wwt-website
800,e641a6db6754df1786e0482e143a586f5869ea28,worldwidetelescope_wwt-website
801,e6b0b8f8406a096dce030c8baa4e2f6ded7aeff2,worldwidetelescope_wwt-website
802,e6d1c09c7a2c1fe4561ab4b96fde8f9f130a0dda,worldwidetelescope_wwt-website
803,e74787f5a0fed791545136c0fd3b65429efd53fb,worldwidetelescope_wwt-website
804,e751c7b2ea4bf06507b59e133867fce413a0490a,worldwidetelescope_wwt-website
805,e78a70172145f563abb227e25033b12e6e6262b1,worldwidetelescope_wwt-website
806,e852a935677386b119b06275f199acb8b9484e5a,worldwidetelescope_wwt-website
807,e8680fc724ca5c96761cd9ab075aad3a4bacf4eb,worldwidetelescope_wwt-website
808,e87723094911d40cf2e61c042bedb5856b8af174,worldwidetelescope_wwt-website
809,e9b6d6a41e1f3f5229a84afb52eeb0b35fc394ce,worldwidetelescope_wwt-website
810,e9e5afbca6a994975343a8c35280f01772ca64df,worldwidetelescope_wwt-website
811,ea276eaf202c0ed8c1e8cc8a91b4c83c8323fcba,worldwidetelescope_wwt-website
812,ea4d10157ff69ff477ea615edd7560b705ca385e,worldwidetelescope_wwt-website
813,ea7a53198ac67298bcc4b049893058fcf9c62753,worldwidetelescope_wwt-website
814,ea7e53de50ed4c2b600e2359eeb32baefdf1ae12,worldwidetelescope_wwt-website
815,eae5fff365cf4a3b1da6c1f9ec46884bd208202b,worldwidetelescope_wwt-website
816,eaff25a2dd10d247b3fc4de06dbc1183a8612898,worldwidetelescope_wwt-website
817,eb5d81835cc8eebcf34e65034e694c8b3baf21b5,worldwidetelescope_wwt-website
818,ebb22aefe00b9f61df11fd284bdb12361aaf3158,worldwidetelescope_wwt-website
819,ebba5c51154b276d02367226c38054912e3963e1,worldwidetelescope_wwt-website
820,ebd37745282004696a998dc2c18062562c13c0ea,worldwidetelescope_wwt-website
821,ec07ec3d0f528b30f70339b2cf0f39519e94b162,worldwidetelescope_wwt-website
822,ec7c200dd9d1b9a29754006a086ecf7f407b7f61,worldwidetelescope_wwt-website
823,ec7f06d73293521f63fc67b2e62cbd126c05987d,worldwidetelescope_wwt-website
824,ed0677f7622d421651cb1f70f9e95fdf474f89e8,worldwidetelescope_wwt-website
825,ed2fad67e70a25b818b466691b564ce78c979796,worldwidetelescope_wwt-website
826,ed5eb546ea934c7ce41bef2c024318def8f101d5,worldwidetelescope_wwt-website
827,eda284269f82448c56d467a0dd7ec31e42a3ba34,worldwidetelescope_wwt-website
828,eed8c976e49e476aa857267a2c35d98faa521534,worldwidetelescope_wwt-website
829,ef8254df7c7d99699f62e8d2cdd62dc14fe8f574,worldwidetelescope_wwt-website
830,f054c6640ffe4855fafd2b89327560cd7caaaf9e,worldwidetelescope_wwt-website
831,f05fa759b29222e17f6ac98bdf5669485aae9c53,worldwidetelescope_wwt-website
832,f0e5f51597ac58beb4a10e0401e655f29eba5f50,worldwidetelescope_wwt-website
833,f143d82c3bf29442b7dfd4780c12427f4606bcfd,worldwidetelescope_wwt-website
834,f14c4aed757477b051f8a452141d4ae13ae0215c,worldwidetelescope_wwt-website
835,f16515c79dc7834f8d1ca475bad58ea990d0e07a,worldwidetelescope_wwt-website
836,f1b33a7912f9ed224f4dfe216af853034fc23931,worldwidetelescope_wwt-website
837,f206fdec79b1254ede6ab92edba6e8436653eff8,worldwidetelescope_wwt-website
838,f28d4703d1c9e3c979df1c02dc261aeb453f4365,worldwidetelescope_wwt-website
839,f2b5eb08d70a71e83741709159c5df2c18bd89bc,worldwidetelescope_wwt-website
840,f2d4c5ec2866201fe870baa11e260598e3e4c039,worldwidetelescope_wwt-website
841,f302c4cef55b9a999f3896c5f7ee16cf131a08b2,worldwidetelescope_wwt-website
842,f32f5a2629f256b6f68facb4a775c303f78b5f6e,worldwidetelescope_wwt-website
843,f3a35f9286ad4d2232d6f4296b1da11d8ee0955a,worldwidetelescope_wwt-website
844,f3a4bde6ee25bb21d67276182dee69e57a94e775,worldwidetelescope_wwt-website
845,f3ec6797004e92d14a0837120b57c8774422b114,worldwidetelescope_wwt-website
846,f419938b1dd150e7e82869aa4ef1d306236a7760,worldwidetelescope_wwt-website
847,f494e9b2af83b3b13c6349837caeaeddb6ca1b06,worldwidetelescope_wwt-website
848,f4a3cf95ba8a9a580a3873683ca7e71b318f0734,worldwidetelescope_wwt-website
849,f4fad65dc21512101f3ef511eee8eced1944e00d,worldwidetelescope_wwt-website
850,f53d893fc57e329d46b183c80ac053d0af3de915,worldwidetelescope_wwt-website
851,f540cd27d33940ae58aec09b5ed8386ccc4e4cca,worldwidetelescope_wwt-website
852,f62a06de0cbf122b78d4fff420bcee35d5318320,worldwidetelescope_wwt-website
853,f68a94a2dd383986877ec8e9bd04e5aadd60e9b4,worldwidetelescope_wwt-website
854,f6a3f9fbca0d185fdb77a8d0abefb982b074f460,worldwidetelescope_wwt-website
855,f703f1538a5c1b2bdef374667cb81e4550aa8a74,worldwidetelescope_wwt-website
856,f7273e2797350d9141a4a6741253c7b430d151d2,worldwidetelescope_wwt-website
857,f74536ee803524cb09dada9ae5856b66ede1e27e,worldwidetelescope_wwt-website
858,f83d42cd96a611656662eddc2f25ca11a2f341f1,worldwidetelescope_wwt-website
859,f8560f17c0c0c94cc4c5398d03aea00ca5500c69,worldwidetelescope_wwt-website
860,f8ed80f293569fca716cfda207aa7c762fae6ed7,worldwidetelescope_wwt-website
861,f9327a7e54076486cdfe0b5ecc4645963638088e,worldwidetelescope_wwt-website
862,f9665c22e21a12df9e74418c29b2617798edfb02,worldwidetelescope_wwt-website
863,f9856b35aa19e1be81e8755bbfeb593138c56f7b,worldwidetelescope_wwt-website
864,fa54c15fa3339f4c84c7447060a64c3830cf6e5f,worldwidetelescope_wwt-website
865,fa74b97b4824bd4eb378c13ab90a7b433c6db6f2,worldwidetelescope_wwt-website
866,faa5efa775b733b2a9416500379a104c93174dc8,worldwidetelescope_wwt-website
867,fb2f14d316a57d1012f6e9742df0b0f608e56d33,worldwidetelescope_wwt-website
868,fbd531a6d42c9c44ac5ffa7adf61b55a287cf00a,worldwidetelescope_wwt-website
869,fc485958e9e671c2ac1086f2be3777de06226e97,worldwidetelescope_wwt-website
870,fc4c0fe3c4fa4c7f18669cd69cca62dd9abff4c1,worldwidetelescope_wwt-website
871,fc7aa4d5d81b896ef5b9ee9d11b7e3173ea1adee,worldwidetelescope_wwt-website
872,fc98dee984fec5b754de9468b4a05b61f8733f94,worldwidetelescope_wwt-website
873,fcadd277982328c97eebae7a25bf65840634aa9c,worldwidetelescope_wwt-website
874,fcc10dcca58ba69ff1bb5d8db7ebd7429ae79e52,worldwidetelescope_wwt-website
875,fcfb53364c99d2aaa809ce99c2ff747fbfa00870,worldwidetelescope_wwt-website
876,fd9562088572e7c9713425d3ce074f64af199f54,worldwidetelescope_wwt-website
877,fde62801db80f61bd029a8f601faf3f03d9931de,worldwidetelescope_wwt-website
878,fe3e7adf18fcd000a424b2ccac1c96ed469b54b3,worldwidetelescope_wwt-website
879,fe49afbc2a8571503c8fdf2b8183c8fa79b90434,worldwidetelescope_wwt-website
880,feaf16b296562bc72ab3a5fa90474a56a0fb8cbd,worldwidetelescope_wwt-website
881,ff74f05e00f8539ba73bc26c0979d37751b2b5bd,worldwidetelescope_wwt-website
882,ff90c4a64b17d5c45f6d400715790fca96d8fca9,worldwidetelescope_wwt-website
883,ffc988910bebe668bb882784e405ee2e6f8fd02b,worldwidetelescope_wwt-website
884,ffd4e720175e32c0caa0054dfedb4357f6dbebcb,worldwidetelescope_wwt-website
885,fff35839cb6d3620ed1cc63a24a660d10d63968f,worldwidetelescope_wwt-website
0,003705dd1f031bf7cf47b674e28d81fcf131617f,q2mm_q2mm
1,0053c92ed1111c6a18cee0cd347a5bd62934899d,q2mm_q2mm
2,0209a7138104bbd0772a5a4910989ddaa88ba15a,q2mm_q2mm
3,023b7eb797273ca72737503f8c4d8aecdee82ba0,q2mm_q2mm
4,0269f7aa5f790f1beeb3399814cc7e48dd1ce32f,q2mm_q2mm
5,027a2b69d443bf423de4e34ef7eb87a5e638581e,q2mm_q2mm
6,02a848ebfc7b522992a662be763f46c58e2641c0,q2mm_q2mm
7,030ba69bdb81b2ab9497559fef8062b30f24b4de,q2mm_q2mm
8,0344ff64d6aff5b0ed11dabaaad6c69d8ab958b5,q2mm_q2mm
9,037471f4a0d35d835bd432b6fc1c8b6357d7cf00,q2mm_q2mm
10,043d75e338bd1065fee7675d362fee230c1fbf2d,q2mm_q2mm
11,04889507f487c913ac6726611c95998bc6ad39e6,q2mm_q2mm
12,048e38409541a4c81f34d85f7b86e096eb5c4fa1,q2mm_q2mm
13,0593b6f1bd1b5349c83c2d06631f203767a23e1e,q2mm_q2mm
14,071db4032374ecfb4261e998e3799016180c11e9,q2mm_q2mm
15,08bce1e264e0e467ecf2400154b049c73d29ed29,q2mm_q2mm
16,08d39ba132811b8bf06865afe7813ac01b59ada8,q2mm_q2mm
17,0902093927b8896deedd175a713291d1de2b65e6,q2mm_q2mm
18,0924b02696c58cc62a858915eb2a5f1554e36947,q2mm_q2mm
19,0a0b8eb3a67af8b7fd04c15ea16f15310c00a959,q2mm_q2mm
20,0a4f2c75e1ef36e81a339c1cc0fbf574a44b635b,q2mm_q2mm
21,0aa71d4bddc2bd7e6a483230723b74dd58c0f620,q2mm_q2mm
22,0ab42a846af433b89b103bd65f388e158b190c96,q2mm_q2mm
23,0ad3314c7e786530b2eadcd4199e6649da42992d,q2mm_q2mm
24,0af22ead9303d411c0e5c081e34ac8925c2e6aa8,q2mm_q2mm
25,0b8098151ffc3318172a61375f83f809a79d1235,q2mm_q2mm
26,0b9c5d0ad0a8d1105e4d26f192324c8bf323a928,q2mm_q2mm
27,0b9fb5b2b1bb885e9efdb2dafac5926291c66720,q2mm_q2mm
28,0bb114691c4a4ba99292b6543bb602a576b63fb2,q2mm_q2mm
29,0c1905fb27989607ba8d85922b159edda65eae60,q2mm_q2mm
30,0c1a0127d578fb731a0aca32dc26d033c0b9559c,q2mm_q2mm
31,0c6a725933de058fbe015fa7f8a4368471dbf948,q2mm_q2mm
32,0cb9ee577bdc99ea52aad7dfe5f9321ae40e677b,q2mm_q2mm
33,0cc8ee4edda62da04fa54d257bfa6db48475d6ac,q2mm_q2mm
34,0cd6a70c5ab9eea4a37edb221585fa19042c4722,q2mm_q2mm
35,0cf50cbb5d55ffb4b18e507d64232a8cd2f5e6dd,q2mm_q2mm
36,0d1fdef71f139d7dcbe448ce62097b54a6ee0dab,q2mm_q2mm
37,0d6ac87c0a8001a2aefb83814d9f8a506f396d2c,q2mm_q2mm
38,0e7058c1f6103544649adc5b68297aaf1acdf217,q2mm_q2mm
39,0ee70beb75f6b0dae9583e07eac54cc4f4c9dc9e,q2mm_q2mm
40,0f4778cea99f9b353a2d66330e4985b1d3059bde,q2mm_q2mm
41,0f600bfc0a1f91817d0285605ed5701192aaf324,q2mm_q2mm
42,0f7a028e720f348d8ef285d262c2f11233d3f7b2,q2mm_q2mm
43,0fa2688ae7a6a6811c48c3da40c99d1e9d660f6b,q2mm_q2mm
44,1014bf82cfe068426e6c9c1fb63bd42a33aaacc6,q2mm_q2mm
45,10796ba7aa5b30a73867769fec3ccb492959b1f7,q2mm_q2mm
46,11f02561189d5506c1d5e01e74a5c8e240e345fb,q2mm_q2mm
47,121fc2839d62bf968c602eac2f2474811f399b50,q2mm_q2mm
48,123c5ffd9d0cc2f1a015302e18c80f107629a7ae,q2mm_q2mm
49,1240651252e8e51f82c12b21ea43d41b631cede3,q2mm_q2mm
50,1247fd90b6c08993d6a44a02a1e992441fa558b6,q2mm_q2mm
51,128565c230cb877181105432d793f81c5bbd87d0,q2mm_q2mm
52,128573b19b5cfb4b22191a2a4c8f663f17a1faa5,q2mm_q2mm
53,12b28a05155e991f83f948f53935393c55cd3084,q2mm_q2mm
54,12b33a46043cda68d5c68f4851638e7eff6d8427,q2mm_q2mm
55,13270d60962041d33cae69e06e40022b465f73ac,q2mm_q2mm
56,139181ab2f2e48c4f41bd17c0e0e8fcc099c3886,q2mm_q2mm
57,13c2df587c80d94315ce11b0f7f8b367e90e217a,q2mm_q2mm
58,1434d4d43c7d115799b3b9fdc13fbf78bc28f5ac,q2mm_q2mm
59,145a49ce95ccd083bcc85efb6a52b51acbd39f46,q2mm_q2mm
60,148086208d4d481934067774f61c0dac212d4edc,q2mm_q2mm
61,14ffa00ab37528862fe631be9b0801d064188504,q2mm_q2mm
62,150cff2b4343f51d861eeb6adc1c37e675454195,q2mm_q2mm
63,1555cab88239ae4c5168f9cd3245422c329a6999,q2mm_q2mm
64,158e3e7550bc037b1d379cf8e6fff3f91d1f1731,q2mm_q2mm
65,15b155d8212297e5ef7effcca0aa1f547f51f0f2,q2mm_q2mm
66,15bef7c87490d629a850ceddf0f99e1fde063b12,q2mm_q2mm
67,15cdb919c5a0725ad058742c441f16d9ab16d13b,q2mm_q2mm
68,15ce9cec129b7ce78e3c3535faa5305e8b559af3,q2mm_q2mm
69,15f2b91372eeb0f906721875dcd00afc5d4784d9,q2mm_q2mm
70,16035441234747155916d0e2e817b76da17efe76,q2mm_q2mm
71,1606fcb656e0dec7ccd28f77c108557e65aa8976,q2mm_q2mm
72,162ab2d843c3a78837ca3aeb429707afb2741749,q2mm_q2mm
73,165f1c802433c14b8ebfd700edc75a82fd8cc58f,q2mm_q2mm
74,166dd73f48764faf1bc9696726b3f84255e1bda4,q2mm_q2mm
75,167fa859c08b01ba656cd7ec8779177201a295de,q2mm_q2mm
76,1692c8e8518eaf6676bc63f5eea7a7c7518b5396,q2mm_q2mm
77,16eb063e9c6e59f270f18d7441f0f53d282f2e72,q2mm_q2mm
78,16f8ef98501e3e662da3ac12b2c8e21dc1d6dd24,q2mm_q2mm
79,1716734efa29ddc498578b4841e3266659b712d7,q2mm_q2mm
80,1729ba99b6af03ed6d4dcb6098013091810c7e7d,q2mm_q2mm
81,172e811442e86a97e1f93dd9c2ddc0d95e39126a,q2mm_q2mm
82,17e23ebf9d63e15e62b80f08b8f739369d0dc476,q2mm_q2mm
83,187b8a65f6aa80a95dbe458c1dbe7647f61be299,q2mm_q2mm
84,18bd8f5aadbee8108d8929ea4846b8e148da4e64,q2mm_q2mm
85,18c805b23e7171c46acd6ee39e85c11179ab25e7,q2mm_q2mm
86,19884acaccee94b51a206704ac808d18f9886783,q2mm_q2mm
87,198d28bd7ffa121ce0cf4a3f0471ef575530e79f,q2mm_q2mm
88,1a6b45e0143d9d23abd576e416b6ef2a6635f31b,q2mm_q2mm
89,1ab348cf69782cf7091baa2a5e357b34d17b78fb,q2mm_q2mm
90,1b2e5e58d7a59d40e1d0bc8d0f522ec0e496daba,q2mm_q2mm
91,1b6c96646741a7f8d852c450d1ab371048169891,q2mm_q2mm
92,1bb579f04dbe4fa9cd983e49dc3e1bd696ab967f,q2mm_q2mm
93,1bbccfbdedae3e0c318847e77950c305628d821a,q2mm_q2mm
94,1be04d6ae98bae535786c868fff2b637fc60e7d8,q2mm_q2mm
95,1c54b6a4c901d8c9e49b2ef13bfc02bae567203b,q2mm_q2mm
96,1cd6c8f1a041a417acc70cc1b40f1febf439442c,q2mm_q2mm
97,1ceaa46551c472d1a9dcc581f0bb315a55742711,q2mm_q2mm
98,1d32942b5955806392ccce3fcb9de920470217f7,q2mm_q2mm
99,1d70fe70d41ed376513111d861bf2f4acf09abf5,q2mm_q2mm
100,1da69c33f45a98d0e6b5748c824b7b45eb39e31a,q2mm_q2mm
101,1e5459c48d1496cebcd5334862f9a126480c7057,q2mm_q2mm
102,1e8d511a493e16f9fd4c4ee6f8b5a85af5927da4,q2mm_q2mm
103,1ee276d6e7c1f3f247d62c853196cdb180a4ac19,q2mm_q2mm
104,1f2a6da9553e88f7bdb5a9b784b6fbb0f5d5104f,q2mm_q2mm
105,1f7d8da65a4f28136a9ae0a240b0e6e0e3990bac,q2mm_q2mm
106,1fbda8a0f037592e787d5131786ace280c1b614a,q2mm_q2mm
107,1fd1118ea7100e33749711eed845d06e33725d78,q2mm_q2mm
108,2031475909ec2b6ee2233901524aa85808124144,q2mm_q2mm
109,20f55e5de857c2bd99b7e38ee66ae85062794bbf,q2mm_q2mm
110,217b33d99aabd123d4984c167d5b47c7df817b68,q2mm_q2mm
111,219a09e9f382b5c1eab7334914dfd086bea033a9,q2mm_q2mm
112,21cf34880efb5d03b48656f9048089cbfc38031b,q2mm_q2mm
113,2236247884df1fdcc2afe7f173e5ff344b70ffe0,q2mm_q2mm
114,229dc3f2ae5927c7ca0e82c6566d2b2fa394198c,q2mm_q2mm
115,22c6284171d96de6aea2c6e67e35f512c667c8c2,q2mm_q2mm
116,22df27d974eccb15bba5ab62c2236375c8db9f01,q2mm_q2mm
117,23130ac7c7c6a52152a8d48fba6effe119481a40,q2mm_q2mm
118,2393df0743dd851f2f960a1c186ec73ae18ee784,q2mm_q2mm
119,23db6130f6230c88927306ef46936a88f318a58c,q2mm_q2mm
120,242e9c061a2608eff42b50b7c459a4c8b2fa4333,q2mm_q2mm
121,243fe63f387f8f0de44fa7038597dc9b431d7d8b,q2mm_q2mm
122,24787a065ccf7d5c0690fb664802f219a1378e27,q2mm_q2mm
123,24ce9f22ded2e549c8ab14f2db7df1a2abb146a5,q2mm_q2mm
124,24cf504c6df9a673e4d7ac41a9f2706f0da3a921,q2mm_q2mm
125,24fa38256093070bcd390dfd3b6708ddbda13182,q2mm_q2mm
126,25cb6e3291e391b97e6e2cfd799fcdc2fe79deeb,q2mm_q2mm
127,25f15c19aeb9864b14edd43ae31356d09fc947d1,q2mm_q2mm
128,25fab5f403e39f8fb0c35f39ff414e2ef1d24978,q2mm_q2mm
129,26432f7658ca066872697af3e65ad2767e260221,q2mm_q2mm
130,264cd8455bd572558d8540fb9ef7fd4356954b9d,q2mm_q2mm
131,2672cf0d34e2e2af00bb4836e1220584b0eb1b5f,q2mm_q2mm
132,269d76c7d498d771b03341cd7d64c1c25fe3c59c,q2mm_q2mm
133,26b49e1ab094b91f34374dc4c3ac392f78aa29bf,q2mm_q2mm
134,27017d9433e44456557ce4a30237015335127870,q2mm_q2mm
135,2778547635f1675d103cbcfc89d3350654ef99ff,q2mm_q2mm
136,27890e8294fad37490d04c0c6570482579b6c839,q2mm_q2mm
137,27e766b22d202f5f239558fed3b183297d7f363b,q2mm_q2mm
138,289503b289e07eae2a6d4c0e29ca9d0243e3f251,q2mm_q2mm
139,28d95451a02ea9563b08896414113febc4828e7a,q2mm_q2mm
140,2907212266959d95deab5ce378f5e0391ba97ca3,q2mm_q2mm
141,2915b2334bbf73899de4099f4c7d062655e81455,q2mm_q2mm
142,296a7512140f5f998d8552f7e8b2eaa15387a8d0,q2mm_q2mm
143,297f513b99814f5bd2257e75eecfb91c7f9c59cd,q2mm_q2mm
144,29c5799fdeed66c3df13235f595532a594c6ad39,q2mm_q2mm
145,2a15de8665252992f9160d325fad0ba5d500491f,q2mm_q2mm
146,2ab2aa5881f05b705bcf6a6ecd646f8a325725a7,q2mm_q2mm
147,2b1cd85421ead0c8940368e697db9dfc7a982774,q2mm_q2mm
148,2b2fd457d57910e2817d4aa36390480183339ff3,q2mm_q2mm
149,2b6e31e81ab0a363a8a72caad54149a54f41e663,q2mm_q2mm
150,2b955964b83b49b1a4dd6456af1592e14352d0af,q2mm_q2mm
151,2ba16663ddab9ee6014aa77d65ac87bf3d06b612,q2mm_q2mm
152,2bad777d71c4c4a39e97fe962a9977daded9a4cd,q2mm_q2mm
153,2c51c7d510588f10d71110666c1c3543520a5e28,q2mm_q2mm
154,2c6e2f84751a6097fc730827e938f5740090889c,q2mm_q2mm
155,2cd33f8a19a9a2510bf24215c30d27e4dab775ff,q2mm_q2mm
156,2cf52a5f0bc0f498a5b14408ef4f08f04d54689c,q2mm_q2mm
157,2d1cc0261403c55037bf0b8b793dbe32b6545ab8,q2mm_q2mm
158,2dd32aa87236db1f330b47775fd0e1d47f662c50,q2mm_q2mm
159,2ddcf77b35c142f1d8080ebeab8812528e2e9259,q2mm_q2mm
160,2e080ee232ccacc255ebc9c9b0845be615ea8b29,q2mm_q2mm
161,2e0af62d714f7219d557aaf9e274788c0a6ebd20,q2mm_q2mm
162,2e363c1f6b618118443344608389c4f2a243ec7b,q2mm_q2mm
163,2e5e2c9d65232568db034978f552a952cce5015c,q2mm_q2mm
164,2e9c2e98b97a0603961973ec08de487ce687d922,q2mm_q2mm
165,2f4e50eeef2470a2577545ff70631c4de9852b70,q2mm_q2mm
166,31b08dd2f939c0e50b169de6c17ccda7063a2861,q2mm_q2mm
167,31f2de3c610d172a0b81aeb2440195deae262ace,q2mm_q2mm
168,32098ee60e656e09651392d46ab092a4dd308cc4,q2mm_q2mm
169,3228665a62de392b8d4e9292a3a6da5387df5747,q2mm_q2mm
170,32307ab0a596c1f449cde8d91dd54c5e4e101d08,q2mm_q2mm
171,331c2d7f9a5e2fde06a70b3c808694ffc14de4e7,q2mm_q2mm
172,347aba8ab16b624cf581245db8031f5678625d7a,q2mm_q2mm
173,349026de70b61fc886169603505ab2bda61a965a,q2mm_q2mm
174,34c9100b271234d392cfb033157e04c7a64cf277,q2mm_q2mm
175,34e0e2ab7cd4ab41788f392fe9874d3db4b80e59,q2mm_q2mm
176,356f14abbf061970ea250c636f3a9a8c8f61bb79,q2mm_q2mm
177,3593ba55214cf87fba47596a07cbf47735b62162,q2mm_q2mm
178,35eeb11ed7e8144e3253ae89506792c2d433420a,q2mm_q2mm
179,3614a5fd5a4690b5f0e88bec48a485d5260a0ca9,q2mm_q2mm
180,3639d38dfdf176f181dee821b8e9a2c437385e7f,q2mm_q2mm
181,36701e5e39ff9999dcdd44cf6ca0153317c575e7,q2mm_q2mm
182,36732bfb1a5f5e6efccfa6749796e7b365177488,q2mm_q2mm
183,36c160af3e12084acb6155e2cfc4ca92d4cd3b48,q2mm_q2mm
184,37e11dccf26af9a5cd8d6ad3cfb7bb42d0fcb99a,q2mm_q2mm
185,37f665d458a91c1a6632fb8fb560d99dbc193abc,q2mm_q2mm
186,3813a44a3c6dcae5e2b4d2c5ccc1b688d869e9db,q2mm_q2mm
187,3935f8e33584f171140ae961b488cc9bff73cdc6,q2mm_q2mm
188,3938c667099433a5d8ec1542f45463cbfc3a1472,q2mm_q2mm
189,3968b5b0af7a0942c5e4b92202b8b4bc8200eb8d,q2mm_q2mm
190,398b4e1b8e1242703edfcc5b2a40b20047233942,q2mm_q2mm
191,39ce0723747c33ea0ad0f12355910bafd7133fca,q2mm_q2mm
192,39fcf755be6a88121ec8bae5643e2a7daa929b7e,q2mm_q2mm
193,3a0b358121a37784c24cf9424ef0c7547431148e,q2mm_q2mm
194,3a0ea86bbb5a26ee6550f05fbc7ac51180c968a8,q2mm_q2mm
195,3a20d157c7cbcbb90e16633625794eab33fa602c,q2mm_q2mm
196,3ada72ea875eb5569dd9cdd932cdf0cfc8b270fc,q2mm_q2mm
197,3ae377398f17ed98861e851f8f7d8b9a761c32a2,q2mm_q2mm
198,3bafa0f8254b48915729f1b12fbf380b3f4939b3,q2mm_q2mm
199,3c771739c19b7e05223ed534d25e9b3c8e9d95be,q2mm_q2mm
200,3c832be733010a9688c5a5accdb9bb00e2716d53,q2mm_q2mm
201,3cbb9a523b9e077b0ac0f73018bb9ef5b3a9e525,q2mm_q2mm
202,3cf830bcf1ec3a78c63132dd01389735e7a0f417,q2mm_q2mm
203,3cf939e8c3a0d517e135f15557d398ac62b9b609,q2mm_q2mm
204,3cff0b09b431bd01e500243bcdcdcbb663c5fab2,q2mm_q2mm
205,3d7f3581292348530f960c197232cfe0d2a5fd1a,q2mm_q2mm
206,3dd340359239b1d971e8b79fc9984134e2406774,q2mm_q2mm
207,3ef4cdb41dfdac9413c2d0a3e82ae465b57bd49a,q2mm_q2mm
208,3f4e5774f7f67ac3d9d1597a3b69b57930e8e003,q2mm_q2mm
209,3f98b3f01ecbe70c67cb7e5a6bb24fec8238a685,q2mm_q2mm
210,400ac2ed07f07b0c1d6bb6ecf47acb9c9fa7b5e4,q2mm_q2mm
211,40395229fd95d7082b1226d00503241f7b810bb2,q2mm_q2mm
212,40a09b93e7c2163e8f447fc28272bf24a9bfc0a7,q2mm_q2mm
213,40ade24ad62f48fd6b47ac81a588a96449ddf060,q2mm_q2mm
214,40d1f811d06bb23b150d46f80e1096818f4ea2e7,q2mm_q2mm
215,424b11f5a48233290a656447079e1fdf6248a9a2,q2mm_q2mm
216,42bca53fa44daaa5bbdb0046be0f6c00ef26ed2d,q2mm_q2mm
217,430ee2a8e69c54aa717b24f5d006d1eb4a0ab8b8,q2mm_q2mm
218,439acd532f7a9a04f7c3912992580b731797a274,q2mm_q2mm
219,43b87f120c06edb6362d4bbd034b7a2e635dd7f6,q2mm_q2mm
220,44241e753d81541005f2934d58d36a5470ff7ca2,q2mm_q2mm
221,44906f0fd65307f7b1430020a830c65f1f1b4bb2,q2mm_q2mm
222,454cc4dada89b489bd0236b4edf85777c69dabe6,q2mm_q2mm
223,45f8c3074e38e678a39142eb034055ddec4e086f,q2mm_q2mm
224,461cbd8707ad01461b2fdb7553504890f0a9a4c0,q2mm_q2mm
225,4667898026e4183be538328554d9a68c8babf7c3,q2mm_q2mm
226,468669d6981a74cb78c8503759b471e073dc4701,q2mm_q2mm
227,46d0bfe7c0330b9f02c11678ad4ec0ab300bc3da,q2mm_q2mm
228,4740d4d93588a6ff1c4cd19f4858ae26e8f872ba,q2mm_q2mm
229,475d73e0fd409d3fd2866b7418afff375dc9ca6c,q2mm_q2mm
230,479a089f51c4dfc5d3bd68f932e5083653407833,q2mm_q2mm
231,4851bd9e03e1a130018bd5242e19442cdf9a61c3,q2mm_q2mm
232,48e50e17d0074a0f5d3cab027549e028d4a13670,q2mm_q2mm
233,4900b5463bbaae3f4cbd60fe473a8852298b0cad,q2mm_q2mm
234,497f87c125f51b0305c6475910bf1d73699270c3,q2mm_q2mm
235,49a63d465a8c9bd1a7d35058c0e5ce0f292ea1c1,q2mm_q2mm
236,4a73cb13aab2550a23427c17c5e2545b2e04a15b,q2mm_q2mm
237,4a77532b9e1b811bf00fd82209ab2e3de4b19307,q2mm_q2mm
238,4a7ca90982a125422f7f0995b14a6550adcdd251,q2mm_q2mm
239,4ab8440fe5645f15777b5e604015e7e86b1364ac,q2mm_q2mm
240,4bbd24575c553cb507a54d51645ac6ea6da2e56b,q2mm_q2mm
241,4bdb02f07936b48b0051bd8186ce9c053bd43f24,q2mm_q2mm
242,4c3b29c9ba8e0c5cf240a6221595b2d7983dea1c,q2mm_q2mm
243,4c4ab74ed46f7624b701d2b7c82f990b4af4034c,q2mm_q2mm
244,4cbac6fc2a3745dfb1ff69a6571635811552e0ae,q2mm_q2mm
245,4cc790f58d351aefb2e3c485f7d2b05c4c503718,q2mm_q2mm
246,4d4cc251a82a29363bd24a4507754939fde7dfbd,q2mm_q2mm
247,4de9a77def636aef5579a4890ab5c9730672c7cb,q2mm_q2mm
248,4e31c159a0e64362c01d2121cb21102daacf7b34,q2mm_q2mm
249,4eb1709e7a8c71984a0b45d4bbb60dd3c9b976ae,q2mm_q2mm
250,4ec6867ae6843d3da599856c5e893d68dc57e92f,q2mm_q2mm
251,4f03a36c89adabee1a870effee1879d5200627e4,q2mm_q2mm
252,4fa0681af0146df70f0d1c47ed6765d4cbedb1e6,q2mm_q2mm
253,5020f14f40f1d54cd9f2c39327aac8db64e969ea,q2mm_q2mm
254,50b43716886ec9af94369e633a8ea74d7e72073d,q2mm_q2mm
255,51264750341d02426e6f6cdd314b2cd4e80436de,q2mm_q2mm
256,512baeb0cca91d9caf0a1b58416b568f14c9e18f,q2mm_q2mm
257,513230640920120cd2799602acd2e5cb587368a1,q2mm_q2mm
258,51a8c44f2ddf3203b1f223f9ffe5deadd2d6f657,q2mm_q2mm
259,51e3caccecf1298b22033fcd6710228eb9bb108a,q2mm_q2mm
260,51e4eb05cb5bf7ff6e2df5843220e460fbbdf051,q2mm_q2mm
261,5224336db5ce3d05c11467101b4401d1d406b41c,q2mm_q2mm
262,5279cb2dcf5f73b9fbe5f5f109eb43f2ba6ecc3c,q2mm_q2mm
263,527a7a4e1b4e5b5f47ae893b036200fadb5d192e,q2mm_q2mm
264,52ad9b16a5445021bc217b15ab588c4e45ad03ec,q2mm_q2mm
265,5322ca527cf9ec3b14bc5a037b1352fe9271ca69,q2mm_q2mm
266,53c0618907fbd44abb960597fae6c0fa6a9a5da0,q2mm_q2mm
267,53f5febce124d2f5358a15bc9543e1f2b830a4b6,q2mm_q2mm
268,54043a755d7d79cf29043e1c01150bf84e6a4a98,q2mm_q2mm
269,5406570cc8d900b909167bbc744bf69ba597c8ab,q2mm_q2mm
270,5437fcc2fec8638facbd9ca3f7a8ef91b9516e26,q2mm_q2mm
271,54b613948819cfe8930ad2e87b873f406d580baf,q2mm_q2mm
272,553918cd645365e23f360a7cc550005f258d9848,q2mm_q2mm
273,5651aed374bb5e7fafbe5e0ae9cac2b8409f4a1f,q2mm_q2mm
274,56e6caf79d53b42adb839ffc49019bc651c79128,q2mm_q2mm
275,5720971526747f95e1dbfeea91f634ce387fa941,q2mm_q2mm
276,57312e726d609e086fb7df7b1394c25090db1ca6,q2mm_q2mm
277,57e0047d72898d7068dd17c1b87214ba480604aa,q2mm_q2mm
278,5822c914541cdebf2cfc47cf29f313c38b3d67d6,q2mm_q2mm
279,582d78309ed9821ab7ed5c84a152c22c9339031f,q2mm_q2mm
280,584fa3e4d141570ed93aa4620ad473d6b20dd3dc,q2mm_q2mm
281,58a339d9df61e229dde7b1d2625c2b72cecc473f,q2mm_q2mm
282,58a97234cb9dda57c3ddc0c309f34686c243bc49,q2mm_q2mm
283,58fd3ffca4cd3871a189b4cdf4aa1b3a6b2001d6,q2mm_q2mm
284,591fbb900f6d6271f7540597723f44b40ab4b503,q2mm_q2mm
285,59490294a5d13582982c246bb5315dd3a47bbd14,q2mm_q2mm
286,59591ab3644153a226b97ea80d331ce8e7f63daf,q2mm_q2mm
287,5967418e7156eb334d27581736be4ee0033eadb1,q2mm_q2mm
288,59785ab9296a2612e412f05f45d52c93d738e3db,q2mm_q2mm
289,59c99a1d4e3bc5e4ab9a3feeb22dd85e32cfb8ce,q2mm_q2mm
290,5a27aa5a2bd271de142d3f3e0afb8d85fccf79cd,q2mm_q2mm
291,5adc047fba4dac3768847cc13c15ba54d98e1df4,q2mm_q2mm
292,5bdea79ad8228e50ac7dd20aaeee11a4b072d7b3,q2mm_q2mm
293,5c585c48adbcaad5d00058888fe8df730d540eec,q2mm_q2mm
294,5d6fd23c6ce140fb372bc77b01d9be2096f2122f,q2mm_q2mm
295,5dd7165aa397b98e63a67ce89be6c8085c2081de,q2mm_q2mm
296,5dfdbee1ad5e5ca0bc2c08642d93225746b84364,q2mm_q2mm
297,5f0733dc5208c13293916e6b8e6a6d99da1860e5,q2mm_q2mm
298,5f66a7d4f9c3f4f82e53bc8f040eedd69ee404c5,q2mm_q2mm
299,5fae1a1cba51f6421baf30c958fefb9f34488058,q2mm_q2mm
300,5fc81dcb2d9046ec3ed47fffefbf022a2658b9f5,q2mm_q2mm
301,5fd4878a1f201b1d6dc556654236ef951c1d0764,q2mm_q2mm
302,6034a16fd52da54e9c1a709cd540ee3aa936b931,q2mm_q2mm
303,6081f1c0d2d5db15b9d6f95f0d0af4236a8b7d20,q2mm_q2mm
304,60b12e8137e15fab655259e3c331d29f5cb72ea0,q2mm_q2mm
305,60be5c66cd9e47cea8ecd30535de79febf283ae0,q2mm_q2mm
306,60e96baae4f4121032ca780d53e2d1f21e987da5,q2mm_q2mm
307,611a86939b74b32ba0e28420b03742f4707067ab,q2mm_q2mm
308,613e096bfa7979f7c49e0f9d0f9fce97ce78a66d,q2mm_q2mm
309,6164ad9966cfa377415497ba12e568201d7b2f8d,q2mm_q2mm
310,61a426b40015603f7db387aebe043e6a25fc855c,q2mm_q2mm
311,61a5754a840aa5712bc319a162df7faa20908585,q2mm_q2mm
312,6207c5c024cef250acda6390922738108d44fb50,q2mm_q2mm
313,6272d42efd40da7af229490838477ad7dd4a69e9,q2mm_q2mm
314,63343bfafd5ccda27a29814055a53f5039c2bd46,q2mm_q2mm
315,64f5226154d5e6e53d467cbfdb21cd320df00739,q2mm_q2mm
316,65e61cdb03ba4036fbe6187a5ad5ee2026da9a07,q2mm_q2mm
317,668f30111565153effda9175750b33d4a778e9d5,q2mm_q2mm
318,66939ac89292a82bb9f4c06ac92d046b3724dcbf,q2mm_q2mm
319,669ab57c8d9834c6b2079f58d07aacd6c66376b5,q2mm_q2mm
320,669f49432112777561d70cd1c600df3b57840faf,q2mm_q2mm
321,674a309df50da2ba1ed12b6a46c031d498104cd7,q2mm_q2mm
322,67b33b40a6564992f14a76df22eafc94daf664c3,q2mm_q2mm
323,680bfd6523187906162294af7da1584ab4110e07,q2mm_q2mm
324,684e16065a22b2c5312d77108d94bf8e536012d4,q2mm_q2mm
325,689b2be0120fbafa75255cdab55935b3b8709e7f,q2mm_q2mm
326,68abadbb301855a9993f5cef975370a216b65526,q2mm_q2mm
327,68ba9b7643cdc028c375ff23ba5341f3a69a7fd1,q2mm_q2mm
328,68da398d9ec9271ff34eb1f79ebd6b9020d47bf4,q2mm_q2mm
329,68e030bacd7ed101992f60c4321575a09c65c7c7,q2mm_q2mm
330,68ed8db1f31548d557b92274232587511b933ff3,q2mm_q2mm
331,69b3c88043a2db947b0b4657293c49d50a092002,q2mm_q2mm
332,69b73d401a44b1fe9df6ae56189177f04e6cfb7e,q2mm_q2mm
333,69f9c1dd530f7b4f5089d970fa06449e36cf9ae0,q2mm_q2mm
334,6a0b0cc2bc5846ea197dfde885dbb9423ac51a24,q2mm_q2mm
335,6a74246d31f848bb238061a2b14ec2aab8a2a336,q2mm_q2mm
336,6aace346aafa688119f1c17677d940876490bcf6,q2mm_q2mm
337,6ac5f742642151ffd4155d2665538f56bfcf4ede,q2mm_q2mm
338,6b13fd9bd5e91b66100a2f4ecf63d1b77019da0e,q2mm_q2mm
339,6ba665e3e35141c522393e20d56a5346fd85f120,q2mm_q2mm
340,6c2ebfc469a26854ac81520896295a69b24e5f81,q2mm_q2mm
341,6c4eb14bbf31ed1eacc58147501dd49c8b57bdb4,q2mm_q2mm
342,6c638d5f1388ed1cc51370c7858919688536d558,q2mm_q2mm
343,6c86b5f1885866c4d87bdf21e7ab63334b960320,q2mm_q2mm
344,6cbc213ebc579b43eb8ab4e057970b977df9c615,q2mm_q2mm
345,6ccc25f1245081a192dc2b60cd5dd58ea9d1e549,q2mm_q2mm
346,6cddfb02d92b7fc4e6cf1d84eeae6073077a1213,q2mm_q2mm
347,6d007390cf3fb087322e1eb66398e1ef82d10341,q2mm_q2mm
348,6d01bb0cc275a60b1397e9a9be974363647c05c3,q2mm_q2mm
349,6d16a8e6fd85670693d2bd3357bb5ba9e75d3d8b,q2mm_q2mm
350,6d1a20c4a248fdb4f7e63eac878f1591b72d835f,q2mm_q2mm
351,6d9f729492d0b942563aaba385ae0befa70b55d2,q2mm_q2mm
352,6deeae4294399cee82e1e3150ad494ce7bab417d,q2mm_q2mm
353,6e14918e4a5a2c2918ded8a6624084bce8f39278,q2mm_q2mm
354,6e476e278145e2cb5410c592ddc1f499b4721598,q2mm_q2mm
355,6e53621888c9ee3a9f36b9da20a14d08b05e5341,q2mm_q2mm
356,6eb87eb30684609494b5b268ee8cc544b1f95b53,q2mm_q2mm
357,6ee7b35b820512968edefb5c9021989529d189c4,q2mm_q2mm
358,6f53b0e8b91f8d3aad7550ff20e764c0afc24127,q2mm_q2mm
359,6f80580e7eb770b0a2cc47bc697f22529f4b3599,q2mm_q2mm
360,6f8288591f48993c0a58c9a91ee0107f53ef6b64,q2mm_q2mm
361,6fc9a70cc4c4f5e1625fb6df0945bab17cc06b0f,q2mm_q2mm
362,70bfcee92134f81968bf6df2bdb775400c95a040,q2mm_q2mm
363,71247cd4e7ba644edbe9f55eacd5c88da2e77183,q2mm_q2mm
364,7135d920b034022f93e7650a1c703697d4dd5d06,q2mm_q2mm
365,71856cdd65bfa4ccdc2e8efb7965415b1a649a78,q2mm_q2mm
366,719983bc9a7677748e310a3462ac293c4e395152,q2mm_q2mm
367,71d8e40cc2551bb0091a1849db4a31ed3116c015,q2mm_q2mm
368,71f503dc105930ece2d47fa66251b81a75581cad,q2mm_q2mm
369,7284398d3a18cf9360bc41da870a2f64698be1dc,q2mm_q2mm
370,729796148c2242684000c34102a1c9c02591b520,q2mm_q2mm
371,73277c5fbe27f158a8f020051d128452e85029d9,q2mm_q2mm
372,73f2f1fc387731b65039583823269491d4ce5874,q2mm_q2mm
373,74782fd346693ed265a352139a857240c95fd9c6,q2mm_q2mm
374,74a4ef865fe88c2bd2f6f7bc34df4602f43c207d,q2mm_q2mm
375,74c977fdcdb77533e96f2472d4fee61cde0d61bf,q2mm_q2mm
376,74ef3bf75cb0bc24549ddbfe63c3e52a352a9708,q2mm_q2mm
377,750b1b46970f6ce6fbb6b87cf064b307fb1870a3,q2mm_q2mm
378,7582f17333cf19e759a247b2a8dc178f0a57e116,q2mm_q2mm
379,75c9843a39ebc458a7c11dcadc0369dc97b94fed,q2mm_q2mm
380,763b19439253792a854aed297e44a786ab2e8ddf,q2mm_q2mm
381,7653cdc177a131cfe1cd779648b7e77cb88e641b,q2mm_q2mm
382,76613209d28f38fea7713ef5bd8f05c4be8c6295,q2mm_q2mm
383,76cb61d2c629bb22f7807766b3d6fccea0263065,q2mm_q2mm
384,777dcd3d25f76a3fad28e2a51c01649d3152b7b4,q2mm_q2mm
385,778a92f24fe04b7f1cf0f05f07e23b74f64397b3,q2mm_q2mm
386,77b56704fe06012dc854d3308fec16c9a47e9632,q2mm_q2mm
387,77f0fc166f916a680f388edcc92e09bfdbfc86b7,q2mm_q2mm
388,78631bf87f5938fc4a27ca07af4be46df3c71372,q2mm_q2mm
389,789401470b698cd75c8e926ae22706707bc818cd,q2mm_q2mm
390,789ede6fe45d1c3d4ae8c2e5b1bbcdb27fafb0d6,q2mm_q2mm
391,78e05cf9667f60125f202ba6a4c30f46cf4179a3,q2mm_q2mm
392,7907bc0ed9a95496cb14e4b3f1ff952c17b6c124,q2mm_q2mm
393,79561875d6574216849d47da331730e78f822c20,q2mm_q2mm
394,79bff5c8493e2846fd6ba97dbfe850c86bc41c4b,q2mm_q2mm
395,79d82227dad795df9bea621b92b9c86b46edb816,q2mm_q2mm
396,7a64a68ee0bf2e6195992c8b5fdff4592776e6e3,q2mm_q2mm
397,7a8e5606a7b8f169dd2b910747f9768cf494f51e,q2mm_q2mm
398,7af21ca71bcc133e9c319d6be37b5aabc43b0a78,q2mm_q2mm
399,7b13151fe869e1c32c289c2fb2d5cc1c28f45da0,q2mm_q2mm
400,7b245450b62e7b3f3ffc3e5caf3e72b52fb701a8,q2mm_q2mm
401,7b68ed57b7c2f9fc15b10f11bfbde2889b11e417,q2mm_q2mm
402,7c00ef8455e297ba3cd05f5e8592a9947ed869dd,q2mm_q2mm
403,7c1f1657950644d1fb0dc4b86e26712f4f589206,q2mm_q2mm
404,7cda5c376d6e76ebc2a7231e8b7fb11ada389062,q2mm_q2mm
405,7d0c2b0a601d0ccecac0ee0c109c6e85fb64b704,q2mm_q2mm
406,7d5effbde3c12037429d92cad2ade7660ec3cc03,q2mm_q2mm
407,7d8369cfee0b15a191b7938f4e42d7197cd071d0,q2mm_q2mm
408,7da8cfee871d56faa1f16996e97f01a50094c9f8,q2mm_q2mm
409,7da9eee17fb146ba457cfd8c3eb6444d20962464,q2mm_q2mm
410,7dabae9581581c30b18bd1daafd78e5ec3c32340,q2mm_q2mm
411,7ee356c16f0fcf5560b1e167634c48556b40ef88,q2mm_q2mm
412,7f393399fdf654cdfa4fa3c9463fc6ec6c748cb9,q2mm_q2mm
413,7fafbba8114bb18bd5e26572511992d046783b93,q2mm_q2mm
414,7fba68866eef33430fb3d2017fafc84a5d47ce00,q2mm_q2mm
415,7fd62542f28e8163ba3554e6cc13893301dbda99,q2mm_q2mm
416,7fea00a916277dbc43cd78eff30f86a418535fac,q2mm_q2mm
417,80abe19d6f303c469ebc9b12ad743a510e2a2096,q2mm_q2mm
418,80cab3b4e5c025f80546db57517b3d0344b00d8c,q2mm_q2mm
419,824ac88005c8f6ca6f0bbe93a57f96b508a26db8,q2mm_q2mm
420,826ed3cb165ef8aca6d87bd76c4bd9b376b38c3b,q2mm_q2mm
421,82a6d26ae367306025893ada01c89c980a4905ba,q2mm_q2mm
422,82b916b3947ed2bd2e436668a3942a4973bb092d,q2mm_q2mm
423,834d16bc314b4704a2a9aa4e66aa5e3d28bb5801,q2mm_q2mm
424,836f6d1a633aa9beafd5b1eea1af0e5e8008317e,q2mm_q2mm
425,83a7175c0ccd626658ac708abc473b0a11a1eec9,q2mm_q2mm
426,8408674127895a478091c30277ffa635ba57b35a,q2mm_q2mm
427,84b30d28ac20e7e50655fc09801744754094ce03,q2mm_q2mm
428,85578d3ab0e3a5e8a97bee4b2b59cdb62844adcc,q2mm_q2mm
429,8568f2ac78185e96a8d8a81eb466a268b6d17bef,q2mm_q2mm
430,85982897ed1b67140fa0b2b2498b7912205d0b65,q2mm_q2mm
431,85a50ed666a17a6535c66fe5fc1999d35f4aa2cd,q2mm_q2mm
432,86863dba946c3bf944211ef432d72d035a504678,q2mm_q2mm
433,86d91e97172aa32dd2edf8ae7e604f1a27bf4677,q2mm_q2mm
434,879c31dd955bce16a818e1f39ea3d70cce636279,q2mm_q2mm
435,87e5e744305d2efc7189e74e3732ca9e8e24a277,q2mm_q2mm
436,881f3d10965156c9abe0fba3e4b4d79de9de4a61,q2mm_q2mm
437,88294a93c2d63b1b65403a46918b6cabeb72e2d2,q2mm_q2mm
438,88a03556719f261a16fca3401729c4f387bb725b,q2mm_q2mm
439,88cd140f78ee3fe71707b4dd2de3a20beb29b6c7,q2mm_q2mm
440,8921490337c70adbe8a954ddf77299f24aba675a,q2mm_q2mm
441,893c3eaddcc59a76ba6aa544f1efc7e669405f03,q2mm_q2mm
442,895bc684cfe1fb436f8d3b4b28f9bcf1c1c6dad7,q2mm_q2mm
443,8964c548c065fd0ebde156f649967ccd9b5f6293,q2mm_q2mm
444,89760332684e7fcbb18310424f811a955eafe798,q2mm_q2mm
445,89c87d1b074bd06989752add8c1b8c714970972c,q2mm_q2mm
446,8a03c7cfc2d42b77f09c0c9269dbb990626f5968,q2mm_q2mm
447,8a36b0e86845def0cf29dd403299a9e491910ae0,q2mm_q2mm
448,8a53653e07a4aa6476973c00f54f964d941f16dc,q2mm_q2mm
449,8a6431d90663551eed09dec2a0263881349c4e92,q2mm_q2mm
450,8aa8e6c7512c1982857a9db1a7aaac13af15a94b,q2mm_q2mm
451,8abb317a637b236bdd6ad5a16f4b8c783a68082a,q2mm_q2mm
452,8b037972bccf4b147c3cc5198dec513b3b03b0af,q2mm_q2mm
453,8b11d49c82a0f464e49e6688e6e427a437147ff7,q2mm_q2mm
454,8c5424c768f1d2ba99fd657b10d91b5b88072d01,q2mm_q2mm
455,8ca919ef355cfafcdd9bc83ab5a2e49f8c87f29b,q2mm_q2mm
456,8cbf3d60bfcab4eab9f73bc122808bfba69ea8b9,q2mm_q2mm
457,8d1151f9745fdc7821dcd1a902145bdd8ed8ee06,q2mm_q2mm
458,8d4ef085ca5fc3432f0fcbdfa74da6a2ff4f02e3,q2mm_q2mm
459,8d7148295dbf5abfd23907e9b5bd88370e2f51fc,q2mm_q2mm
460,8de4b39a4a9c314c61435b1f89fdf3510cf1fb17,q2mm_q2mm
461,8decdacd99ef83a0b986026e28d1717bcff63e33,q2mm_q2mm
462,8e0145516045ced43f1e3a863c32d1078be8b5d0,q2mm_q2mm
463,8e9d1c9b358caade3b6665b21ea54c1a12f623e1,q2mm_q2mm
464,8eadecbbde50bc35866c889a84bbcc368ba8367f,q2mm_q2mm
465,8ecd46256e4e1f7e4f106790b7a9418be502c3df,q2mm_q2mm
466,8efef68507089f3707fb4f830b79267cb4392b0b,q2mm_q2mm
467,8f40a691e62ab44a072fce30124d9aea4793db39,q2mm_q2mm
468,8f6e7d6a400a8751f93cea64160fea4d6f367e87,q2mm_q2mm
469,8fa33b7365b74d3cd4871bc81ebb98e57e6a49ed,q2mm_q2mm
470,8ff98c6c0ef2ead7e9f39255d22d44c054567d67,q2mm_q2mm
471,90423d4b2058fa771f093cd628cb304a70519332,q2mm_q2mm
472,91a3749452f4f711575ae537edf2f5f48840fd31,q2mm_q2mm
473,9324205d2994eb9c6e15d73308a37eb8d2913126,q2mm_q2mm
474,9336e9ebce27f2d28c853ae7f41c9272d1d9bd06,q2mm_q2mm
475,9377b9bae46846cea336dbf47df8f78269eea324,q2mm_q2mm
476,940b806ffd931b2c3f08527bcc37f3355732bbc4,q2mm_q2mm
477,9426613c9f49f60bbf4fe2dc356b1b86ec90ba3c,q2mm_q2mm
478,945a4c10cf54b9a6ae2e0278d39d5fdeb6cc5278,q2mm_q2mm
479,955e4454c72e1c17209f58941d90f153e913fde3,q2mm_q2mm
480,95615af4f5cb287e4c7d36cf6cfb7e0eb9e68cb0,q2mm_q2mm
481,9561f4b1367c815da1fd58c6b6008240b5030caa,q2mm_q2mm
482,957366062a598bdbf8759289f9c1b716e35632e3,q2mm_q2mm
483,957432d4fbfe0a5593779fa1f5dfb2b4db08fc56,q2mm_q2mm
484,95819ce114fad181c311479d18c6215472811f40,q2mm_q2mm
485,9587c7bce4bb13364873334e287e8b50e1d165ef,q2mm_q2mm
486,964aba5370fa909780d9c9ac8cfc389e66c51a5d,q2mm_q2mm
487,969894ef24349d48c22800457cfdebbdd9ea5178,q2mm_q2mm
488,96c40a3962739f8af7602ea09f393809d2a314a1,q2mm_q2mm
489,96eb161885a22a360ff51f625b6f3e8a046c04fb,q2mm_q2mm
490,975373f3318b9baa1a76ee2cf96d74e96a5a1b0d,q2mm_q2mm
491,97a084e2ad33da8efe5b79bc02e1d3cb1e7d9909,q2mm_q2mm
492,97d9c572bd439583d88e2ec067975d01ba34d8fc,q2mm_q2mm
493,9803ad01459cade44f80074f64aa4c8ee00f4bd1,q2mm_q2mm
494,981d9652681ad97590b279c14f787af6aae1c4af,q2mm_q2mm
495,9822c8ba8c552f56336346e4ad070d99d4df906a,q2mm_q2mm
496,998fad2ba95f29ee0de0c686a749a50df3412b17,q2mm_q2mm
497,9991bf9d1c6d6d458ca516b10a3afa6e5d825517,q2mm_q2mm
498,999e2bcdf54209afd02dde0bd80cfee1afa8fa43,q2mm_q2mm
499,99d315f247c68e4313e85eb175a7a308dc3129fc,q2mm_q2mm
500,99f936be93c537faefe480951665f6a69ef3f739,q2mm_q2mm
501,9a3ae76be2ab2809eb700732ec7bf8c5721a482b,q2mm_q2mm
502,9a735d2486f049c38f391146ffd6b4e6ad6190b8,q2mm_q2mm
503,9a9d8c53bec10404a97534a4580ec42c32621d9c,q2mm_q2mm
504,9aa4b291d7eaa6ada45b9c3759c5e1e54f9e40b5,q2mm_q2mm
505,9b0ad721ea095bf19067b23319ccc8f471fb4a88,q2mm_q2mm
506,9b299e62fa2a445593f9419e0942cb1acea82edf,q2mm_q2mm
507,9babab882f41a46ac8429058dc8a1f6b29d646e0,q2mm_q2mm
508,9bbcbee97bd0a3ff74ac32497d3dae34cca9eea7,q2mm_q2mm
509,9be36b243b1db6b870003857d3bd2edb987aeae1,q2mm_q2mm
510,9c8dce4a832e9ceccf90c59e1c7ccd02ed56e0a9,q2mm_q2mm
511,9d281d14e33faa7bc04946b3c3790cf6a9fbe3e8,q2mm_q2mm
512,9d435946651a50ad1d021aed8764005dbfbbbe32,q2mm_q2mm
513,9d860ea248650e16690f5ef1ca7be796c22eb9ba,q2mm_q2mm
514,9d971658dbc6b1e6db8818bce4e30f0e61222541,q2mm_q2mm
515,9e43814e89c70d744a7d77b003f49500e807b4b5,q2mm_q2mm
516,9e7ff5ed12a013b91053871610bbe3853c8086bb,q2mm_q2mm
517,a06d8aa439e555d2f5fcd57d8888445c9f07b9c4,q2mm_q2mm
518,a076376489b855863cabaa8dbc3cf9a0a3d3243b,q2mm_q2mm
519,a07ae05f14d1be49d0e4bccfa8e3c53b2f71d1de,q2mm_q2mm
520,a08861f406be7bcae0e5d881f321e17c01ba819a,q2mm_q2mm
521,a0a24584c38c5d841aeb8618406769cbfb574dac,q2mm_q2mm
522,a0a741d766972c580aed34bfae34af4ee82555a0,q2mm_q2mm
523,a0bae27931e14d8868d1c6c7cc7fefe2e1e34a23,q2mm_q2mm
524,a15df9405f812f27a522d3eada99a6cc3f319ad6,q2mm_q2mm
525,a1e354b13529f8bc2af0674c05d934cb9e932685,q2mm_q2mm
526,a20159fa2f487250df15d40f8c8a5fd12adc1e51,q2mm_q2mm
527,a232c80f2101bc0b4e4e3911fd2c6a22b10556f5,q2mm_q2mm
528,a2b9ed3a3d37450bb37285413eac56de923ab239,q2mm_q2mm
529,a2d4c142b42c88c5f42a5448dd7beacf981b61d2,q2mm_q2mm
530,a307e473afb14fef22b7d108323280b4878121e7,q2mm_q2mm
531,a36294cc23e21ee8ab0768255832901410863800,q2mm_q2mm
532,a39cc110893fcd16bba8f48a409ab0dff9e983b7,q2mm_q2mm
533,a42f251c0cb90aecbd24f9a93955ffbb27cadaab,q2mm_q2mm
534,a4597e207bae6adc92bb0729c9716988324df9fb,q2mm_q2mm
535,a465d528dc1de0a88c8e5f48511d5ce951c64093,q2mm_q2mm
536,a50fa425c4db1c94349f69f92bc154f69b2f8071,q2mm_q2mm
537,a51a3393e12edb4177b63a40bd7ea43200e1133d,q2mm_q2mm
538,a55e360887d91f65980cba0cdf54f62fc78d9db0,q2mm_q2mm
539,a59dfc8dcbea920ffc53fe32dbcfd0054546ce4b,q2mm_q2mm
540,a72cc69f29634f700fb99efca62f7ae4de8c756d,q2mm_q2mm
541,a74056c64447bb7169841c18b265d4380781d4f5,q2mm_q2mm
542,a7c9545616f42c6b5bd1e4945e8c07e1880934ba,q2mm_q2mm
543,a809c7be179e761338e29a2718be8510a4ea5ae8,q2mm_q2mm
544,a876790c2ff3db6695e9ca17fa0d8c4e94058d47,q2mm_q2mm
545,a8980b5d903bd23baea9b1266825116c53939464,q2mm_q2mm
546,a8fdb28977d737bae171e63fb9e8d170f4d2376c,q2mm_q2mm
547,a96e40ac4d8d2009e193b8bd82127fd7b948ed1c,q2mm_q2mm
548,aa2f02d31aed283f7edfd7d7a16759d523d49341,q2mm_q2mm
549,aa3d2a459dda1a0b5ef9d48fbb032194dbbd65f9,q2mm_q2mm
550,aac1f13954d8eca6a5eccf11f9d4e7966d803638,q2mm_q2mm
551,ab156bf30ab3cd9bca7fb82fbdebbdb0271b9224,q2mm_q2mm
552,ab4385630b91012cc663daf6922d2fc2a4b9411b,q2mm_q2mm
553,ab7440a1dfe1c8cdd25ee6f7327f5cb95a5bd62e,q2mm_q2mm
554,ab885a693e9a354b1ddb64f04c09cb772f66d315,q2mm_q2mm
555,abb0f3af5f12095379134432dbb7a17bb7280061,q2mm_q2mm
556,ac37fd36e8bf57b298c5fa0570c25c1e287f3a53,q2mm_q2mm
557,ac4eb7eee0737fc8cf6887b23bc959b221dca410,q2mm_q2mm
558,ac8a9689a5ec83b225e26cd2ed9b8f8c39e53fa9,q2mm_q2mm
559,accbb56f3b943d7c1ee9f93186c68ab7f1dca09f,q2mm_q2mm
560,ad54530b17036f5d2afbf040f06351b58cb4f247,q2mm_q2mm
561,ad740be960a7186817901ebc45aaf046ab7b6c8d,q2mm_q2mm
562,ad752236b60979637fd1cf91286d35bc1e6b58da,q2mm_q2mm
563,adb40d658c61eadb3ac5b4c02d577a63540d497c,q2mm_q2mm
564,ae3d9556e4c2a765ffad93c67223fc10235f80a6,q2mm_q2mm
565,ae54becafbc40ad6b70493ad20ad592d2907951d,q2mm_q2mm
566,ae73bbe9c3c40415f0042f6b35927470625aca56,q2mm_q2mm
567,aeb970278f42e5e23101105f5fc7230e83f5d6ad,q2mm_q2mm
568,aeea1d76af3fb8a691f77efd1fead36442edd308,q2mm_q2mm
569,aeeacc5a34a7807a27092df7669bc1cd538630eb,q2mm_q2mm
570,aeeda6075481e93c763f760b95f3e9b0d39f782b,q2mm_q2mm
571,aeee0f8c93ca0b6c4a59d2e3e55e0c5372c3c1ea,q2mm_q2mm
572,af0f808bcaae76ec4a76df99fd4a37df57e7d32c,q2mm_q2mm
573,afe7dc6359180450864082b151a096de4e2046a6,q2mm_q2mm
574,b02e200cb17c6976acd9ca32746080c2bfaf83d8,q2mm_q2mm
575,b0309f57edf1c8c8bda8826450d0e4e8d0fe959b,q2mm_q2mm
576,b0a4dc1db23f1c9332111c3b38e282907abfd12a,q2mm_q2mm
577,b0c3a75a091775874814af2fead5bf3483d4555f,q2mm_q2mm
578,b0d22df168406c57a3d2adf1531684ddfb0be0c0,q2mm_q2mm
579,b0f88643db9400c1b2b561758f8171e7674850fe,q2mm_q2mm
580,b121aa8e9c42778de0dbf3ba8ecd2ab0d5e9bac1,q2mm_q2mm
581,b157095fd3f40702801cbb2864e24696ee486e52,q2mm_q2mm
582,b17ff2ec43a3c309cae55ed0b151d9fff32e3009,q2mm_q2mm
583,b1e45960555312555e286246fdf63d31b9f949eb,q2mm_q2mm
584,b2123a883d2509ffb42d2284d3b5abffcbe03b3f,q2mm_q2mm
585,b25339d473763a2be7d4ee49b9ba140145e40139,q2mm_q2mm
586,b26404b8cc4a8cc9442b0094d8f326a99bf3eec5,q2mm_q2mm
587,b2a6f343d7bfc528869d447a373da0bc4f6cc07c,q2mm_q2mm
588,b3457877b3bc5594c44567a66b62dd9ec467a3b3,q2mm_q2mm
589,b34e943c85277bb15a4b06ed6992e87c25ef5531,q2mm_q2mm
590,b37b53e719e7520eb302a776f2857322905922dc,q2mm_q2mm
591,b39ae36da33b9ac824f99b81e1b4abdb21b3d0a0,q2mm_q2mm
592,b3d8a9c268d17a19ff592d61ec086a45df8def27,q2mm_q2mm
593,b42bd54764d77fb429730bf90213c91857d59267,q2mm_q2mm
594,b439d75b36f70797b372a0a14c49844a81280fac,q2mm_q2mm
595,b483c29da9ed5cb7703f0c96343a49e360a12d9c,q2mm_q2mm
596,b50992b53448b2ac75a4eb9e0c7799093d9c3c30,q2mm_q2mm
597,b57a8d74ccadb48f374b8cca5f68ad35fd426148,q2mm_q2mm
598,b58eac4f205c80474cb34ed335cf37c6aa5e0cc9,q2mm_q2mm
599,b59273ddcc39730d8ca543762b7eaf6a4db96ec4,q2mm_q2mm
600,b5acb60dba4430cabadbd31b65f4489324d0a041,q2mm_q2mm
601,b5faa7e8ee1c39321fbc12350ea147a5773b0f85,q2mm_q2mm
602,b64ce5b36d751115eb857a57e0e54b5b4df47dd8,q2mm_q2mm
603,b65a7e15815932351cc2095271d27de5bca892b4,q2mm_q2mm
604,b6cda126a47343ebd110012e9a957481abe6d6e9,q2mm_q2mm
605,b6e06c8500bdfd7822f339af4e7cec9dbf576955,q2mm_q2mm
606,b6fa3351649a40dd7d0de12c98c43d238fb10098,q2mm_q2mm
607,b722882c6205950d61135dbf8874baac98d0c3cd,q2mm_q2mm
608,b73963996bad8efd637fdf6ef2518393ae894de4,q2mm_q2mm
609,b7733e94fea5ba09ea83f60630d325bcd626e7d9,q2mm_q2mm
610,b77dffb5dd6f2211c0c04e9f24b6632bea8b36d4,q2mm_q2mm
611,b8d1fc3acdfe73b0b0c3b1b959ce2c0d17094394,q2mm_q2mm
612,b8d385819ad15a94165795eaff3fe6ab6412535e,q2mm_q2mm
613,b9471768742d79ae66c707bac15458df138c1814,q2mm_q2mm
614,b950d86e652f707eb3ad293ac8280b99e5430fe6,q2mm_q2mm
615,b963da6f997a748f58463ecf6515d37225a55461,q2mm_q2mm
616,b99fd6cde49c5be173698a99f04edcac3e417919,q2mm_q2mm
617,baa04d56beb491b1fb529fbbe0b60331a191315f,q2mm_q2mm
618,bafe853f66b8edd3aa53dcdb547bf71f9068e874,q2mm_q2mm
619,bb06cd90c1c22fab0d585ec6f1cbbb5e4872e4b1,q2mm_q2mm
620,bb4d69566bb1c108cef127eb7d8a4d4afec4bbdb,q2mm_q2mm
621,bbe2f58028e085ae34d1c0f324e6abc059ca622f,q2mm_q2mm
622,bbeb5e922c12727b2a0e63d69e316e4d71a105ef,q2mm_q2mm
623,bc0f5168b707d93dd4890b3c933d888c0d53b70b,q2mm_q2mm
624,bc2b7d5f243d6d0c1635acdacfdcd2fb3da7f3e6,q2mm_q2mm
625,bc5b25520386fadbb9ab06d7104bf2c5b0abe0fb,q2mm_q2mm
626,bc9e43c0f11b57988edb070b8900625f6693206b,q2mm_q2mm
627,bca59f56fc056a04febb6365dfe776fe60bc3746,q2mm_q2mm
628,bca8d191270e255bbdf358fe6dc47607ac531fa5,q2mm_q2mm
629,bcdd1441c3e757077b11c6a7fefe0de74f66241c,q2mm_q2mm
630,bcf276405e30085c642834f9075fd0a0da997f56,q2mm_q2mm
631,bd39ced3e93796f1ecc02ee79b5c8e735e8490c9,q2mm_q2mm
632,bd71d34ba4969dcc0a216dcd7266b378fa4d77c3,q2mm_q2mm
633,bda635c48db4311fbcd12015246dbb2649fa8e03,q2mm_q2mm
634,be028250efc2b537021f75bdf8f750723f6e4224,q2mm_q2mm
635,be5037d275cd58fe9c60077b2381854cd0aea25f,q2mm_q2mm
636,be742f787b04bf4fd112fa944ce47ccea49d1aa3,q2mm_q2mm
637,bebff18044cd67c0db3e404a2e40ca98de8cc157,q2mm_q2mm
638,bf5a84fd92c6bcc7dd398d191bf7451cb85177a6,q2mm_q2mm
639,bf7cfd68c45b23b951fb5890ac1334c76dadd43d,q2mm_q2mm
640,bfb246eec52930a874f6d3ba33719f3cd1c5ee38,q2mm_q2mm
641,bfe0f846f666b1a4a2f4dcfd3d3210cbaf5e1a73,q2mm_q2mm
642,c0361e49fd0db8d16413930f11c1440aa56a6550,q2mm_q2mm
643,c08606b3298e075a8f934202729f2c0765e68f1c,q2mm_q2mm
644,c0b001e869c68ffe46632546824ff0aad86827b2,q2mm_q2mm
645,c1058efa660d2c8364dba02643016af19071544f,q2mm_q2mm
646,c13a444ce60375a01726dcb7de8702b9541c8c7c,q2mm_q2mm
647,c15dc5dcd3fe7382adae08a45efd5bdb21c2865a,q2mm_q2mm
648,c1b928be0fc859080765b28f6ee51be7207056f7,q2mm_q2mm
649,c20ef9a7d40a681aa4bce7afe1dbc4def12e7015,q2mm_q2mm
650,c20ff77aad5db24265f25e51299527bbc53f7840,q2mm_q2mm
651,c21589c3ce652aacade6f1995190e801fc678874,q2mm_q2mm
652,c27c2517ea8b5f684264cc2868b2b39a6c54c08c,q2mm_q2mm
653,c2c67ef65e37245a5063fac269ac1f94c4818e7a,q2mm_q2mm
654,c3009ebe7b19216c8dec4b5327d584da0b832509,q2mm_q2mm
655,c49d9b85cd5f0e56875dea47cde0b75b30f63b97,q2mm_q2mm
656,c553455080e42057f7d01a04a80e63e4ca433544,q2mm_q2mm
657,c5c1cf988e451d85f43af30ef2e412f8e60b571e,q2mm_q2mm
658,c5c99d315ded0b223ab890ffdc95a53f4158c84f,q2mm_q2mm
659,c61b8b29cfd1df700896bc46bc8f7bc67efb87f3,q2mm_q2mm
660,c65b6da14f26f5a3be176a93ff11178975692b9e,q2mm_q2mm
661,c67b6b1f19178e7adb6dcecbe78c1ef951dd71bc,q2mm_q2mm
662,c68b3476fb6571869161bf9f29d41c642d5b7b1a,q2mm_q2mm
663,c6b3891b7d1742410667d70cc896823c62608115,q2mm_q2mm
664,c75c8daff9e5ab7ef8b349df6ec3732d767a6c66,q2mm_q2mm
665,c7ad106ffe9924702837691c96396575d7925e18,q2mm_q2mm
666,c7e84704e0cc8f0a3c67ffca12bbb7045beaba4b,q2mm_q2mm
667,c8578e25d10d8c2ccb3938beb7a9d388ee9c36b0,q2mm_q2mm
668,c8d96806ba505e274517836691cbff4ad399843f,q2mm_q2mm
669,c908c255feca86923384953734399319d3aec89b,q2mm_q2mm
670,c90d29557d591c86ac0ea5548c223a877bb349aa,q2mm_q2mm
671,c923f90ae6b0d91aaf90853d15be014d97e5b5f3,q2mm_q2mm
672,ca34343a4021ec8b49234d176780f20fae593df4,q2mm_q2mm
673,ca6cfadbf7024b2c02e12944e2d2bbfea9d87280,q2mm_q2mm
674,cb36b4c1bece4723a9f16ca44d921dcfb8b7ec95,q2mm_q2mm
675,cb8051ec96d34d8101d31bed1850ebc350a69273,q2mm_q2mm
676,cbd1cc5e754b1a09e24c502b321ede892816029b,q2mm_q2mm
677,cc0a670e0ddd0564ffd8256dbe2488458c1e4d70,q2mm_q2mm
678,cc1e202e9a7808a6f779c5e9a6122945fbcd7d71,q2mm_q2mm
679,cc4b30ec4d8613ea91b2bfdb01147872abcca260,q2mm_q2mm
680,cca0d13e59323ee64fae30b1fa29b000ca1a4a2b,q2mm_q2mm
681,ccac5efc1232d23e72088d217a0398d81f20bd86,q2mm_q2mm
682,cd335a02b2ede4c39eba97f2297806c328fb994c,q2mm_q2mm
683,cdb22a1548abdfeaa57c8530578d3bb01d3a1f3d,q2mm_q2mm
684,cdb5f67528da726678838635c6230692db8e1f21,q2mm_q2mm
685,cdff70ba478f9e7e6e42d5eda53ad159279928bd,q2mm_q2mm
686,ce033e2bbed37939801db6c9b67e0c658542d5e0,q2mm_q2mm
687,ce07fa2b917bf6373fe4a184bd651abdcbf7d283,q2mm_q2mm
688,ce688c688c77f198fcb2d9e80a4605f36a28daeb,q2mm_q2mm
689,cecd8b54c57bd6703b3f00aa82ec2e339921a01f,q2mm_q2mm
690,d01f683b374f32adf3aceddb49d0ca6af059c800,q2mm_q2mm
691,d14743b27600c67aec4113c0651ce553699abb2f,q2mm_q2mm
692,d16ea368336fb25f679369740c93be1b1e10fbd8,q2mm_q2mm
693,d1772463cc7cb152151d4ba828c08a52369a6205,q2mm_q2mm
694,d1f2c6d52dd1d539a3a158ff182056fa315cc09a,q2mm_q2mm
695,d1f777f950596cf25bec6b1161d3a959d0597753,q2mm_q2mm
696,d22f2afafb9a22734e4cf7d720708e94e6b7615e,q2mm_q2mm
697,d2a5d41d3c230c1dbe2529e2266b588d3353ba50,q2mm_q2mm
698,d2c31940b36d6f3214da84b262ccea2905679acf,q2mm_q2mm
699,d2e588a59e20150efa38fd7d4c485db6d6d45b45,q2mm_q2mm
700,d33eeaa6c8211b465aa3f00bfe0714a24af7837d,q2mm_q2mm
701,d3bd28063efb9ac84e40fd6d471509b1977388e6,q2mm_q2mm
702,d3d4386dc62e15bd94c41e2ca2d740bf2bc00252,q2mm_q2mm
703,d468b9ccfc176816d204a277f5ac475246be591a,q2mm_q2mm
704,d4aeeedf5ba4f6fce3684c38b47a66baeb95ba00,q2mm_q2mm
705,d4e299b5016470eebca80e886b6feee29d806543,q2mm_q2mm
706,d5150c58a0098dbbda1ff7f485d5f4fbb2b08fae,q2mm_q2mm
707,d52fe12e481792c0bfe74ea71a60532a03d532b8,q2mm_q2mm
708,d54fdea48fdcc7d4cf838734263cf2e2247d73db,q2mm_q2mm
709,d57e0b7738636c0141745749fa1bc8ffeb5b2903,q2mm_q2mm
710,d57fe345fb902cf46e4ad4a5f022580f9bb1a6df,q2mm_q2mm
711,d60cf4b356d74c4888b64f84dbe4200c6579741c,q2mm_q2mm
712,d64646574b9bed9f5d45dc01628ec1d353b9f4e4,q2mm_q2mm
713,d6872fb4e4f5f5a0d4bb7eff8ac5f60985967158,q2mm_q2mm
714,d6a71a115708f7dd34c3d4dd4f73450662702c71,q2mm_q2mm
715,d6cb5f711141f5ff2660d580837b3e99cbe9674c,q2mm_q2mm
716,d6ce819fe74373d3293501fcbfe1653dada640eb,q2mm_q2mm
717,d6eb168e19b13e73eff211322382fbe3a17208dc,q2mm_q2mm
718,d6f081cab72ed9d0dd4b6ecdb6d1748146108a68,q2mm_q2mm
719,d768da548eba22919f83ea935a30b81b6fb6e64c,q2mm_q2mm
720,d7afcfa33a241e4ee4210e3de1d884a8ab42407b,q2mm_q2mm
721,d7b2490db7053a46fc6d318ef93aef730a812e4c,q2mm_q2mm
722,d7bf911eee2c86c6e7729bd921dcb0ffa25af45b,q2mm_q2mm
723,d7e318bbe1e9a1beb5133a1c65475139919c3f90,q2mm_q2mm
724,d831c45a740cad0facda25cf3cd698aa1d642db9,q2mm_q2mm
725,d83a91ae68090b4de3439880485a3189facddd6b,q2mm_q2mm
726,d89e8b3d18f759c41cca2389e668296b5d9e89a9,q2mm_q2mm
727,d8ec8de12f55c9d008348afb7984ad8a652c4b93,q2mm_q2mm
728,d904ffb25b5bb909f2b68d02b851a8d0675b4bb9,q2mm_q2mm
729,d94245d4fa79e8146e92b8214ff64c07e67bcf5a,q2mm_q2mm
730,d96bb9e66eada65b45f87c5c66d3cd230cc6164c,q2mm_q2mm
731,d9a44a03505fe7f2a37ce6b490e70c67bfbb136e,q2mm_q2mm
732,d9b5730a58529dddd791f8dda4b992c6bf171cc4,q2mm_q2mm
733,d9b9a1b2a46e8c11debcbc39f639c3729727283d,q2mm_q2mm
734,da191bdb525e736c79d03fe2b6d42a778880155a,q2mm_q2mm
735,da4cb613e085accf324a079666c9f926da479642,q2mm_q2mm
736,da60108139fb7220becf9fd8e688a80607d5b5ee,q2mm_q2mm
737,da789ef5da0e442ff7233816daf0809d94821169,q2mm_q2mm
738,daa3adf611c0524a52f4573ae925ff8ccca35ff7,q2mm_q2mm
739,dacfc41924d3ee6642d8e9688f323a4f0ba3d0b8,q2mm_q2mm
740,dad3d9d29a3b2a021658cce0b39d70be2394724b,q2mm_q2mm
741,db0459412eee619d0f971512b9c07d7385b2e88a,q2mm_q2mm
742,db46a8dfaa798acbc0c54c4f587cfccae0ced505,q2mm_q2mm
743,dba816eff903c30a47f0efd48dfd515ffb1f2ed9,q2mm_q2mm
744,dc935d06d0b12d8f3c252b7c6cba3860f1437dd7,q2mm_q2mm
745,dcbd1bec4d14438144b2a1d5db86830a93744e80,q2mm_q2mm
746,dd1c25eed9df012ef443ac8da89220a0432f2b1b,q2mm_q2mm
747,de087735cda2b9a03581fbbb581bfbed3f4934ea,q2mm_q2mm
748,de38042600706afbff31833ccad701e8a08d7fe0,q2mm_q2mm
749,de4b0f0f344260abd039121f9d2f45d353115860,q2mm_q2mm
750,de511d7b006266c4638074b87813b0ebd946de53,q2mm_q2mm
751,de6df30595e2f6ffc488b9b7944b0ecb1278ad7a,q2mm_q2mm
752,de9a336c561ea4e1125621aed482ac3566a553d7,q2mm_q2mm
753,deaf5f1ef7e089ddc8618d8409e0a7224f7eba3e,q2mm_q2mm
754,dec6d7ed20fcc6bba27d52cd8ab8eb130c480210,q2mm_q2mm
755,e05be696a90cd9fa4356ee597756fa27e474b248,q2mm_q2mm
756,e0726de7258fdbec7a805b10320cb2d512c020a9,q2mm_q2mm
757,e0734bc7cd352a7a46746432afb44914f6f42bbf,q2mm_q2mm
758,e0804ea56d018b51d905f0aef6d9d9e374bea188,q2mm_q2mm
759,e080aa32aa3022d77264a4886e4cee4f4896d8ae,q2mm_q2mm
760,e0837440e424a35a05d671dfd619d5c462577136,q2mm_q2mm
761,e0cbad74423721be2fb2288fc4d6b0cbffb8ee79,q2mm_q2mm
762,e116a587546a00ed7eac9ea0f41a0506ff4f633b,q2mm_q2mm
763,e1b6554383f95f1684bbf8a54b4f86f862653445,q2mm_q2mm
764,e1cf0487d794d1f3c03210e4c9553583fb4c7859,q2mm_q2mm
765,e1e6948954778a11841dc84b7b1fd9f835f8d7d3,q2mm_q2mm
766,e27254775a9516f5de23af99462890b2436dfb1e,q2mm_q2mm
767,e2d47e5453d0a9098478b521577d4ab40e5b0eb0,q2mm_q2mm
768,e2f493c698f8bc1a7a7954b2a3c613254ba6c857,q2mm_q2mm
769,e31b67c25987994338062fd3ea329d42cd2a2a5e,q2mm_q2mm
770,e339ca4ff19fdd26db9501db01c46ae7ddfcb5a8,q2mm_q2mm
771,e3786d65ac53eea8b860acbede4613185c2a4f65,q2mm_q2mm
772,e390fef263e33bf5926b5dfc85b7cc460b33e1c4,q2mm_q2mm
773,e3c6268e4482026bd01bd19c2a54480be54df26f,q2mm_q2mm
774,e40261269dbc07416b87b8a3b14ec2fd5b014f97,q2mm_q2mm
775,e417d69ad3c54c5b0ed38aa2550275fa0c998ebe,q2mm_q2mm
776,e4a35c9aae735bde34f9dad72d02b93ca060bdce,q2mm_q2mm
777,e4dbda64bbb8aa8fb0df262e0b1d42b53aabc3f0,q2mm_q2mm
778,e4dd92a41fbbfdd73b00050987d206099c53ba5d,q2mm_q2mm
779,e4eceb6e947ed50ab4c6b36cdf9e04ebc1241160,q2mm_q2mm
780,e550b4fc3fad3a77e0821653cda35da53f654af9,q2mm_q2mm
781,e5522930bd8bfaeca9c851dd455a747b494f5d16,q2mm_q2mm
782,e588dcee4617ed43f49a6f1695778e4372fc8816,q2mm_q2mm
783,e5d7c8d39e9245acb4d69efc9f767fe23f917d0b,q2mm_q2mm
784,e5ecb4330c8ef061133f34ea1d402d8a0896ee4a,q2mm_q2mm
785,e63d98b4e35c1465bc09eb9c14c70b851ed78bf0,q2mm_q2mm
786,e64ab80beaaf591b39ec112ae462cbe8d68d1251,q2mm_q2mm
787,e64af0c13848ab58abea4600992aa95f3882f109,q2mm_q2mm
788,e6645758a1ce6a4af0d8552ec928e85063960413,q2mm_q2mm
789,e72ce192c02f1ba0639656f43b84c3b60f1561b9,q2mm_q2mm
790,e7303170113885e527f8ba705d0a0b9686007e55,q2mm_q2mm
791,e76074c2ca22e0b119bf4146a2d12648f6e44f86,q2mm_q2mm
792,e76ef4c9a438159ca81066715181f903479c17e6,q2mm_q2mm
793,e7a8969b70d8b61b523d640f451d5d68ef0f9b96,q2mm_q2mm
794,e7d0794e8b6c91e296a0df353e02f91ad5c2ddae,q2mm_q2mm
795,e7e4cef81a0b370da3d69e1b3db04a82970ce952,q2mm_q2mm
796,e8477acd78b09f7380da563923492507e22dcf73,q2mm_q2mm
797,e85d2fae76022041c02850f3da48331c62fad68d,q2mm_q2mm
798,e890af851e02ae158d67c622d59717e46a5ad1bc,q2mm_q2mm
799,e8a7a1b147cbb56229c2b5106b5f309b95403100,q2mm_q2mm
800,e8af2c6821b5d50aaafed884c593e4f0a17936a7,q2mm_q2mm
801,e8f98c84711d784865ea686e97e31ac8a160c58b,q2mm_q2mm
802,e916c05b313b39cd6168edc751dcd68ae4fb395a,q2mm_q2mm
803,e994815744e5daa715bc16baa059815d3f47ca35,q2mm_q2mm
804,e9a20f05ab135ca3ba820305247742c6d3694f6e,q2mm_q2mm
805,e9d6823bdc3b1bdd821bbae8b7b0c150d7284574,q2mm_q2mm
806,eab2ce2fcadb165276182c93967d48c0b36297a6,q2mm_q2mm
807,eabb899aebb9b7c825add67c5f0c1207c6294b8e,q2mm_q2mm
808,ebb75f1b256967eb4448f0a2f24de661a9f93445,q2mm_q2mm
809,ecb9334e28ae04caedfc71bb741369e98b997c61,q2mm_q2mm
810,eccbfe99e98dc466532f3dcf9effd7b99dde6be6,q2mm_q2mm
811,ed35b3b22495e7bb9318aacbd533c7f93d0bc3a9,q2mm_q2mm
812,ed63da7a946cad81810f62ea2f1f6d8bc3664760,q2mm_q2mm
813,ed94ae028facc8f890947b313f39a89a1c7bd5ee,q2mm_q2mm
814,edcac3f1c8baaacac969448be03a44431c7f329f,q2mm_q2mm
815,edd203fd73d5b17dcad360e0cbf7afb624474389,q2mm_q2mm
816,eddb14f894214ad7598ce0fe7e84555a718e842e,q2mm_q2mm
817,edecf648f08ab1f71780271f48c6e0e55a12aec1,q2mm_q2mm
818,ee128a148b1d956a22bbc5b480deb6cbb6eb998f,q2mm_q2mm
819,ee25f8c75afbba17b504f65a662607414233423e,q2mm_q2mm
820,ee4db1fab021b50654a44c5877fe7a61ea2b1295,q2mm_q2mm
821,eef350ee2dd79c3b7338cf837d7304f95a963825,q2mm_q2mm
822,ef0a5ba977a1b812d7208d8ab3c4d306fe5f4e01,q2mm_q2mm
823,ef12be0ea38f0c3890c1363a1cf3df1a73e1022f,q2mm_q2mm
824,f0380670b3003930f101258430506fe02051fa3a,q2mm_q2mm
825,f0526320af131c740d895203dae652c05dfa5dd2,q2mm_q2mm
826,f0b7c3ca5205301aba2cc8072ccab4e5d9b6159d,q2mm_q2mm
827,f0c626715186089a4eb4937ad5bacc6485d7609d,q2mm_q2mm
828,f11eb26131cb5e5d118a2ad262cb1b408657dcbc,q2mm_q2mm
829,f21c0c21ae7c0dca91cb931b16030ff1cdd8ca87,q2mm_q2mm
830,f29e26776164c77df8b964bdf366fbe6bacebbf7,q2mm_q2mm
831,f2ab845209b828b436f83532c825683b24b54834,q2mm_q2mm
832,f2e57cd2c825e7bf29821cb65c451e1189f6f65e,q2mm_q2mm
833,f31b9a6c6e33ddcb6e9592cbbc28104ef6ce505c,q2mm_q2mm
834,f3d15fdee3b6b855ae549cd8be544b1a641bc682,q2mm_q2mm
835,f41b302fb187e3a9d5877e93eeb8cd802a97538d,q2mm_q2mm
836,f477ddd35b397d4246b12a98082add5a848a25c4,q2mm_q2mm
837,f4f4d496d325f3dab6895312d7e2abb37603bf79,q2mm_q2mm
838,f55809c0628c74d1fcbc4bb33dac49fcc93c68a5,q2mm_q2mm
839,f5661d89fe5cc2a66e986e08767de56666914682,q2mm_q2mm
840,f5db5183cabb7862067e60584240e6d55b17d736,q2mm_q2mm
841,f652142dfb4706c6ec4c50d2b879830674e09cc5,q2mm_q2mm
842,f6f1538c82859998243e4d0e4491cdb720de42de,q2mm_q2mm
843,f6fbd8cd5858aa339abd2f6352179d21efb7bf6e,q2mm_q2mm
844,f7835a417ea33df9c6e02b66a59309b05d6ae27b,q2mm_q2mm
845,f7a3e337144d851673c43dd138183d2bfc8d0381,q2mm_q2mm
846,f82dabdcb06b85cf301c75b13d1a28a3c4d299fa,q2mm_q2mm
847,f95c923110252372334fcf2d93238358df9de573,q2mm_q2mm
848,f96697ca13cf51c99e319d9678a65a10258b5dcb,q2mm_q2mm
849,f98c1590f89117f6ef13ecc53403d6bb0efaa0a8,q2mm_q2mm
850,f9fa3f5adfb8a5eb30e856c68c47f7654bb6bb34,q2mm_q2mm
851,fab6df965a765970275e373c28ce0e6bb682bf8d,q2mm_q2mm
852,fabe03c2910f4d6f0b19d5e80b88f70304f6e8f3,q2mm_q2mm
853,fae43452e1c2bd6c166bb74cd7598ae8332bf182,q2mm_q2mm
854,fae67cbec9af5b8ab04dec91803e84d88db1a687,q2mm_q2mm
855,fb01b17b20eb5f2c227323677caea3c53936c913,q2mm_q2mm
856,fb662bf6f11904d364ce5288e71a45f8b943e4eb,q2mm_q2mm
857,fb78b4c9b1e2b38dc86e3a9a10c7c85ec0d9dc9d,q2mm_q2mm
858,fb7d379565e266b59e25746ff84f53454e15f811,q2mm_q2mm
859,fb7f2805fbe98ce15983948d16256a1586796bd7,q2mm_q2mm
860,fb9c6d101fa08b8e24ea07edebc0a2e81221be36,q2mm_q2mm
861,fc398e38c08c8288f155eeb02be041a57295ba01,q2mm_q2mm
862,fce5f9ebd7e6653b3c4f6275077ae4f261bae1d9,q2mm_q2mm
863,fe19e4675f0d938437efc0ec1cc19f6af1afa098,q2mm_q2mm
864,feaaadfc6dc30bd24eda903b4d69485444c5d8dc,q2mm_q2mm
865,feb984529809712c21ae61e14b005f7a36211eb8,q2mm_q2mm
866,fee5abee2aa429d982f7239ff1d6a219a0f28e9e,q2mm_q2mm
867,feebe489a978c914fc1675ce2193c2315b1bc68e,q2mm_q2mm
868,ff571e5feb00aec3fcf73e53e7d6a6903ea284e3,q2mm_q2mm
869,ff76872f119fbfb5063d18bb68e4b202f91bbc6d,q2mm_q2mm
870,ffc744a97f490e67475f80113cac53c9f94e5b87,q2mm_q2mm
871,fffa41a79c6b6d1b928d9aae02ee38ef3f6b6b44,q2mm_q2mm
0,00190757ee594897d98ace14c0a7e0e088e61c74,natverse_nat.nblast
1,0071364a83177ca839eeb26250ca5d689ddda941,natverse_nat.nblast
2,0139809fd4b3dcb6b6c071019facc23aca99e1a6,natverse_nat.nblast
3,013e775a7d2eaa54aea29833ec6f8485ab0888aa,natverse_nat.nblast
4,016183a769df3b98312df4841444307d13150d7c,natverse_nat.nblast
5,02bd33271b12fd3efdeb6a88e1239d6a7c4c9d6a,natverse_nat.nblast
6,02db0268a7c88824928b28130c27834d17e2a7d1,natverse_nat.nblast
7,02f99a4d6d56f212e43ab9b16dd7f9cfd76f74c9,natverse_nat.nblast
8,040863cbddc88417c60ec6443ffd7dbbc97ad1e5,natverse_nat.nblast
9,04926e977af8f3428d496692dbb0aa0e41792337,natverse_nat.nblast
10,060b9a6bd4f53f1bbd8a333a198c5f1c173984d6,natverse_nat.nblast
11,079dce8d9e9063143afad05ce220094b1a74739f,natverse_nat.nblast
12,086550ca405fe5821b2bc99097176ada0b21dfe0,natverse_nat.nblast
13,087638d2a2eb484802e39b04e7ba869fc7588fc8,natverse_nat.nblast
14,0948663f0b4a5c6b7696b65146628b299c45611c,natverse_nat.nblast
15,0a49fce626cb9f5f32d7db2df129e776a331e9c1,natverse_nat.nblast
16,0ad9c9e62fb12fa630e3cf731d84b4d545b6f7b1,natverse_nat.nblast
17,0b09750f1376a805c5fbe7499e15b4b048f267c9,natverse_nat.nblast
18,0b2d0ef770e04028f7ca06481873ee49811b0adb,natverse_nat.nblast
19,0b455574e3ebcbe07c251146f4588f35f71dd8cc,natverse_nat.nblast
20,0be267fc594434ed665cc1ba7be1490215695372,natverse_nat.nblast
21,0c98ca03f2c5aa2d73a8fc7154ae3e6a6023bccc,natverse_nat.nblast
22,0cf10f9f75ca0482252975042ad1b768f0369737,natverse_nat.nblast
23,0d0e3059a5ba4e2aad3e0495f5d4a81b1338f3f8,natverse_nat.nblast
24,0e68ab83c6532b35ecbc47eba93612e05c6465a0,natverse_nat.nblast
25,0eda5e866aa17aeec31c5370c3ad116e3a64c0d1,natverse_nat.nblast
26,0f32a09815cebceb4617849df47e8a640378cef0,natverse_nat.nblast
27,0fcd9197a5b089f554e1af0caf6afbc885f57f2d,natverse_nat.nblast
28,106e226e0c6869e70cf0a76ccc9d29b94d607a84,natverse_nat.nblast
29,10ac2f13cb9b1d3986440f69a35622d92405a2b5,natverse_nat.nblast
30,10da9fee93d7f83a79d12cf7b08cf5c4001dd17c,natverse_nat.nblast
31,13b9601f9c6e2272f055f176c982789da6661f4d,natverse_nat.nblast
32,14b45241e3f9ea05763b812feb89c6dd03cfd749,natverse_nat.nblast
33,1577e3ba42f32e99bf4b6b90a8509fb4054ef42d,natverse_nat.nblast
34,169f5cd6c0856093194d1f763fc34755720d4ffe,natverse_nat.nblast
35,16d660d6b1c8feb8fe13f4273baff24ec4669ec4,natverse_nat.nblast
36,176c6a58b7acd537672db7a3a05f39ea13b1275f,natverse_nat.nblast
37,199b617292c289e595e0c25ad3a338d9ebdee42a,natverse_nat.nblast
38,19a9b235ffe9b3510ff828abd23f37aa1249a724,natverse_nat.nblast
39,1a078134a6274710bf2c72202fad89c1b6ecdb41,natverse_nat.nblast
40,1b15421cdf4313fca10bcb74d122eab15c5d7d50,natverse_nat.nblast
41,1b55d7b42e15082657f49774e275bab78d621b3d,natverse_nat.nblast
42,1c3e0f4ad6dc844d80211e2e50a23637b52c1a5a,natverse_nat.nblast
43,1d4577cc5f3b67aba18500d4c8d9252aea305b8d,natverse_nat.nblast
44,1d5e0684914c8d16168aa713f43b334a2de9bf72,natverse_nat.nblast
45,1d744278847e7126a34038cfeb9f2ab3b267ea58,natverse_nat.nblast
46,1de65bd088974cffd361432a51b6784b8d565ab7,natverse_nat.nblast
47,1e08d851ec2821d53509fc00cad01d386537d0c0,natverse_nat.nblast
48,1ec3e3d6de6ff61bd0b5a263acf0ce233a14ab2d,natverse_nat.nblast
49,1f2f3d0eae4fa87f4b4b7083d74f3613ae0d6280,natverse_nat.nblast
50,1f80a3b81871b0cb88fceed339ff49685bd0b1cc,natverse_nat.nblast
51,1f9d79ec474711d3bf3e3da7763418e5254f4370,natverse_nat.nblast
52,1fb7bdf0622d0d10c6fc609ef98873cfc1d5e3c5,natverse_nat.nblast
53,20092404a1350395f53e8874e0b4802059f795cf,natverse_nat.nblast
54,2058d56a6af295858970177dcdbe2f93524c8d2c,natverse_nat.nblast
55,205e4df479e9d6146b8d6c98a1cd6e2d60a041bd,natverse_nat.nblast
56,206bee46c35dd2cb470d7607ac615733ae4db22f,natverse_nat.nblast
57,20a9824fd3be6da55064dcfb55647b44d728fe0c,natverse_nat.nblast
58,20cf7a8589a43b172372d20703d12401068a691c,natverse_nat.nblast
59,215c5cf03805a1acb00073a120270e862d4b6136,natverse_nat.nblast
60,219f11a123ea5b75710e9be6398f7842dda441cf,natverse_nat.nblast
61,21ac3a7e1085a92bdd060c63a3602551f34bf161,natverse_nat.nblast
62,220e1f45c1188ed370ebfe71ad937fcad9294257,natverse_nat.nblast
63,2345d6213481ae35ed80bbc73151a8f63bd29efe,natverse_nat.nblast
64,23ba3c2324a2b01d29adcb3e50d0e3b51e085890,natverse_nat.nblast
65,241c9de05748290fab3ce6e5cfe905064ffd533c,natverse_nat.nblast
66,2460b6449560f2e67bf7e87159325292b4f49491,natverse_nat.nblast
67,251727b1e08383668983a5a7e47c4c357f116b55,natverse_nat.nblast
68,25a284aa2173516d667fb01c06184c4dab0ffafc,natverse_nat.nblast
69,264143d8fb83c9e7f7997a350590605949f6e59e,natverse_nat.nblast
70,26671d42ed1729293db749caa1ab146c76447f45,natverse_nat.nblast
71,279b02e76a3d483576b0f2a84104d9a2a6bc99c7,natverse_nat.nblast
72,28067f4e4da643665d346065f1dfa9a08f858284,natverse_nat.nblast
73,28bd66b343d445b79b4b3e39a445cdb94b145a0a,natverse_nat.nblast
74,2902945fe435a45c19f0e78f27c98966363d5d29,natverse_nat.nblast
75,29b2ff983bc26e0a56a56f9e2caec7814e67a836,natverse_nat.nblast
76,29f67b4cd6505a47fbfac361a4a7e2b18d7d093d,natverse_nat.nblast
77,2a33b56bb2a55010e2537ce2fa2cd42b19cd3c9d,natverse_nat.nblast
78,2abfc2811b6b8f1f030773c7a37d3b9f3389a4b1,natverse_nat.nblast
79,2ad481747e4899d7fc4cdcac776ccc00a59df32f,natverse_nat.nblast
80,2c5d659afb52af4f14618219e28ce03eab851a09,natverse_nat.nblast
81,2cf9b053c55c4e4d5d7b537957b08c57bd133a1c,natverse_nat.nblast
82,2ea1476506649a46c96c34a967a8cec186ac6ab0,natverse_nat.nblast
83,2eb1bd061169f0eb7fc3686165f161b2b2b3ca02,natverse_nat.nblast
84,2fc645c3525778da902f3e91afa22d4225ec674b,natverse_nat.nblast
85,316df4eb045d094792cc3fffcb310a12f6874287,natverse_nat.nblast
86,318df99162748956eb6b14ad87741b37e2d5bdb6,natverse_nat.nblast
87,3370e144e02a6c303a785273a0c785ca1c6bf9bf,natverse_nat.nblast
88,33d40a207a87510dfd6a072999fb12aab2a57825,natverse_nat.nblast
89,33fb7947968c33b7cad6020d589bee7a4e90dc52,natverse_nat.nblast
90,34f331ffcd716a59aaf99ed360a9f3a3f58ef64b,natverse_nat.nblast
91,365cd49c726500880f684831d1ae537a47313c75,natverse_nat.nblast
92,367af8cfd4f791bf544f2fdcbc9aad1c624da3af,natverse_nat.nblast
93,3820fffbc52cffd21d9760dd4365c9423e3f283b,natverse_nat.nblast
94,386234de901f0943b0b01074a0e3a5903dbc7c58,natverse_nat.nblast
95,388e70703b078e7a784eb9dcd14ec6b859fa1116,natverse_nat.nblast
96,3901bd3c061564f0d7454fa22dbca66a08fc12fe,natverse_nat.nblast
97,391e2704dbae863d435ea98cff91999872462226,natverse_nat.nblast
98,396c88a5cfdb2802b604845a6a610ccec7c28712,natverse_nat.nblast
99,39d9570c15cb8262cc05a20ada014e46a843a2dc,natverse_nat.nblast
100,3ab2fce2c9c8f2193c1fae9a2953afc655eba80b,natverse_nat.nblast
101,3b006d79cfdda5bad1388bd547d8916d70cce4c7,natverse_nat.nblast
102,3bad80cbac25dded222f1728a17817de1caa005f,natverse_nat.nblast
103,3bc86d3adeacfdfc3b3a95d73fded0d0871b832b,natverse_nat.nblast
104,3bfff0c11c3ade45476fa270fe45a67b89586662,natverse_nat.nblast
105,3c3528f13d5ce07e50308ad82f81ffbc12217693,natverse_nat.nblast
106,3d24b1265295cd300615b63f8a82541dbe4c6586,natverse_nat.nblast
107,3dd3b5b8f6c8185d258de77072e9f06c0df55fdd,natverse_nat.nblast
108,3ddbe09fff298150bcc50fa54621f5f91c4b1e1a,natverse_nat.nblast
109,3f510fb7484ef8276a5c8cb7a53ce6baf921a768,natverse_nat.nblast
110,3f59ff7938acacc2f9481912ad1a00d1437ec62d,natverse_nat.nblast
111,3f9a34d3869be45a73ca0607cc27b40cb1a04374,natverse_nat.nblast
112,404fc35754c1c8c559e8eb21e6324083fd510d75,natverse_nat.nblast
113,405f7d5aca48805499b635f8cfefd97c5e07dd5d,natverse_nat.nblast
114,4140d5c2cc882bdce16e55dc674c02140be4fea2,natverse_nat.nblast
115,414b2865f7c9d9ead88f8e78ad993c1bfd5c1b46,natverse_nat.nblast
116,41c0220c1559a71e87eb75ec8737660946dc9458,natverse_nat.nblast
117,427dfc6262d45ab2b298e30211cadd7043609a9f,natverse_nat.nblast
118,440dcae260e83ccda38f4bac6f8106fe6fd8bc77,natverse_nat.nblast
119,44200f7cc23dc60049f765df969f14ba59112237,natverse_nat.nblast
120,452b5c21d80279ec456e594f89f5c8e8f000a05a,natverse_nat.nblast
121,4535ac5b93393742002f94fe0182c0bcb14778c3,natverse_nat.nblast
122,45a9243f96ff00f2daad0d07e2d37ff4f9a897d0,natverse_nat.nblast
123,4625f8f0645983ae522b3da17a5d02450f1c2140,natverse_nat.nblast
124,464451527deb1d6a8ce5fc1b6d5a208de14c0164,natverse_nat.nblast
125,4679a642fdf04e902a9666e1addb712941342b29,natverse_nat.nblast
126,46c3129f34426ddd4e690a804e739cf24069edd9,natverse_nat.nblast
127,46c64bcd9606435728a452312e2e3940a8d76a18,natverse_nat.nblast
128,46e4258daf11a72858a2d7a89dbdcddf32bc75a0,natverse_nat.nblast
129,4723226786646f3fa0423f58cf9f373ce4b84eb9,natverse_nat.nblast
130,484f3db2ca22865633935bc77ee660403b2b9310,natverse_nat.nblast
131,49810a674d2ce5564dd3bc361167a294c15b138d,natverse_nat.nblast
132,4aa0a06ff3cb06ad974b5750dd26125361e0807f,natverse_nat.nblast
133,4b16f9f6edcdc8deb20d9d98b7283833f1e707e8,natverse_nat.nblast
134,4b479dc042e0289387355118de8d865d8cdd56ac,natverse_nat.nblast
135,4c00178e2deac79783dd69714ca4dbba7e38a11b,natverse_nat.nblast
136,4ca04d7767e4f142b49ce75a233717d1b99a0de1,natverse_nat.nblast
137,4cc24c608c9490ce5d6dfd0e65c5538f9712ded5,natverse_nat.nblast
138,4f55112d8512ca52b160dd25d9ffe04bdd2afd38,natverse_nat.nblast
139,4f6315687a8aadc72a94829f2b31fe3599c112e5,natverse_nat.nblast
140,4fc7bea572fabd91d80aaaeccf93e47ad11bf7ef,natverse_nat.nblast
141,501b6d302f08a8b09e47019ae192b3cf59d1520e,natverse_nat.nblast
142,50935f8761b292412dceee41bd9a1eeca22303bc,natverse_nat.nblast
143,50eebf79b014a01f82688981eb6e5c2d9196cc4f,natverse_nat.nblast
144,51fa750905813fd2c8158bc9d391f17d0f51d02e,natverse_nat.nblast
145,52092b155a52056ac5b90bb59f293ff1f45d449d,natverse_nat.nblast
146,527b8127be17d2962011011161e73ddb524d5340,natverse_nat.nblast
147,5308afff7bafcc71b35161539193f69cae83a757,natverse_nat.nblast
148,54b9ceb8f9e368ddb104052ec09b3302bf68bbdf,natverse_nat.nblast
149,5700478832d93202cfbc49f65d03100475919896,natverse_nat.nblast
150,58e126b4abf906293c0daf3d4080a0663219ff0e,natverse_nat.nblast
151,59d56ea54df4d6248e6cbb5cdafccfb756cc07cf,natverse_nat.nblast
152,5b2e11e459e9af9474ff2d1c86353c0c93743d22,natverse_nat.nblast
153,5bcad8182e3504bfe1e9df4381bc232f3082b499,natverse_nat.nblast
154,5bf2d205046bffad43caddc5a5f00b20fe8d07e1,natverse_nat.nblast
155,5c884dde9391185b1d670e05115d4d46981fab17,natverse_nat.nblast
156,5ca50beb7e0078b82bfa51f6930e090c456184ff,natverse_nat.nblast
157,5d1a4ed83ffd3ae1f81222f4086f23b9f3be451c,natverse_nat.nblast
158,5da499d2a6ef8b3bef88711e7c37385e1dbcb4c7,natverse_nat.nblast
159,5ede56db2a869a2b2e7968c6fb9e9457313d5ae4,natverse_nat.nblast
160,5fdc16f465260ceac8b12cf7809c50a8be58222d,natverse_nat.nblast
161,5ff3afc463ecee71ef1428f027fa1fb0c7ae9408,natverse_nat.nblast
162,611da8b6fd32ae2c6735088b42733515ca999636,natverse_nat.nblast
163,6215f5e81100a0ef6970a7340051c8610cf76efb,natverse_nat.nblast
164,6312a5cd5c9a1e5334cccdb7f078fb46976f18a0,natverse_nat.nblast
165,637e071e9da2d592b425bc3e14d1fd672ee8eeb9,natverse_nat.nblast
166,638bb81eda9d8962cbcf627504cdb1b5c2399add,natverse_nat.nblast
167,63eb018ceb1b9b316ae3528bdeb79fb4a80a2a7f,natverse_nat.nblast
168,642d49dca890b715ead0f6d20c02ba85a879c04a,natverse_nat.nblast
169,64df864f6512f740bedd4aea76b5b523982cf29c,natverse_nat.nblast
170,6505da6cd661fc1d1590ae2d456dee0c0dd8a285,natverse_nat.nblast
171,65675282cad5caec3e8fd87e6b609a8ae5959085,natverse_nat.nblast
172,65c2189c3b6562480870e2f00d6e84970f0814b0,natverse_nat.nblast
173,6631187d6d23a3c359bf515cd7d53a9ee9cd9dc5,natverse_nat.nblast
174,6638739a57c1ade031d1604c378b9fd94011afe8,natverse_nat.nblast
175,66bdb9848c58a0368d330d6fba02ff8033eb6eec,natverse_nat.nblast
176,673915f7397fca8800a649bbae493598430af1ac,natverse_nat.nblast
177,673c64c4f8d278e3a9b0ee16a13c63be941439ab,natverse_nat.nblast
178,67d663b54a242f40c14629ee790ee3359cae186a,natverse_nat.nblast
179,67d810cc95c2831bd96c4c300e6ebd564d5f193a,natverse_nat.nblast
180,67e0ac2247b6e41f26cf002dcfa930772c319c98,natverse_nat.nblast
181,67f4a839fa232502e237d8af60274129f4f9668b,natverse_nat.nblast
182,6844c6d700383be8701fe959d6e4624296b3ed7b,natverse_nat.nblast
183,688a9ea0d6b7d891bd0771ad919fd1b4aa9dba7d,natverse_nat.nblast
184,68cf18ee28b8dc35a00e963977d180b28f351478,natverse_nat.nblast
185,6906ac7d3eab668cc6fc222631cbfb63fec4e819,natverse_nat.nblast
186,69a2f1f867972413b3af0dfb6420647f454ecf58,natverse_nat.nblast
187,6aee967be630d11c1ad8af9712e01a53fc3abd6b,natverse_nat.nblast
188,6b2e032ad5249a52648253309afbd7a378d2cb6c,natverse_nat.nblast
189,6c0bf54f4c24328ed1bcbafb6498be30735b1241,natverse_nat.nblast
190,6dd6bae4cffd4dc65ae0cedeeb13cc3bf1b3582f,natverse_nat.nblast
191,6e680869b44ff1d42ac3fd96574392f62c91cfc9,natverse_nat.nblast
192,6eb22e53d79a5a9e4f7a54ea7657cec5522698a1,natverse_nat.nblast
193,6ec226103bb5dc69ae308d8473e2decea475ea36,natverse_nat.nblast
194,6ef00be6475af483cee266806c9694c82d6416a9,natverse_nat.nblast
195,71638765a9d118e97dcff51a726f517f1cc6f464,natverse_nat.nblast
196,71bcfdc548f2a9d18b7a7782bee3d427bd7c47a9,natverse_nat.nblast
197,71ce6666f1b931cb9f1d4cd02b8097f93089adac,natverse_nat.nblast
198,72bd33dcf4aaae0c6e8bad9002a090266530df7c,natverse_nat.nblast
199,73910a1c036395985cebada4befb31d0b0f0ae15,natverse_nat.nblast
200,75143d5f4e533eee5a19aa59ddc44f391fadc8bd,natverse_nat.nblast
201,765da8f7c62ae5c32f5352e7e7c2858fab8d5df9,natverse_nat.nblast
202,76e2229354b9d9b9cc81669b761c3089f83e84f9,natverse_nat.nblast
203,77087eaa9bb88e71bb3725f0cf8fab68ef35c568,natverse_nat.nblast
204,771e3cc4d3908a19d58605011560a2ff6366ba31,natverse_nat.nblast
205,7797455b87f048e4879ba466cb79c78fa60850cc,natverse_nat.nblast
206,7896432487106a04d318e1fdf10a7309a0045945,natverse_nat.nblast
207,78ae5b59d8cf5d0c9e53d2706f1fd814b8b3268a,natverse_nat.nblast
208,79ca7cb101b6fcf2bc808aa93834d67724e16b39,natverse_nat.nblast
209,7ac726fa4b2e0ea11a1d4bb74c3948fd9b9e0e20,natverse_nat.nblast
210,7bf4ef35f5d92fd41fa75374ede14d16627ece25,natverse_nat.nblast
211,7ddb6cc30f2d182ecd3327f2ac38cc4e994c6b07,natverse_nat.nblast
212,7e44852daf870e91a75d04d4a988ee70e7b4dc30,natverse_nat.nblast
213,7e5d01199f9af202a40468adcb968aaa07aa98ef,natverse_nat.nblast
214,80252653eca87827d4df7058e5ed0299d2fcf5ae,natverse_nat.nblast
215,807ab6affeb63b0b2c71c6ca4c329aebdcbe0c4c,natverse_nat.nblast
216,8120f9dd7c030976fbf0f89efe5cba46493384d5,natverse_nat.nblast
217,81e3ec915d60d466c15c09b8f85146469ba76218,natverse_nat.nblast
218,821ae4e6ec7f8753c723b317aed0d61ca383ce6f,natverse_nat.nblast
219,82d87d3bc66f1ea5471caf00107e237a3a62604e,natverse_nat.nblast
220,82e78568da67760699525ba10068b19975e404f8,natverse_nat.nblast
221,82fd9eebde8dc0e4c5d42200f8841cf72a7a94ad,natverse_nat.nblast
222,84093cbd4e29e09c9c1f9951ddc36ffbd194a8e2,natverse_nat.nblast
223,8413c5d4c023286493b88586191e19ed1c73d262,natverse_nat.nblast
224,848aeb8a29490715971aaf693379b9c99daf5f56,natverse_nat.nblast
225,84f2869d524b9c121fe1eace4d1d4cd9da139cb6,natverse_nat.nblast
226,85b6eb33d5b781979a016db649c3897000aacb1f,natverse_nat.nblast
227,860ab557f7cddb78fdcf407a0addbd50fdb1f782,natverse_nat.nblast
228,865810ac9a19c89bbea2b1056a83e75959e69698,natverse_nat.nblast
229,866d218e01390733daaee37da7a5ed51d4dab43b,natverse_nat.nblast
230,87093bb28afd5a0053792b1c842d76630aadb1f2,natverse_nat.nblast
231,87860a80a4a342c1401fa0a615d46a7edd17990e,natverse_nat.nblast
232,889016110610f758e0a1466a3ff47db7bd91f0b4,natverse_nat.nblast
233,889bcbd0d4ba910a07aa5b1867bd3a1638b8f85b,natverse_nat.nblast
234,89228494abcf3d0b9cd9590187bfcf9d2812a942,natverse_nat.nblast
235,8a1922fecf45b5255ffef792fd116a4cfd034d01,natverse_nat.nblast
236,8adab4ac30d9193965f1476136df2407c7496d14,natverse_nat.nblast
237,8b12e662e20ff9bd651fa68b3d76ae80bf7fcda0,natverse_nat.nblast
238,8c03b201968726a506d64fa759a6239a6d0e5c54,natverse_nat.nblast
239,8d0022a7b6b869250b63226db8b52f961508145b,natverse_nat.nblast
240,8e6a67e3a0d4e2a5c14841f5f653ebd78ae695c3,natverse_nat.nblast
241,8e9697d67a7b8c431942b7a17ee9dee5348f8f57,natverse_nat.nblast
242,8f3978b65287d2637fabc9c82d3f5deef1527b9b,natverse_nat.nblast
243,91052b2dc76116c160cf6ea007a3c452fe509057,natverse_nat.nblast
244,917a6e88e8fc3df756510e59fd109865d8f984d1,natverse_nat.nblast
245,919291318dfd4272bafcdccdf8e1b5c36c4512ab,natverse_nat.nblast
246,91968fe7059b81d724c9f73d947cc7a6d3cc9d62,natverse_nat.nblast
247,92b90a3486e5875a97bc47e8bd689d9973f838d1,natverse_nat.nblast
248,930c301bed84fc72d203fea2b864d2e75d15faa6,natverse_nat.nblast
249,949ec8807f68123921129f5fe26a1a79b5907a70,natverse_nat.nblast
250,956224d2c220ddfff4db2cc4491ef6a85129e49a,natverse_nat.nblast
251,9608e2409bb8288a3b2f90fdb4d11218bab27b7c,natverse_nat.nblast
252,96996d5b1ef21e0063152c9a6e4effce5689e22e,natverse_nat.nblast
253,96d8111f66355f98159f0659cd3cba1df2af7452,natverse_nat.nblast
254,972f67dd709074360794d1bdc742ec1720a29d91,natverse_nat.nblast
255,9884c707e1f0c9534734a4b094ade262733d696b,natverse_nat.nblast
256,98a0fd5632cbbb8974b2d8bac2eb6dfc3450a106,natverse_nat.nblast
257,98b57ff31a103f4678ccba6db718ed6d8e819eab,natverse_nat.nblast
258,98b6c356d21b463ceb6a5ce419d6343e9dc0332d,natverse_nat.nblast
259,991c8bea0ad957ca0fb7962a5f9790e612c5a0c5,natverse_nat.nblast
260,99ca1c5fd7fca417cb6fbc186a78b4bf408aa617,natverse_nat.nblast
261,9b070612d3f2be57544703391b10bcae94928434,natverse_nat.nblast
262,9f0c45593bc7eb95a3a0dcd8e18eede0740e519a,natverse_nat.nblast
263,a0123ed0379eaebd17c4e378b8ccf9644302e34f,natverse_nat.nblast
264,a0d00d75edab49e76d4ec7ff6e4a2e100437f896,natverse_nat.nblast
265,a0fe82445420a4fc60e30aff3ede59a775c6158f,natverse_nat.nblast
266,a10d2f4b7a7175c3ee420140462f9415e1d1e966,natverse_nat.nblast
267,a15e7e820a614db2a57beb115aab6b66109dfd84,natverse_nat.nblast
268,a176333e469ae747952a528857dc141c7f2d5365,natverse_nat.nblast
269,a20d699701ac550c95ba6584a501cdd35281822c,natverse_nat.nblast
270,a43d85e362cfe881af533371ee3230d6538822ba,natverse_nat.nblast
271,a48c6871075faac4c1c1d8c480316e34785e4b2c,natverse_nat.nblast
272,a57632e6088f6f3778131ae45be6374c96cfbb4f,natverse_nat.nblast
273,a5c1cdd9c59de771c2f7defc28197d2ca4cb44b7,natverse_nat.nblast
274,a637352ceb7345c7a822f6fa3e3f612a81d814bf,natverse_nat.nblast
275,a7001981df3de0a18602a65c85b625c73b7946b9,natverse_nat.nblast
276,a83cafd92cede0680d93b028e0f18d17d406fa87,natverse_nat.nblast
277,a84b952635990602c27460b9c4da70fdcb2336cd,natverse_nat.nblast
278,a8c3ecdd0ba74a75562ec9e2d24b55d1ec2bda5f,natverse_nat.nblast
279,aab65b1241994fc5676d01b4ea411ac8e0314ce5,natverse_nat.nblast
280,abde8e1cb677be684fd4fa63455dd8d841cdcc9d,natverse_nat.nblast
281,ac3f53d416fa9a00ede6493bf18917ad136a525c,natverse_nat.nblast
282,ac420c39e85514984fd9caa958e5c45acadbd890,natverse_nat.nblast
283,ad308a00c1a21247dd4893dff81c8b44b9988d5e,natverse_nat.nblast
284,adbc353e9ed56f5ca33a962e5f406d07e6d095f0,natverse_nat.nblast
285,ae219b05d1b3e73501a036744d6728101f5ad9ae,natverse_nat.nblast
286,afe077f52eb27cafceece1528f74b5fb62bcdc77,natverse_nat.nblast
287,b082beaf38b3ebe0a004aedaeb4ea85cc6d069da,natverse_nat.nblast
288,b09245215714ca847681cb6cd125446f9f90b3b6,natverse_nat.nblast
289,b0939ec73e749558f3b911b557b92bb450bc358c,natverse_nat.nblast
290,b2302633a5e9845dd5905f1d461ec6c5f003a4ba,natverse_nat.nblast
291,b261f383c8ecad8a61addb28c3c266d38a79d1ae,natverse_nat.nblast
292,b3d2acf778b05ce086a363275c22ca8976ad758b,natverse_nat.nblast
293,b4e69265bd42f32938c6293d91c6e98d126ccf02,natverse_nat.nblast
294,b599bfc9bef5ed844ead89e9ee4e8025275faa05,natverse_nat.nblast
295,b6315dd069f61cf267e0d2af97276f15f731a504,natverse_nat.nblast
296,b7eee7b35b22eac326362e18a7a8ecd808fe1544,natverse_nat.nblast
297,b83df58548caa8cbeb6dfa8fa78adb61ab3dbd59,natverse_nat.nblast
298,b8c5667534d6228ec3527235af18c50b429bbbdb,natverse_nat.nblast
299,b90a1bb20be8c9266f2a7fe98d5ac5fcae350f68,natverse_nat.nblast
300,b932a2b89a5a9fd21cc15150a0d231f09d953bbd,natverse_nat.nblast
301,b9be0e51590c39c151309cabd00cdf250a5d6ff1,natverse_nat.nblast
302,bb2b54b9d8ba6a2ad31319ff06fea1386cbe4d17,natverse_nat.nblast
303,bd75b1469626bbefff5d84a0a4458c7406ef072a,natverse_nat.nblast
304,bdeab7acf53d41f9b0eb2b5748e78db7e68a96f8,natverse_nat.nblast
305,be850230b3d006f1c741d4987d063d22103dd3d8,natverse_nat.nblast
306,bf51056f61d75edc6adea47ec31f4aebee8d6939,natverse_nat.nblast
307,bfef118b5aef0e26311dc5655e56a291cdbf744b,natverse_nat.nblast
308,c0113a45f62630614d0f45cea8064449f28d03cb,natverse_nat.nblast
309,c0249f08cd868f19dd49d1fb55cc8e6798a3e3f9,natverse_nat.nblast
310,c053303a73cf30f2f4a50fcf02cd900016afc961,natverse_nat.nblast
311,c05d3045c90ffd12e9807a3487f7f86bd909009f,natverse_nat.nblast
312,c182a277b131778875c151e139c05ebf289aafe1,natverse_nat.nblast
313,c1d17c4b4218c6147c5a7a4a8c17ff379dc52d1f,natverse_nat.nblast
314,c240d1ebb95635b1522ee87b93cc16d91dddee71,natverse_nat.nblast
315,c2f9fac4d4ee0810173558c22d8c0cce0b76eff6,natverse_nat.nblast
316,c32599eade5069f1896bcd6afeb6eb54cd19953c,natverse_nat.nblast
317,c3a4fe9e1c379935e1adb82c2c91168e2a1f0642,natverse_nat.nblast
318,c3c0af87191e49127de56a1e9f077115c833b6f7,natverse_nat.nblast
319,c61455f98589e22e55d2295fc716b61847e89590,natverse_nat.nblast
320,c63eafa2bf782946a9cc311939db0ede09caef49,natverse_nat.nblast
321,c6903ec2eed927270d2e1f7ca50fd0ceaa95a312,natverse_nat.nblast
322,c6f63faa4dbb90fe3d91f15b5fd2de87cd8e60f1,natverse_nat.nblast
323,c758207a60e219cba1399baa065b2dc096210278,natverse_nat.nblast
324,c92c228656bdc7ef4fa98dde3bad01ac9456efc9,natverse_nat.nblast
325,c9de60d0bd560776318a69c0ecd752e97b043a31,natverse_nat.nblast
326,cae0fc1a33f65cdfdd6e44200b2ec8e3edebf189,natverse_nat.nblast
327,cb004b76fe0ecad4ed660e21ae30f5fc1e3f52ef,natverse_nat.nblast
328,cb4cf012ab14c5f2cd20f041a6ea269638a07ea9,natverse_nat.nblast
329,cb96f7afd2abebb1101e9c16fb86226c76a758ec,natverse_nat.nblast
330,cbcefc4d9ea3b93180fe404ebb5a49cd71253db1,natverse_nat.nblast
331,cc4dad3602764011802ce7002815a1fd9090c9dc,natverse_nat.nblast
332,cc907db5919bebaf6f19595e1352b5ae3cd52a18,natverse_nat.nblast
333,ccbeeb7bfe9c9406a1abe1eb3fba416e3a57be78,natverse_nat.nblast
334,ccf31e96b457c24086ce3164b585703f0df14fe7,natverse_nat.nblast
335,cd03e0c647be4afddc4676c98909ae17279528f4,natverse_nat.nblast
336,cd9065b5892aae5bfc7b538fd80502391492097b,natverse_nat.nblast
337,cdd7aaa05be4342d96db583e7b092cf33d64ad28,natverse_nat.nblast
338,ce3de3f0aeced422a49ac3c87db923ef4aead2c3,natverse_nat.nblast
339,ce6f701d1a134bf3962d57e4293c0da1543ed798,natverse_nat.nblast
340,cf0c123a59c13eb19f04425b7b1e7bd0303dae32,natverse_nat.nblast
341,cf5bf126a1c78bf5943bf48acfabec5e5bbfa1a9,natverse_nat.nblast
342,d06989e933e99e122996c63040533e1a7879e443,natverse_nat.nblast
343,d0b70f3ac0e642b920f11bed6d5afa8d8de93a97,natverse_nat.nblast
344,d378d83056d087dee559451ef1518e405ca66835,natverse_nat.nblast
345,d3be73e4f7acc19aa2a2c4cb5757d8f9ed2e360f,natverse_nat.nblast
346,d4625950736eb73ceb9851d579473429294daab4,natverse_nat.nblast
347,d4b20b95b62cf74d4be9390b6c41cee555382fb2,natverse_nat.nblast
348,d55c544684db93bb03fc7cd5d1ed3ba05f1a6936,natverse_nat.nblast
349,d610c7f13f4e72ba0fdb3e886a8fa79746d16b66,natverse_nat.nblast
350,d7b91a2d2893376ff724f0d5a6e0960c693608b4,natverse_nat.nblast
351,d87746e399fcfe062b4ab8d7560963aa794858c6,natverse_nat.nblast
352,d8ee216e9135361e6130435fe8e194cd21bde54d,natverse_nat.nblast
353,dad9f5add695a03cba94b66cb2ec7cb3fe40a86d,natverse_nat.nblast
354,db4e0576f20751626eb0a941e0971f3947d58362,natverse_nat.nblast
355,dbd801abde33fd773df123651b16d0d5f34ee519,natverse_nat.nblast
356,dcd40ddfc480e6da46d8fa21839f72ca06f1dea3,natverse_nat.nblast
357,de48023d92b6bf7cd40bd0adafd877c6dc856f99,natverse_nat.nblast
358,de60f501dffafc00245c7e3e527c94abbc09625d,natverse_nat.nblast
359,e098f8bf4e74018120bbe56da64f21a9c3c95aed,natverse_nat.nblast
360,e25a653985bd7320eb3aa6aa3de39179aa0e72d2,natverse_nat.nblast
361,e2afbaf6618745a3ffe0eaea161fd19e5ef9c8f6,natverse_nat.nblast
362,e329b8064b447f933c5e0f8ea8ed2ff2923c3143,natverse_nat.nblast
363,e40826295e74469ceff004863b2d73fddbdf5586,natverse_nat.nblast
364,e535dbec5062ca7473ecec0c37b3bb4e9b512a71,natverse_nat.nblast
365,e544a7eb909920e03c6851c39995373b526ced9b,natverse_nat.nblast
366,e55989dc1e2dd147416da6be7ed16abbda258f0c,natverse_nat.nblast
367,e5a8f4a27a1ad655f650e24305eb04732806f0e4,natverse_nat.nblast
368,e6100a4e543522f13818eed96df24cd844244da4,natverse_nat.nblast
369,e6929f9363e78e21bffb009abebcdadfcad8eac8,natverse_nat.nblast
370,e6c0b3da9966ea73fe68625a93b8c92d2efbb641,natverse_nat.nblast
371,e74f0c5e5347ddc8c1656b01c17bef12f584471f,natverse_nat.nblast
372,e76a26e35e7116f99a50e9e19c7d4d913b8c4211,natverse_nat.nblast
373,e7e7638cb9c49c25c5e045a0170e34cef78bb9cc,natverse_nat.nblast
374,e8d6724acef3ce2c746d170d0198f0cb3452ec76,natverse_nat.nblast
375,e96777bb57a89dd41035a5878f9f3dacd0154dd4,natverse_nat.nblast
376,e9fe58ec7d6da9964be3fe1b2cdbdfb10a3c23ee,natverse_nat.nblast
377,ea1013ea75a0287b70cf08b19d6b8b6747aafcde,natverse_nat.nblast
378,eafae88295063962ad68c59a99eaefcaa798364d,natverse_nat.nblast
379,ebc0019548057a99a7acae019c374a227524c9d5,natverse_nat.nblast
380,ec6597c472a7406bac9f66805b788a2cbc967b53,natverse_nat.nblast
381,ec9ead843e7c188ca3c643e526b6df736add88da,natverse_nat.nblast
382,ecabe8d4da25219bf27ebb66c6e9981654eee907,natverse_nat.nblast
383,eda560baa23ff71fbc13ad761425bfa0e9eb4aa8,natverse_nat.nblast
384,edaf678ec964292237b7d6d696026b4e379f2d9a,natverse_nat.nblast
385,edf1b40585a9b0c2553bfddff07aeb3bc4626298,natverse_nat.nblast
386,ee1602e6e68b3f681fd57e2203673cfc9a150c47,natverse_nat.nblast
387,eeb727c6a87cb318d247e94f98d6e8149f9fb675,natverse_nat.nblast
388,ef66116bf49eeade3b4c89a3a2e985f587be4422,natverse_nat.nblast
389,f00022b1a7fa3720f94943e4c2225f2c7e525c38,natverse_nat.nblast
390,f07fc42dcfa713c12e80762d7e942abd87ff8b7c,natverse_nat.nblast
391,f0e005e616ef826fb62e2eceba8d2c34aae706e2,natverse_nat.nblast
392,f1484f33479fb28cb840f35dfde2738a8d169baf,natverse_nat.nblast
393,f1aeb27592dd26f3800b9446655d49ff326258d5,natverse_nat.nblast
394,f2b2faa79cf14154cb12776d97d7805843ec48dd,natverse_nat.nblast
395,f2d1ec3f5c24e2be4905b605dde382175c96643e,natverse_nat.nblast
396,f32211886765edf26686be445a172a752d80dc60,natverse_nat.nblast
397,f3e030838b99b98b8a8e4956a8a13e75c247bbb7,natverse_nat.nblast
398,f3e150d60505220bddecf985da8338c37966d38e,natverse_nat.nblast
399,f4d9eb2d016ab731b65836343e408c0acc73267b,natverse_nat.nblast
400,f50c18fc516b6af640d13ef2b02dbc21bc10db25,natverse_nat.nblast
401,f54e2029b4a225defbe3647c83d38489faf7adfc,natverse_nat.nblast
402,f582c7d1eca42c09b3ebef8009dc7129809ea8ab,natverse_nat.nblast
403,f5a1a25a20c7954126b59107176d599173fa4aa2,natverse_nat.nblast
404,f5af7aeffcafd0d197e72126eed96204944cfefa,natverse_nat.nblast
405,f646c6e998241cd6fd97cd590cd931cf72388a94,natverse_nat.nblast
406,f68efd84f3ae4cfa03f864d9f51d4f1eedc36b4a,natverse_nat.nblast
407,f6cd0947ca9bd36dfdac711dc9e0318c06b58962,natverse_nat.nblast
408,f78e55f481b968245c70c5bad06e50aef5a0eb80,natverse_nat.nblast
409,f79b2fe3e8a52909fd7f81670b65e5518a5cb9b0,natverse_nat.nblast
410,f81251702afd969466aa52c121ef698dbbc3b083,natverse_nat.nblast
411,f853bbd7dc9df60724b5eabb36f16b8756a572ed,natverse_nat.nblast
412,f8a6b316265d476a6a93f9c12bd1c72dca776866,natverse_nat.nblast
413,f8fa02a076021ad12e03f84f9c97206ed39eb5f0,natverse_nat.nblast
414,f94e824c27e1e4ad2f40a3b809a2d39e79dc67b2,natverse_nat.nblast
415,f99685359fffe1f827b20872aa9f168c0d293f6f,natverse_nat.nblast
416,f9a28ee57f1d708f44b85b83f713cca836e5b8e4,natverse_nat.nblast
417,fbca8da2d77298c77210ee7d64d03b0c7f593d32,natverse_nat.nblast
418,fbd4504b08ce29fcdc22fd6642719e81ae5a2d6b,natverse_nat.nblast
419,fbec7b5867c1c080d108cf65a951971a54aefdee,natverse_nat.nblast
420,fcba90e557a328e522b78b80292bd8516434618e,natverse_nat.nblast
421,fcd60e491349d0f8669703e0182aca7edb90d2e7,natverse_nat.nblast
422,fdd7b5a349c6747f8530fe43f5f614ecaf916b2d,natverse_nat.nblast
423,fdde532afe2056716cf3a47d73423b333233c2fe,natverse_nat.nblast
424,ff8fc5533a3f493458c2502518c85939b4cadce1,natverse_nat.nblast
